<list>
  <template>
    <description></description>
    <jarDescription>Enables designers to input dataset level metadata</jarDescription>
    <jarDirectory>E-DatasetMetadata</jarDirectory>
    <jarName>E-DatasetMetadata-2.0.4.jar</jarName>
    <menuName>E-DatasetMetadata</menuName>
    <name>E-DatasetMetadata</name>
    <rawConf>&lt;object-stream&gt;
  &lt;MasterConfigObject&gt;
    &lt;configurations&gt;
      &lt;entry&gt;
        &lt;string&gt;dpu_config&lt;/string&gt;
        &lt;string&gt;&amp;lt;object-stream&amp;gt;
  &amp;lt;cz.opendata.unifiedviews.dpus.datasetMetadata.DatasetMetadataConfig__V1&amp;gt;
    &amp;lt;datasetURI&amp;gt;&amp;lt;/datasetURI&amp;gt;
    &amp;lt;distributionURI&amp;gt;&amp;lt;/distributionURI&amp;gt;
    &amp;lt;useDatasetURIfromInput&amp;gt;true&amp;lt;/useDatasetURIfromInput&amp;gt;
    &amp;lt;language__orig&amp;gt;&amp;lt;/language__orig&amp;gt;
    &amp;lt;title__cs&amp;gt;&amp;lt;/title__cs&amp;gt;
    &amp;lt;title__en&amp;gt;&amp;lt;/title__en&amp;gt;
    &amp;lt;desc__cs&amp;gt;&amp;lt;/desc__cs&amp;gt;
    &amp;lt;desc__en&amp;gt;&amp;lt;/desc__en&amp;gt;
    &amp;lt;authors class=&amp;quot;linked-list&amp;quot;/&amp;gt;
    &amp;lt;publisherURI&amp;gt;http://opendata.cz&amp;lt;/publisherURI&amp;gt;
    &amp;lt;publisherName&amp;gt;Opendata.cz&amp;lt;/publisherName&amp;gt;
    &amp;lt;license&amp;gt;&amp;lt;/license&amp;gt;
    &amp;lt;sources class=&amp;quot;linked-list&amp;quot;/&amp;gt;
    &amp;lt;languages class=&amp;quot;linked-list&amp;quot;/&amp;gt;
    &amp;lt;keywords__orig class=&amp;quot;linked-list&amp;quot;/&amp;gt;
    &amp;lt;keywords__en class=&amp;quot;linked-list&amp;quot;/&amp;gt;
    &amp;lt;themes class=&amp;quot;linked-list&amp;quot;/&amp;gt;
    &amp;lt;contactPoint&amp;gt;&amp;lt;/contactPoint&amp;gt;
    &amp;lt;contactPointName&amp;gt;&amp;lt;/contactPointName&amp;gt;
    &amp;lt;periodicity&amp;gt;&amp;lt;/periodicity&amp;gt;
    &amp;lt;useNow&amp;gt;true&amp;lt;/useNow&amp;gt;
    &amp;lt;useNowTemporalEnd&amp;gt;false&amp;lt;/useNowTemporalEnd&amp;gt;
    &amp;lt;useTemporal&amp;gt;true&amp;lt;/useTemporal&amp;gt;
    &amp;lt;modified&amp;gt;2015-10-01 13:05:01.796 UTC&amp;lt;/modified&amp;gt;
    &amp;lt;issued&amp;gt;2015-10-01 13:05:01.796 UTC&amp;lt;/issued&amp;gt;
    &amp;lt;identifier&amp;gt;&amp;lt;/identifier&amp;gt;
    &amp;lt;landingPage&amp;gt;&amp;lt;/landingPage&amp;gt;
    &amp;lt;temporalEnd&amp;gt;2015-10-01 13:05:01.796 UTC&amp;lt;/temporalEnd&amp;gt;
    &amp;lt;temporalStart&amp;gt;2015-10-01 13:05:01.796 UTC&amp;lt;/temporalStart&amp;gt;
    &amp;lt;spatial&amp;gt;&amp;lt;/spatial&amp;gt;
    &amp;lt;schema&amp;gt;&amp;lt;/schema&amp;gt;
  &amp;lt;/cz.opendata.unifiedviews.dpus.datasetMetadata.DatasetMetadataConfig__V1&amp;gt;
&amp;lt;/object-stream&amp;gt;&lt;/string&gt;
      &lt;/entry&gt;
    &lt;/configurations&gt;
  &lt;/MasterConfigObject&gt;
&lt;/object-stream&gt;</rawConf>
    <shareType>PUBLIC_RO</shareType>
    <type>EXTRACTOR</type>
    <useDPUDescription>false</useDPUDescription>
  </template>
  <template>
    <description></description>
    <jarDescription>This loader loads Dataset and Distributions metadata to CKAN according to the OpenData.cz methodology</jarDescription>
    <jarDirectory>L-CKANOdcz</jarDirectory>
    <jarName>L-CKANOdcz-3.3.0.jar</jarName>
    <menuName>L-CKANOdcz</menuName>
    <name>L-CKANOdcz</name>
    <rawConf>&lt;object-stream&gt;
  &lt;MasterConfigObject&gt;
    &lt;configurations&gt;
      &lt;entry&gt;
        &lt;string&gt;dpu_config&lt;/string&gt;
        &lt;string&gt;&amp;lt;object-stream&amp;gt;
  &amp;lt;cz.opendata.unifiedviews.dpus.ckan.CKANLoaderConfig__V3&amp;gt;
    &amp;lt;apiUri&amp;gt;http://ckan.opendata.cz/api/3/action&amp;lt;/apiUri&amp;gt;
    &amp;lt;apiKey&amp;gt;&amp;lt;/apiKey&amp;gt;
    &amp;lt;loadToCKAN&amp;gt;true&amp;lt;/loadToCKAN&amp;gt;
    &amp;lt;datasetID&amp;gt;&amp;lt;/datasetID&amp;gt;
    &amp;lt;filename&amp;gt;ckan-api.json&amp;lt;/filename&amp;gt;
    &amp;lt;orgID&amp;gt;d2664e4e-25ba-4dcc-a842-dcc5f2d2f326&amp;lt;/orgID&amp;gt;
    &amp;lt;loadLanguage&amp;gt;cs&amp;lt;/loadLanguage&amp;gt;
    &amp;lt;generateVirtuosoTurtleExampleResource&amp;gt;true&amp;lt;/generateVirtuosoTurtleExampleResource&amp;gt;
    &amp;lt;generateExampleResource&amp;gt;true&amp;lt;/generateExampleResource&amp;gt;
    &amp;lt;overwrite&amp;gt;false&amp;lt;/overwrite&amp;gt;
  &amp;lt;/cz.opendata.unifiedviews.dpus.ckan.CKANLoaderConfig__V3&amp;gt;
&amp;lt;/object-stream&amp;gt;&lt;/string&gt;
      &lt;/entry&gt;
    &lt;/configurations&gt;
  &lt;/MasterConfigObject&gt;
&lt;/object-stream&gt;</rawConf>
    <shareType>PUBLIC_RO</shareType>
    <type>LOADER</type>
    <useDPUDescription>false</useDPUDescription>
  </template>
  <template>
    <description></description>
    <jarDescription>Loads RDF data to Virtuoso using OpenRDF Repository API (VirtuosoRepository). (commit: a8348ecf00dcfa969efd917b9fd10dbe87f6a3ec, build timestamp: 2015-10-07 16:04)</jarDescription>
    <jarDirectory>uv-l-rdfToVirtuoso</jarDirectory>
    <jarName>uv-l-rdfToVirtuoso-1.0.3.jar</jarName>
    <menuName>uv-l-rdfToVirtuoso</menuName>
    <name>uv-l-rdfToVirtuoso</name>
    <rawConf>&lt;object-stream&gt;
  &lt;MasterConfigObject&gt;
    &lt;configurations&gt;
      &lt;entry&gt;
        &lt;string&gt;dpu_config&lt;/string&gt;
        &lt;string&gt;&amp;lt;object-stream&amp;gt;
  &amp;lt;eu.unifiedviews.plugins.loader.rdftovirtuoso.RdfToVirtuosoConfig__V1&amp;gt;
    &amp;lt;virtuosoUrl&amp;gt;jdbc:virtuoso://localhost:1111/charset=UTF-8/&amp;lt;/virtuosoUrl&amp;gt;
    &amp;lt;username&amp;gt;dba&amp;lt;/username&amp;gt;
    &amp;lt;password&amp;gt;dba&amp;lt;/password&amp;gt;
    &amp;lt;clearDestinationGraph&amp;gt;false&amp;lt;/clearDestinationGraph&amp;gt;
    &amp;lt;targetGraphName&amp;gt;&amp;lt;/targetGraphName&amp;gt;
    &amp;lt;threadCount&amp;gt;0&amp;lt;/threadCount&amp;gt;
    &amp;lt;skipOnError&amp;gt;false&amp;lt;/skipOnError&amp;gt;
    &amp;lt;commitSize&amp;gt;100000&amp;lt;/commitSize&amp;gt;
  &amp;lt;/eu.unifiedviews.plugins.loader.rdftovirtuoso.RdfToVirtuosoConfig__V1&amp;gt;
&amp;lt;/object-stream&amp;gt;&lt;/string&gt;
      &lt;/entry&gt;
    &lt;/configurations&gt;
  &lt;/MasterConfigObject&gt;
&lt;/object-stream&gt;</rawConf>
    <shareType>PUBLIC_RO</shareType>
    <type>LOADER</type>
    <useDPUDescription>false</useDPUDescription>
  </template>
  <template>
    <description></description>
    <jarDescription>Extracts RDF data from Files (any file format) and adds them to RDF.</jarDescription>
    <jarDirectory>uv-t-filesToRdf</jarDirectory>
    <jarName>uv-t-filesToRdf-1.6.1-SNAPSHOT.jar</jarName>
    <menuName>uv-t-filesToRdf</menuName>
    <name>uv-t-filesToRdf</name>
    <rawConf>&lt;object-stream&gt;
  &lt;MasterConfigObject&gt;
    &lt;configurations&gt;
      &lt;entry&gt;
        &lt;string&gt;dpu_config&lt;/string&gt;
        &lt;string&gt;&amp;lt;object-stream&amp;gt;
  &amp;lt;eu.unifiedviews.plugins.transformer.filestordft.FilesToRDFConfig__V1&amp;gt;
    &amp;lt;symbolicNameToBaseURIMap class=&amp;quot;linked-hash-map&amp;quot;/&amp;gt;
    &amp;lt;symbolicNameToFormatMap class=&amp;quot;linked-hash-map&amp;quot;/&amp;gt;
    &amp;lt;commitSize&amp;gt;100000&amp;lt;/commitSize&amp;gt;
    &amp;lt;fatalErrorHandling&amp;gt;STOP_EXTRACTION&amp;lt;/fatalErrorHandling&amp;gt;
    &amp;lt;errorHandling&amp;gt;SKIP_CONTINUE_THIS_FILE&amp;lt;/errorHandling&amp;gt;
    &amp;lt;warningHandling&amp;gt;SKIP_CONTINUE_THIS_FILE&amp;lt;/warningHandling&amp;gt;
    &amp;lt;outputNaming&amp;gt;USE_INPUT_GRAPH_NAME&amp;lt;/outputNaming&amp;gt;
  &amp;lt;/eu.unifiedviews.plugins.transformer.filestordft.FilesToRDFConfig__V1&amp;gt;
&amp;lt;/object-stream&amp;gt;&lt;/string&gt;
      &lt;/entry&gt;
    &lt;/configurations&gt;
  &lt;/MasterConfigObject&gt;
&lt;/object-stream&gt;</rawConf>
    <shareType>PUBLIC_RO</shareType>
    <type>TRANSFORMER</type>
    <useDPUDescription>false</useDPUDescription>
  </template>
  <template>
    <description></description>
    <jarDescription>Merge multiple input graphs into one new graph. (commit: a8348ecf00dcfa969efd917b9fd10dbe87f6a3ec, build timestamp: 2015-10-08 07:21)</jarDescription>
    <jarDirectory>uv-t-rdfGraphMerger</jarDirectory>
    <jarName>uv-t-rdfGraphMerger-1.0.1.jar</jarName>
    <menuName>uv-t-rdfGraphMerger</menuName>
    <name>uv-t-rdfGraphMerger</name>
    <rawConf>&lt;object-stream&gt;
  &lt;MasterConfigObject&gt;
    &lt;configurations&gt;
      &lt;entry&gt;
        &lt;string&gt;dpu_config&lt;/string&gt;
        &lt;string&gt;&amp;lt;object-stream&amp;gt;
  &amp;lt;eu.unifiedviews.plugins.transformer.rdfgraphmerger.RdfGraphMergerConfig__V1/&amp;gt;
&amp;lt;/object-stream&amp;gt;&lt;/string&gt;
      &lt;/entry&gt;
    &lt;/configurations&gt;
  &lt;/MasterConfigObject&gt;
&lt;/object-stream&gt;</rawConf>
    <shareType>PUBLIC_RO</shareType>
    <type>TRANSFORMER</type>
    <useDPUDescription>false</useDPUDescription>
  </template>
  <template>
    <description></description>
    <jarDescription>Uploads list of files. Replaces L-FilesToLocalFS and L-FilesToScp.</jarDescription>
    <jarDirectory>uv-l-filesUpload</jarDirectory>
    <jarName>uv-l-filesUpload-1.0.1-SNAPSHOT.jar</jarName>
    <menuName>uv-l-filesUpload</menuName>
    <name>uv-l-filesUpload</name>
    <rawConf>&lt;object-stream&gt;
  &lt;MasterConfigObject&gt;
    &lt;configurations&gt;
      &lt;entry&gt;
        &lt;string&gt;dpu_config&lt;/string&gt;
        &lt;string&gt;&amp;lt;object-stream&amp;gt;
  &amp;lt;eu.unifiedviews.plugins.loader.filesupload.FilesUploadConfig__V1&amp;gt;
    &amp;lt;uri&amp;gt;ftps://server:port/path/&amp;lt;/uri&amp;gt;
    &amp;lt;username&amp;gt;&amp;lt;/username&amp;gt;
    &amp;lt;password&amp;gt;&amp;lt;/password&amp;gt;
    &amp;lt;softFail&amp;gt;false&amp;lt;/softFail&amp;gt;
    &amp;lt;moveFiles&amp;gt;false&amp;lt;/moveFiles&amp;gt;
  &amp;lt;/eu.unifiedviews.plugins.loader.filesupload.FilesUploadConfig__V1&amp;gt;
&amp;lt;/object-stream&amp;gt;&lt;/string&gt;
      &lt;/entry&gt;
    &lt;/configurations&gt;
  &lt;/MasterConfigObject&gt;
&lt;/object-stream&gt;</rawConf>
    <shareType>PUBLIC_RO</shareType>
    <type>LOADER</type>
    <useDPUDescription>false</useDPUDescription>
  </template>
  <template>
    <description></description>
    <jarDescription>Transform RDF graphs into files.</jarDescription>
    <jarDirectory>uv-t-rdfToFiles</jarDirectory>
    <jarName>uv-t-rdfToFiles-2.2.0-SNAPSHOT.jar</jarName>
    <menuName>uv-t-rdfToFiles</menuName>
    <name>uv-t-rdfToFiles</name>
    <rawConf>&lt;object-stream&gt;
  &lt;MasterConfigObject&gt;
    &lt;configurations&gt;
      &lt;entry&gt;
        &lt;string&gt;dpu_config&lt;/string&gt;
        &lt;string&gt;&amp;lt;object-stream&amp;gt;
  &amp;lt;eu.unifiedviews.plugins.transformer.rdftofiles.RdfToFilesConfig__V2&amp;gt;
    &amp;lt;outFileName&amp;gt;output&amp;lt;/outFileName&amp;gt;
    &amp;lt;rdfFileFormat&amp;gt;Turtle&amp;lt;/rdfFileFormat&amp;gt;
    &amp;lt;genGraphFile&amp;gt;true&amp;lt;/genGraphFile&amp;gt;
    &amp;lt;outGraphName&amp;gt;http://localhost/resource/output&amp;lt;/outGraphName&amp;gt;
  &amp;lt;/eu.unifiedviews.plugins.transformer.rdftofiles.RdfToFilesConfig__V2&amp;gt;
&amp;lt;/object-stream&amp;gt;&lt;/string&gt;
      &lt;/entry&gt;
    &lt;/configurations&gt;
  &lt;/MasterConfigObject&gt;
&lt;/object-stream&gt;</rawConf>
    <shareType>PUBLIC_RO</shareType>
    <type>TRANSFORMER</type>
    <useDPUDescription>false</useDPUDescription>
  </template>
  <template>
    <description></description>
    <jarDescription>Downloads list of files. Replaces E-FilesFromLocal and E-HttpDownload. (commit: b270d946802c2ea7590a85103809b4a4af842281, build timestamp: 2016-01-14 12:34)</jarDescription>
    <jarDirectory>uv-e-filesDownload</jarDirectory>
    <jarName>uv-e-filesDownload-2.1.5.jar</jarName>
    <menuName>uv-e-filesDownload</menuName>
    <name>uv-e-filesDownload</name>
    <rawConf>&lt;object-stream&gt;
  &lt;MasterConfigObject&gt;
    &lt;configurations&gt;
      &lt;entry&gt;
        &lt;string&gt;dpu_config&lt;/string&gt;
        &lt;string&gt;&amp;lt;object-stream&amp;gt;
  &amp;lt;eu.unifiedviews.plugins.extractor.filesdownload.FilesDownloadConfig__V1&amp;gt;
    &amp;lt;vfsFiles class=&amp;quot;linked-list&amp;quot;/&amp;gt;
    &amp;lt;softFail&amp;gt;false&amp;lt;/softFail&amp;gt;
  &amp;lt;/eu.unifiedviews.plugins.extractor.filesdownload.FilesDownloadConfig__V1&amp;gt;
&amp;lt;/object-stream&amp;gt;&lt;/string&gt;
      &lt;/entry&gt;
    &lt;/configurations&gt;
  &lt;/MasterConfigObject&gt;
&lt;/object-stream&gt;</rawConf>
    <shareType>PUBLIC_RO</shareType>
    <type>EXTRACTOR</type>
    <useDPUDescription>false</useDPUDescription>
  </template>
  <template>
    <description></description>
    <jarDescription>Filter files. (commit: ad6a12b4e682b94a75d85b930847d4d8329236c2, build timestamp: 2015-12-09 09:58)</jarDescription>
    <jarDirectory>uv-t-filesFilter</jarDirectory>
    <jarName>uv-t-filesFilter-2.1.4-SNAPSHOT.jar</jarName>
    <menuName>uv-t-filesFilter</menuName>
    <name>uv-t-filesFilter</name>
    <rawConf>&lt;object-stream&gt;
  &lt;MasterConfigObject&gt;
    &lt;configurations&gt;
      &lt;entry&gt;
        &lt;string&gt;dpu_config&lt;/string&gt;
        &lt;string&gt;&amp;lt;object-stream&amp;gt;
  &amp;lt;eu.unifiedviews.plugins.transformer.filesfilter.FilesFilterConfig__V1&amp;gt;
    &amp;lt;predicate&amp;gt;FIXED_SYMBOLIC_NAME&amp;lt;/predicate&amp;gt;
    &amp;lt;object&amp;gt;.*&amp;lt;/object&amp;gt;
    &amp;lt;useRegExp&amp;gt;true&amp;lt;/useRegExp&amp;gt;
  &amp;lt;/eu.unifiedviews.plugins.transformer.filesfilter.FilesFilterConfig__V1&amp;gt;
&amp;lt;/object-stream&amp;gt;&lt;/string&gt;
      &lt;/entry&gt;
    &lt;/configurations&gt;
  &lt;/MasterConfigObject&gt;
&lt;/object-stream&gt;</rawConf>
    <shareType>PUBLIC_RO</shareType>
    <type>TRANSFORMER</type>
    <useDPUDescription>false</useDPUDescription>
  </template>
  <template>
    <description></description>
    <jarDescription>UnZip input file into files based on zip content.</jarDescription>
    <jarDirectory>uv-t-unzipper</jarDirectory>
    <jarName>uv-t-unzipper-2.1.2-SNAPSHOT.jar</jarName>
    <menuName>uv-t-unzipper</menuName>
    <name>uv-t-unzipper</name>
    <rawConf>&lt;object-stream&gt;
  &lt;MasterConfigObject&gt;
    &lt;configurations&gt;
      &lt;entry&gt;
        &lt;string&gt;dpu_config&lt;/string&gt;
        &lt;string&gt;&amp;lt;object-stream&amp;gt;
  &amp;lt;eu.unifiedviews.plugins.transformer.unzipper.UnZipperConfig__V1&amp;gt;
    &amp;lt;notPrefixed&amp;gt;false&amp;lt;/notPrefixed&amp;gt;
  &amp;lt;/eu.unifiedviews.plugins.transformer.unzipper.UnZipperConfig__V1&amp;gt;
&amp;lt;/object-stream&amp;gt;&lt;/string&gt;
      &lt;/entry&gt;
    &lt;/configurations&gt;
  &lt;/MasterConfigObject&gt;
&lt;/object-stream&gt;</rawConf>
    <shareType>PUBLIC_RO</shareType>
    <type>TRANSFORMER</type>
    <useDPUDescription>false</useDPUDescription>
  </template>
  <template>
    <description></description>
    <jarDescription>Enables designers to input distribution level metadata</jarDescription>
    <jarDirectory>E-DistributionMetadata</jarDirectory>
    <jarName>E-DistributionMetadata-2.2.1.jar</jarName>
    <menuName>E-DistributionMetadata</menuName>
    <name>E-DistributionMetadata</name>
    <rawConf>&lt;object-stream&gt;
  &lt;MasterConfigObject&gt;
    &lt;configurations&gt;
      &lt;entry&gt;
        &lt;string&gt;dpu_config&lt;/string&gt;
        &lt;string&gt;&amp;lt;object-stream&amp;gt;
  &amp;lt;cz.opendata.unifiedviews.dpus.distributionMetadata.DistributionMetadataConfig__V1&amp;gt;
    &amp;lt;datasetURI&amp;gt;&amp;lt;/datasetURI&amp;gt;
    &amp;lt;distributionURI&amp;gt;&amp;lt;/distributionURI&amp;gt;
    &amp;lt;useDatasetURIfromInput&amp;gt;true&amp;lt;/useDatasetURIfromInput&amp;gt;
    &amp;lt;language__orig&amp;gt;&amp;lt;/language__orig&amp;gt;
    &amp;lt;title__orig&amp;gt;&amp;lt;/title__orig&amp;gt;
    &amp;lt;title__en&amp;gt;&amp;lt;/title__en&amp;gt;
    &amp;lt;desc__orig&amp;gt;&amp;lt;/desc__orig&amp;gt;
    &amp;lt;desc__en&amp;gt;&amp;lt;/desc__en&amp;gt;
    &amp;lt;license&amp;gt;&amp;lt;/license&amp;gt;
    &amp;lt;sparqlEndpointUrl&amp;gt;&amp;lt;/sparqlEndpointUrl&amp;gt;
    &amp;lt;mediaType&amp;gt;&amp;lt;/mediaType&amp;gt;
    &amp;lt;downloadURL&amp;gt;&amp;lt;/downloadURL&amp;gt;
    &amp;lt;accessURL&amp;gt;&amp;lt;/accessURL&amp;gt;
    &amp;lt;exampleResources class=&amp;quot;linked-list&amp;quot;/&amp;gt;
    &amp;lt;useNow&amp;gt;true&amp;lt;/useNow&amp;gt;
    &amp;lt;modified&amp;gt;2015-10-01 13:05:01.575 UTC&amp;lt;/modified&amp;gt;
    &amp;lt;issued&amp;gt;2015-10-01 13:05:01.575 UTC&amp;lt;/issued&amp;gt;
    &amp;lt;titleFromDataset&amp;gt;true&amp;lt;/titleFromDataset&amp;gt;
    &amp;lt;generateDistroURIFromDataset&amp;gt;true&amp;lt;/generateDistroURIFromDataset&amp;gt;
    &amp;lt;originalLanguageFromDataset&amp;gt;true&amp;lt;/originalLanguageFromDataset&amp;gt;
    &amp;lt;issuedFromDataset&amp;gt;true&amp;lt;/issuedFromDataset&amp;gt;
    &amp;lt;descriptionFromDataset&amp;gt;true&amp;lt;/descriptionFromDataset&amp;gt;
    &amp;lt;licenseFromDataset&amp;gt;true&amp;lt;/licenseFromDataset&amp;gt;
    &amp;lt;schemaFromDataset&amp;gt;true&amp;lt;/schemaFromDataset&amp;gt;
    &amp;lt;useTemporal&amp;gt;true&amp;lt;/useTemporal&amp;gt;
    &amp;lt;useNowTemporalEnd&amp;gt;false&amp;lt;/useNowTemporalEnd&amp;gt;
    &amp;lt;temporalFromDataset&amp;gt;true&amp;lt;/temporalFromDataset&amp;gt;
    &amp;lt;temporalEnd&amp;gt;2015-10-01 13:05:01.575 UTC&amp;lt;/temporalEnd&amp;gt;
    &amp;lt;temporalStart&amp;gt;2015-10-01 13:05:01.575 UTC&amp;lt;/temporalStart&amp;gt;
    &amp;lt;schema&amp;gt;&amp;lt;/schema&amp;gt;
    &amp;lt;schemaType&amp;gt;&amp;lt;/schemaType&amp;gt;
  &amp;lt;/cz.opendata.unifiedviews.dpus.distributionMetadata.DistributionMetadataConfig__V1&amp;gt;
&amp;lt;/object-stream&amp;gt;&lt;/string&gt;
      &lt;/entry&gt;
    &lt;/configurations&gt;
  &lt;/MasterConfigObject&gt;
&lt;/object-stream&gt;</rawConf>
    <shareType>PUBLIC_RO</shareType>
    <type>EXTRACTOR</type>
    <useDPUDescription>false</useDPUDescription>
  </template>
  <template>
    <description></description>
    <jarDescription>Description of XSLT. (commit: a8348ecf00dcfa969efd917b9fd10dbe87f6a3ec, build timestamp: 2015-10-07 16:02)</jarDescription>
    <jarDirectory>t-xslt</jarDirectory>
    <jarName>uv-t-xslt-2.2.3.jar</jarName>
    <menuName>uv-t-xslt</menuName>
    <name>uv-t-xslt</name>
    <rawConf>&lt;object-stream&gt;
  &lt;MasterConfigObject&gt;
    &lt;configurations&gt;
      &lt;entry&gt;
        &lt;string&gt;dpu_config&lt;/string&gt;
        &lt;string&gt;&amp;lt;object-stream&amp;gt;
  &amp;lt;cz.cuni.mff.xrg.uv.transformer.xslt.XsltConfig__V2&amp;gt;
    &amp;lt;xsltTemplate&amp;gt;&amp;lt;/xsltTemplate&amp;gt;
    &amp;lt;xsltTemplateName&amp;gt;Empty&amp;lt;/xsltTemplateName&amp;gt;
    &amp;lt;failOnError&amp;gt;true&amp;lt;/failOnError&amp;gt;
    &amp;lt;outputFileExtension&amp;gt;&amp;lt;/outputFileExtension&amp;gt;
    &amp;lt;filesParameters class=&amp;quot;linked-list&amp;quot;/&amp;gt;
    &amp;lt;numberOfExtraThreads&amp;gt;0&amp;lt;/numberOfExtraThreads&amp;gt;
  &amp;lt;/cz.cuni.mff.xrg.uv.transformer.xslt.XsltConfig__V2&amp;gt;
&amp;lt;/object-stream&amp;gt;&lt;/string&gt;
      &lt;/entry&gt;
    &lt;/configurations&gt;
  &lt;/MasterConfigObject&gt;
&lt;/object-stream&gt;</rawConf>
    <shareType>PUBLIC_RO</shareType>
    <type>TRANSFORMER</type>
    <useDPUDescription>false</useDPUDescription>
  </template>
</list>