<cz.cuni.mff.xrg.odcs.commons.app.pipeline.Pipeline>
  <description>http://open-data.europa.eu/data/dataset/budget-of-the-european-union-2014</description>
  <graph>
    <edges>
      <cz.cuni.mff.xrg.odcs.commons.app.pipeline.graph.Edge>
        <from>
          <dpuInstance>
            <description></description>
            <menuName>uv-l-filesUpload</menuName>
            <name>uv-l-filesUpload</name>
            <rawConf>&lt;object-stream&gt;
  &lt;MasterConfigObject&gt;
    &lt;configurations&gt;
      &lt;entry&gt;
        &lt;string&gt;dpu_config&lt;/string&gt;
        &lt;string&gt;&amp;lt;object-stream&amp;gt;
  &amp;lt;eu.unifiedviews.plugins.loader.filesupload.FilesUploadConfig__V1&amp;gt;
    &amp;lt;uri&amp;gt;/data/dump&amp;lt;/uri&amp;gt;
    &amp;lt;username&amp;gt;&amp;lt;/username&amp;gt;
    &amp;lt;password&amp;gt;&amp;lt;/password&amp;gt;
    &amp;lt;softFail&amp;gt;false&amp;lt;/softFail&amp;gt;
    &amp;lt;moveFiles&amp;gt;false&amp;lt;/moveFiles&amp;gt;
  &amp;lt;/eu.unifiedviews.plugins.loader.filesupload.FilesUploadConfig__V1&amp;gt;
&amp;lt;/object-stream&amp;gt;&lt;/string&gt;
      &lt;/entry&gt;
      &lt;entry&gt;
        &lt;string&gt;addon/faultToleranceWrap&lt;/string&gt;
        &lt;string&gt;&amp;lt;object-stream&amp;gt;
  &amp;lt;eu.unifiedviews.helpers.dpu.extension.faulttolerance.FaultTolerance_-Configuration__V1&amp;gt;
    &amp;lt;enabled&amp;gt;true&amp;lt;/enabled&amp;gt;
    &amp;lt;exceptionNames class=&amp;quot;linked-list&amp;quot;/&amp;gt;
    &amp;lt;maxRetryCount&amp;gt;-1&amp;lt;/maxRetryCount&amp;gt;
  &amp;lt;/eu.unifiedviews.helpers.dpu.extension.faulttolerance.FaultTolerance_-Configuration__V1&amp;gt;
&amp;lt;/object-stream&amp;gt;&lt;/string&gt;
      &lt;/entry&gt;
    &lt;/configurations&gt;
  &lt;/MasterConfigObject&gt;
&lt;/object-stream&gt;</rawConf>
            <template>
              <description></description>
              <jarName>uv-l-filesUpload-1.0.1-SNAPSHOT.jar</jarName>
              <menuName>uv-l-filesUpload</menuName>
              <name>uv-l-filesUpload</name>
              <rawConf>&lt;object-stream&gt;
  &lt;MasterConfigObject&gt;
    &lt;configurations&gt;
      &lt;entry&gt;
        &lt;string&gt;dpu_config&lt;/string&gt;
        &lt;string&gt;&amp;lt;object-stream&amp;gt;
  &amp;lt;eu.unifiedviews.plugins.loader.filesupload.FilesUploadConfig__V1&amp;gt;
    &amp;lt;uri&amp;gt;ftps://server:port/path/&amp;lt;/uri&amp;gt;
    &amp;lt;username&amp;gt;&amp;lt;/username&amp;gt;
    &amp;lt;password&amp;gt;&amp;lt;/password&amp;gt;
    &amp;lt;softFail&amp;gt;false&amp;lt;/softFail&amp;gt;
    &amp;lt;moveFiles&amp;gt;false&amp;lt;/moveFiles&amp;gt;
  &amp;lt;/eu.unifiedviews.plugins.loader.filesupload.FilesUploadConfig__V1&amp;gt;
&amp;lt;/object-stream&amp;gt;&lt;/string&gt;
      &lt;/entry&gt;
    &lt;/configurations&gt;
  &lt;/MasterConfigObject&gt;
&lt;/object-stream&gt;</rawConf>
              <useDPUDescription>false</useDPUDescription>
            </template>
            <useDPUDescription>false</useDPUDescription>
            <useTemplateConfig>false</useTemplateConfig>
          </dpuInstance>
          <graph reference="../../../.."/>
          <position>
            <x>535</x>
            <y>355</y>
          </position>
        </from>
        <graph reference="../../.."/>
        <script>run_after</script>
        <to>
          <dpuInstance>
            <description></description>
            <menuName>uv-t-rdfGraphMerger</menuName>
            <name>uv-t-rdfGraphMerger</name>
            <rawConf>&lt;object-stream&gt;
  &lt;MasterConfigObject&gt;
    &lt;configurations&gt;
      &lt;entry&gt;
        &lt;string&gt;dpu_config&lt;/string&gt;
        &lt;string&gt;&amp;lt;object-stream&amp;gt;
  &amp;lt;eu.unifiedviews.plugins.transformer.rdfgraphmerger.RdfGraphMergerConfig__V1/&amp;gt;
&amp;lt;/object-stream&amp;gt;&lt;/string&gt;
      &lt;/entry&gt;
    &lt;/configurations&gt;
  &lt;/MasterConfigObject&gt;
&lt;/object-stream&gt;</rawConf>
            <template>
              <description></description>
              <jarName>uv-t-rdfGraphMerger-1.0.1.jar</jarName>
              <menuName>uv-t-rdfGraphMerger</menuName>
              <name>uv-t-rdfGraphMerger</name>
              <rawConf>&lt;object-stream&gt;
  &lt;MasterConfigObject&gt;
    &lt;configurations&gt;
      &lt;entry&gt;
        &lt;string&gt;dpu_config&lt;/string&gt;
        &lt;string&gt;&amp;lt;object-stream&amp;gt;
  &amp;lt;eu.unifiedviews.plugins.transformer.rdfgraphmerger.RdfGraphMergerConfig__V1/&amp;gt;
&amp;lt;/object-stream&amp;gt;&lt;/string&gt;
      &lt;/entry&gt;
    &lt;/configurations&gt;
  &lt;/MasterConfigObject&gt;
&lt;/object-stream&gt;</rawConf>
              <useDPUDescription>false</useDPUDescription>
            </template>
            <useDPUDescription>false</useDPUDescription>
            <useTemplateConfig>false</useTemplateConfig>
          </dpuInstance>
          <graph reference="../../../.."/>
          <position>
            <x>538</x>
            <y>432</y>
          </position>
        </to>
      </cz.cuni.mff.xrg.odcs.commons.app.pipeline.graph.Edge>
      <cz.cuni.mff.xrg.odcs.commons.app.pipeline.graph.Edge>
        <from>
          <dpuInstance>
            <description></description>
            <menuName>uv-e-filesDownload</menuName>
            <name>uv-e-filesDownload</name>
            <rawConf>&lt;object-stream&gt;
  &lt;MasterConfigObject&gt;
    &lt;configurations&gt;
      &lt;entry&gt;
        &lt;string&gt;dpu_config&lt;/string&gt;
        &lt;string&gt;&amp;lt;object-stream&amp;gt;
  &amp;lt;eu.unifiedviews.plugins.extractor.filesdownload.FilesDownloadConfig__V1&amp;gt;
    &amp;lt;vfsFiles&amp;gt;
      &amp;lt;eu.unifiedviews.plugins.extractor.filesdownload.VfsFile&amp;gt;
        &amp;lt;uri&amp;gt;http://eur-lex.europa.eu/budget/data/General/2014/en/Final-budget-2014-EN.zip&amp;lt;/uri&amp;gt;
        &amp;lt;username&amp;gt;&amp;lt;/username&amp;gt;
        &amp;lt;password&amp;gt;&amp;lt;/password&amp;gt;
        &amp;lt;fileName&amp;gt;&amp;lt;/fileName&amp;gt;
      &amp;lt;/eu.unifiedviews.plugins.extractor.filesdownload.VfsFile&amp;gt;
    &amp;lt;/vfsFiles&amp;gt;
    &amp;lt;softFail&amp;gt;false&amp;lt;/softFail&amp;gt;
  &amp;lt;/eu.unifiedviews.plugins.extractor.filesdownload.FilesDownloadConfig__V1&amp;gt;
&amp;lt;/object-stream&amp;gt;&lt;/string&gt;
      &lt;/entry&gt;
      &lt;entry&gt;
        &lt;string&gt;addon/faultToleranceWrap&lt;/string&gt;
        &lt;string&gt;&amp;lt;object-stream&amp;gt;
  &amp;lt;eu.unifiedviews.helpers.dpu.extension.faulttolerance.FaultTolerance_-Configuration__V1&amp;gt;
    &amp;lt;enabled&amp;gt;true&amp;lt;/enabled&amp;gt;
    &amp;lt;exceptionNames class=&amp;quot;linked-list&amp;quot;/&amp;gt;
    &amp;lt;maxRetryCount&amp;gt;-1&amp;lt;/maxRetryCount&amp;gt;
  &amp;lt;/eu.unifiedviews.helpers.dpu.extension.faulttolerance.FaultTolerance_-Configuration__V1&amp;gt;
&amp;lt;/object-stream&amp;gt;&lt;/string&gt;
      &lt;/entry&gt;
    &lt;/configurations&gt;
  &lt;/MasterConfigObject&gt;
&lt;/object-stream&gt;</rawConf>
            <template>
              <description></description>
              <jarName>uv-e-filesDownload-2.1.5.jar</jarName>
              <menuName>uv-e-filesDownload</menuName>
              <name>uv-e-filesDownload</name>
              <rawConf>&lt;object-stream&gt;
  &lt;MasterConfigObject&gt;
    &lt;configurations&gt;
      &lt;entry&gt;
        &lt;string&gt;dpu_config&lt;/string&gt;
        &lt;string&gt;&amp;lt;object-stream&amp;gt;
  &amp;lt;eu.unifiedviews.plugins.extractor.filesdownload.FilesDownloadConfig__V1&amp;gt;
    &amp;lt;vfsFiles class=&amp;quot;linked-list&amp;quot;/&amp;gt;
    &amp;lt;softFail&amp;gt;false&amp;lt;/softFail&amp;gt;
  &amp;lt;/eu.unifiedviews.plugins.extractor.filesdownload.FilesDownloadConfig__V1&amp;gt;
&amp;lt;/object-stream&amp;gt;&lt;/string&gt;
      &lt;/entry&gt;
    &lt;/configurations&gt;
  &lt;/MasterConfigObject&gt;
&lt;/object-stream&gt;</rawConf>
              <useDPUDescription>false</useDPUDescription>
            </template>
            <useDPUDescription>false</useDPUDescription>
            <useTemplateConfig>false</useTemplateConfig>
          </dpuInstance>
          <graph reference="../../../.."/>
          <position>
            <x>197</x>
            <y>39</y>
          </position>
        </from>
        <graph reference="../../.."/>
        <script>output -&gt; input;</script>
        <to>
          <dpuInstance>
            <description></description>
            <menuName>uv-t-unzipper</menuName>
            <name>uv-t-unzipper</name>
            <rawConf>&lt;object-stream&gt;
  &lt;MasterConfigObject&gt;
    &lt;configurations&gt;
      &lt;entry&gt;
        &lt;string&gt;dpu_config&lt;/string&gt;
        &lt;string&gt;&amp;lt;object-stream&amp;gt;
  &amp;lt;eu.unifiedviews.plugins.transformer.unzipper.UnZipperConfig__V1&amp;gt;
    &amp;lt;notPrefixed&amp;gt;false&amp;lt;/notPrefixed&amp;gt;
  &amp;lt;/eu.unifiedviews.plugins.transformer.unzipper.UnZipperConfig__V1&amp;gt;
&amp;lt;/object-stream&amp;gt;&lt;/string&gt;
      &lt;/entry&gt;
    &lt;/configurations&gt;
  &lt;/MasterConfigObject&gt;
&lt;/object-stream&gt;</rawConf>
            <template>
              <description></description>
              <jarName>uv-t-unzipper-2.1.2-SNAPSHOT.jar</jarName>
              <menuName>uv-t-unzipper</menuName>
              <name>uv-t-unzipper</name>
              <rawConf>&lt;object-stream&gt;
  &lt;MasterConfigObject&gt;
    &lt;configurations&gt;
      &lt;entry&gt;
        &lt;string&gt;dpu_config&lt;/string&gt;
        &lt;string&gt;&amp;lt;object-stream&amp;gt;
  &amp;lt;eu.unifiedviews.plugins.transformer.unzipper.UnZipperConfig__V1&amp;gt;
    &amp;lt;notPrefixed&amp;gt;false&amp;lt;/notPrefixed&amp;gt;
  &amp;lt;/eu.unifiedviews.plugins.transformer.unzipper.UnZipperConfig__V1&amp;gt;
&amp;lt;/object-stream&amp;gt;&lt;/string&gt;
      &lt;/entry&gt;
    &lt;/configurations&gt;
  &lt;/MasterConfigObject&gt;
&lt;/object-stream&gt;</rawConf>
              <useDPUDescription>false</useDPUDescription>
            </template>
            <useDPUDescription>false</useDPUDescription>
            <useTemplateConfig>false</useTemplateConfig>
          </dpuInstance>
          <graph reference="../../../.."/>
          <position>
            <x>365</x>
            <y>37</y>
          </position>
        </to>
      </cz.cuni.mff.xrg.odcs.commons.app.pipeline.graph.Edge>
      <cz.cuni.mff.xrg.odcs.commons.app.pipeline.graph.Edge>
        <from reference="../../cz.cuni.mff.xrg.odcs.commons.app.pipeline.graph.Edge[2]/to"/>
        <graph reference="../../.."/>
        <script>output -&gt; input;</script>
        <to>
          <dpuInstance>
            <description>Filter budget data</description>
            <menuName>uv-t-filesFilter</menuName>
            <name>uv-t-filesFilter</name>
            <rawConf>&lt;object-stream&gt;
  &lt;MasterConfigObject&gt;
    &lt;configurations&gt;
      &lt;entry&gt;
        &lt;string&gt;dpu_config&lt;/string&gt;
        &lt;string&gt;&amp;lt;object-stream&amp;gt;
  &amp;lt;eu.unifiedviews.plugins.transformer.filesfilter.FilesFilterConfig__V1&amp;gt;
    &amp;lt;predicate&amp;gt;FIXED_SYMBOLIC_NAME&amp;lt;/predicate&amp;gt;
    &amp;lt;object&amp;gt;^.*c!SEC.*\\.xml$&amp;lt;/object&amp;gt;
    &amp;lt;useRegExp&amp;gt;true&amp;lt;/useRegExp&amp;gt;
  &amp;lt;/eu.unifiedviews.plugins.transformer.filesfilter.FilesFilterConfig__V1&amp;gt;
&amp;lt;/object-stream&amp;gt;&lt;/string&gt;
      &lt;/entry&gt;
      &lt;entry&gt;
        &lt;string&gt;addon/faultToleranceWrap&lt;/string&gt;
        &lt;string&gt;&amp;lt;object-stream&amp;gt;
  &amp;lt;eu.unifiedviews.helpers.dpu.extension.faulttolerance.FaultTolerance_-Configuration__V1&amp;gt;
    &amp;lt;enabled&amp;gt;false&amp;lt;/enabled&amp;gt;
    &amp;lt;exceptionNames class=&amp;quot;linked-list&amp;quot;/&amp;gt;
    &amp;lt;maxRetryCount&amp;gt;-1&amp;lt;/maxRetryCount&amp;gt;
  &amp;lt;/eu.unifiedviews.helpers.dpu.extension.faulttolerance.FaultTolerance_-Configuration__V1&amp;gt;
&amp;lt;/object-stream&amp;gt;&lt;/string&gt;
      &lt;/entry&gt;
    &lt;/configurations&gt;
  &lt;/MasterConfigObject&gt;
&lt;/object-stream&gt;</rawConf>
            <template>
              <description></description>
              <jarName>uv-t-filesFilter-2.1.4-SNAPSHOT.jar</jarName>
              <menuName>uv-t-filesFilter</menuName>
              <name>uv-t-filesFilter</name>
              <rawConf>&lt;object-stream&gt;
  &lt;MasterConfigObject&gt;
    &lt;configurations&gt;
      &lt;entry&gt;
        &lt;string&gt;dpu_config&lt;/string&gt;
        &lt;string&gt;&amp;lt;object-stream&amp;gt;
  &amp;lt;eu.unifiedviews.plugins.transformer.filesfilter.FilesFilterConfig__V1&amp;gt;
    &amp;lt;predicate&amp;gt;FIXED_SYMBOLIC_NAME&amp;lt;/predicate&amp;gt;
    &amp;lt;object&amp;gt;.*&amp;lt;/object&amp;gt;
    &amp;lt;useRegExp&amp;gt;true&amp;lt;/useRegExp&amp;gt;
  &amp;lt;/eu.unifiedviews.plugins.transformer.filesfilter.FilesFilterConfig__V1&amp;gt;
&amp;lt;/object-stream&amp;gt;&lt;/string&gt;
      &lt;/entry&gt;
    &lt;/configurations&gt;
  &lt;/MasterConfigObject&gt;
&lt;/object-stream&gt;</rawConf>
              <useDPUDescription>false</useDPUDescription>
            </template>
            <useDPUDescription>false</useDPUDescription>
            <useTemplateConfig>false</useTemplateConfig>
          </dpuInstance>
          <graph reference="../../../.."/>
          <position>
            <x>532</x>
            <y>35</y>
          </position>
        </to>
      </cz.cuni.mff.xrg.odcs.commons.app.pipeline.graph.Edge>
      <cz.cuni.mff.xrg.odcs.commons.app.pipeline.graph.Edge>
        <from>
          <dpuInstance>
            <description></description>
            <menuName>E-DatasetMetadata</menuName>
            <name>E-DatasetMetadata</name>
            <rawConf>&lt;object-stream&gt;
  &lt;MasterConfigObject&gt;
    &lt;configurations&gt;
      &lt;entry&gt;
        &lt;string&gt;dpu_config&lt;/string&gt;
        &lt;string&gt;&amp;lt;object-stream&amp;gt;
  &amp;lt;cz.opendata.unifiedviews.dpus.datasetMetadata.DatasetMetadataConfig__V1&amp;gt;
    &amp;lt;datasetURI&amp;gt;http://data.openbudgets.eu/resource/dataset/budget-of-the-european-union-2014&amp;lt;/datasetURI&amp;gt;
    &amp;lt;distributionURI&amp;gt;&amp;lt;/distributionURI&amp;gt;
    &amp;lt;useDatasetURIfromInput&amp;gt;true&amp;lt;/useDatasetURIfromInput&amp;gt;
    &amp;lt;language__orig&amp;gt;en&amp;lt;/language__orig&amp;gt;
    &amp;lt;title__cs&amp;gt;EU budget 2014&amp;lt;/title__cs&amp;gt;
    &amp;lt;title__en&amp;gt;&amp;lt;/title__en&amp;gt;
    &amp;lt;desc__cs&amp;gt;&amp;lt;/desc__cs&amp;gt;
    &amp;lt;desc__en&amp;gt;&amp;lt;/desc__en&amp;gt;
    &amp;lt;authors class=&amp;quot;java.util.Collections$UnmodifiableSet&amp;quot;&amp;gt;
      &amp;lt;c class=&amp;quot;linked-hash-set&amp;quot;/&amp;gt;
    &amp;lt;/authors&amp;gt;
    &amp;lt;publisherURI&amp;gt;https://openbudgets.eu&amp;lt;/publisherURI&amp;gt;
    &amp;lt;publisherName&amp;gt;OpenBudgets.eu&amp;lt;/publisherName&amp;gt;
    &amp;lt;license&amp;gt;http://ec.europa.eu/geninfo/legal_notices_en.htm&amp;lt;/license&amp;gt;
    &amp;lt;sources class=&amp;quot;java.util.Collections$UnmodifiableSet&amp;quot;&amp;gt;
      &amp;lt;c class=&amp;quot;linked-hash-set&amp;quot;&amp;gt;
        &amp;lt;string&amp;gt;http://open-data.europa.eu/data/dataset/budget-of-the-european-union-2014&amp;lt;/string&amp;gt;
      &amp;lt;/c&amp;gt;
    &amp;lt;/sources&amp;gt;
    &amp;lt;languages class=&amp;quot;java.util.Collections$UnmodifiableSet&amp;quot;&amp;gt;
      &amp;lt;c class=&amp;quot;linked-hash-set&amp;quot;&amp;gt;
        &amp;lt;string&amp;gt;http://id.loc.gov/vocabulary/iso639-1/en&amp;lt;/string&amp;gt;
      &amp;lt;/c&amp;gt;
    &amp;lt;/languages&amp;gt;
    &amp;lt;keywords__orig class=&amp;quot;java.util.Collections$UnmodifiableSet&amp;quot;&amp;gt;
      &amp;lt;c class=&amp;quot;linked-hash-set&amp;quot;&amp;gt;
        &amp;lt;string&amp;gt;eu&amp;lt;/string&amp;gt;
        &amp;lt;string&amp;gt;budget&amp;lt;/string&amp;gt;
      &amp;lt;/c&amp;gt;
    &amp;lt;/keywords__orig&amp;gt;
    &amp;lt;keywords__en class=&amp;quot;java.util.Collections$UnmodifiableSet&amp;quot;&amp;gt;
      &amp;lt;c class=&amp;quot;linked-hash-set&amp;quot;/&amp;gt;
    &amp;lt;/keywords__en&amp;gt;
    &amp;lt;themes class=&amp;quot;java.util.Collections$UnmodifiableSet&amp;quot;&amp;gt;
      &amp;lt;c class=&amp;quot;linked-hash-set&amp;quot;/&amp;gt;
    &amp;lt;/themes&amp;gt;
    &amp;lt;contactPoint&amp;gt;&amp;lt;/contactPoint&amp;gt;
    &amp;lt;contactPointName&amp;gt;&amp;lt;/contactPointName&amp;gt;
    &amp;lt;periodicity&amp;gt;&amp;lt;/periodicity&amp;gt;
    &amp;lt;useNow&amp;gt;true&amp;lt;/useNow&amp;gt;
    &amp;lt;useNowTemporalEnd&amp;gt;false&amp;lt;/useNowTemporalEnd&amp;gt;
    &amp;lt;useTemporal&amp;gt;true&amp;lt;/useTemporal&amp;gt;
    &amp;lt;modified&amp;gt;2015-10-01 13:05:01.796 UTC&amp;lt;/modified&amp;gt;
    &amp;lt;issued&amp;gt;2014-01-01 14:05:01.796 UTC&amp;lt;/issued&amp;gt;
    &amp;lt;identifier&amp;gt;EU_BUDGET_2014&amp;lt;/identifier&amp;gt;
    &amp;lt;landingPage&amp;gt;&amp;lt;/landingPage&amp;gt;
    &amp;lt;temporalEnd&amp;gt;2014-12-31 14:05:01.796 UTC&amp;lt;/temporalEnd&amp;gt;
    &amp;lt;temporalStart&amp;gt;2014-01-01 14:05:01.796 UTC&amp;lt;/temporalStart&amp;gt;
    &amp;lt;spatial&amp;gt;&amp;lt;/spatial&amp;gt;
    &amp;lt;schema&amp;gt;&amp;lt;/schema&amp;gt;
  &amp;lt;/cz.opendata.unifiedviews.dpus.datasetMetadata.DatasetMetadataConfig__V1&amp;gt;
&amp;lt;/object-stream&amp;gt;&lt;/string&gt;
      &lt;/entry&gt;
      &lt;entry&gt;
        &lt;string&gt;addon/faultToleranceWrap&lt;/string&gt;
        &lt;string&gt;&amp;lt;object-stream&amp;gt;
  &amp;lt;eu.unifiedviews.helpers.dpu.extension.faulttolerance.FaultTolerance_-Configuration__V1&amp;gt;
    &amp;lt;enabled&amp;gt;true&amp;lt;/enabled&amp;gt;
    &amp;lt;exceptionNames class=&amp;quot;linked-list&amp;quot;/&amp;gt;
    &amp;lt;maxRetryCount&amp;gt;-1&amp;lt;/maxRetryCount&amp;gt;
  &amp;lt;/eu.unifiedviews.helpers.dpu.extension.faulttolerance.FaultTolerance_-Configuration__V1&amp;gt;
&amp;lt;/object-stream&amp;gt;&lt;/string&gt;
      &lt;/entry&gt;
    &lt;/configurations&gt;
  &lt;/MasterConfigObject&gt;
&lt;/object-stream&gt;</rawConf>
            <template>
              <description></description>
              <jarName>E-DatasetMetadata-2.0.4.jar</jarName>
              <menuName>E-DatasetMetadata</menuName>
              <name>E-DatasetMetadata</name>
              <rawConf>&lt;object-stream&gt;
  &lt;MasterConfigObject&gt;
    &lt;configurations&gt;
      &lt;entry&gt;
        &lt;string&gt;dpu_config&lt;/string&gt;
        &lt;string&gt;&amp;lt;object-stream&amp;gt;
  &amp;lt;cz.opendata.unifiedviews.dpus.datasetMetadata.DatasetMetadataConfig__V1&amp;gt;
    &amp;lt;datasetURI&amp;gt;&amp;lt;/datasetURI&amp;gt;
    &amp;lt;distributionURI&amp;gt;&amp;lt;/distributionURI&amp;gt;
    &amp;lt;useDatasetURIfromInput&amp;gt;true&amp;lt;/useDatasetURIfromInput&amp;gt;
    &amp;lt;language__orig&amp;gt;&amp;lt;/language__orig&amp;gt;
    &amp;lt;title__cs&amp;gt;&amp;lt;/title__cs&amp;gt;
    &amp;lt;title__en&amp;gt;&amp;lt;/title__en&amp;gt;
    &amp;lt;desc__cs&amp;gt;&amp;lt;/desc__cs&amp;gt;
    &amp;lt;desc__en&amp;gt;&amp;lt;/desc__en&amp;gt;
    &amp;lt;authors class=&amp;quot;linked-list&amp;quot;/&amp;gt;
    &amp;lt;publisherURI&amp;gt;http://opendata.cz&amp;lt;/publisherURI&amp;gt;
    &amp;lt;publisherName&amp;gt;Opendata.cz&amp;lt;/publisherName&amp;gt;
    &amp;lt;license&amp;gt;&amp;lt;/license&amp;gt;
    &amp;lt;sources class=&amp;quot;linked-list&amp;quot;/&amp;gt;
    &amp;lt;languages class=&amp;quot;linked-list&amp;quot;/&amp;gt;
    &amp;lt;keywords__orig class=&amp;quot;linked-list&amp;quot;/&amp;gt;
    &amp;lt;keywords__en class=&amp;quot;linked-list&amp;quot;/&amp;gt;
    &amp;lt;themes class=&amp;quot;linked-list&amp;quot;/&amp;gt;
    &amp;lt;contactPoint&amp;gt;&amp;lt;/contactPoint&amp;gt;
    &amp;lt;contactPointName&amp;gt;&amp;lt;/contactPointName&amp;gt;
    &amp;lt;periodicity&amp;gt;&amp;lt;/periodicity&amp;gt;
    &amp;lt;useNow&amp;gt;true&amp;lt;/useNow&amp;gt;
    &amp;lt;useNowTemporalEnd&amp;gt;false&amp;lt;/useNowTemporalEnd&amp;gt;
    &amp;lt;useTemporal&amp;gt;true&amp;lt;/useTemporal&amp;gt;
    &amp;lt;modified&amp;gt;2015-10-01 13:05:01.796 UTC&amp;lt;/modified&amp;gt;
    &amp;lt;issued&amp;gt;2015-10-01 13:05:01.796 UTC&amp;lt;/issued&amp;gt;
    &amp;lt;identifier&amp;gt;&amp;lt;/identifier&amp;gt;
    &amp;lt;landingPage&amp;gt;&amp;lt;/landingPage&amp;gt;
    &amp;lt;temporalEnd&amp;gt;2015-10-01 13:05:01.796 UTC&amp;lt;/temporalEnd&amp;gt;
    &amp;lt;temporalStart&amp;gt;2015-10-01 13:05:01.796 UTC&amp;lt;/temporalStart&amp;gt;
    &amp;lt;spatial&amp;gt;&amp;lt;/spatial&amp;gt;
    &amp;lt;schema&amp;gt;&amp;lt;/schema&amp;gt;
  &amp;lt;/cz.opendata.unifiedviews.dpus.datasetMetadata.DatasetMetadataConfig__V1&amp;gt;
&amp;lt;/object-stream&amp;gt;&lt;/string&gt;
      &lt;/entry&gt;
    &lt;/configurations&gt;
  &lt;/MasterConfigObject&gt;
&lt;/object-stream&gt;</rawConf>
              <useDPUDescription>false</useDPUDescription>
            </template>
            <useDPUDescription>false</useDPUDescription>
            <useTemplateConfig>false</useTemplateConfig>
          </dpuInstance>
          <graph reference="../../../.."/>
          <position>
            <x>369</x>
            <y>355</y>
          </position>
        </from>
        <graph reference="../../.."/>
        <script>metadata -&gt; input;</script>
        <to reference="../../cz.cuni.mff.xrg.odcs.commons.app.pipeline.graph.Edge/to"/>
      </cz.cuni.mff.xrg.odcs.commons.app.pipeline.graph.Edge>
      <cz.cuni.mff.xrg.odcs.commons.app.pipeline.graph.Edge>
        <from>
          <dpuInstance>
            <description></description>
            <menuName>uv-e-filesDownload</menuName>
            <name>uv-e-filesDownload</name>
            <rawConf>&lt;object-stream&gt;
  &lt;MasterConfigObject&gt;
    &lt;configurations&gt;
      &lt;entry&gt;
        &lt;string&gt;dpu_config&lt;/string&gt;
        &lt;string&gt;&amp;lt;object-stream&amp;gt;
  &amp;lt;eu.unifiedviews.plugins.extractor.filesdownload.FilesDownloadConfig__V1&amp;gt;
    &amp;lt;vfsFiles&amp;gt;
      &amp;lt;eu.unifiedviews.plugins.extractor.filesdownload.VfsFile&amp;gt;
        &amp;lt;uri&amp;gt;https://raw.githubusercontent.com/openbudgets/data-model/master/budget/eu-budget/eu-budget-dsd.ttl&amp;lt;/uri&amp;gt;
        &amp;lt;username&amp;gt;&amp;lt;/username&amp;gt;
        &amp;lt;password&amp;gt;&amp;lt;/password&amp;gt;
        &amp;lt;fileName&amp;gt;eu-budget-dsd.ttl&amp;lt;/fileName&amp;gt;
      &amp;lt;/eu.unifiedviews.plugins.extractor.filesdownload.VfsFile&amp;gt;
    &amp;lt;/vfsFiles&amp;gt;
    &amp;lt;softFail&amp;gt;false&amp;lt;/softFail&amp;gt;
    &amp;lt;defaultTimeout&amp;gt;20000&amp;lt;/defaultTimeout&amp;gt;
    &amp;lt;ignoreTlsErrors&amp;gt;false&amp;lt;/ignoreTlsErrors&amp;gt;
  &amp;lt;/eu.unifiedviews.plugins.extractor.filesdownload.FilesDownloadConfig__V1&amp;gt;
&amp;lt;/object-stream&amp;gt;&lt;/string&gt;
      &lt;/entry&gt;
      &lt;entry&gt;
        &lt;string&gt;addon/faultToleranceWrap&lt;/string&gt;
        &lt;string&gt;&amp;lt;object-stream&amp;gt;
  &amp;lt;eu.unifiedviews.helpers.dpu.extension.faulttolerance.FaultTolerance_-Configuration__V1&amp;gt;
    &amp;lt;enabled&amp;gt;false&amp;lt;/enabled&amp;gt;
    &amp;lt;exceptionNames class=&amp;quot;linked-list&amp;quot;/&amp;gt;
    &amp;lt;maxRetryCount&amp;gt;-1&amp;lt;/maxRetryCount&amp;gt;
  &amp;lt;/eu.unifiedviews.helpers.dpu.extension.faulttolerance.FaultTolerance_-Configuration__V1&amp;gt;
&amp;lt;/object-stream&amp;gt;&lt;/string&gt;
      &lt;/entry&gt;
    &lt;/configurations&gt;
  &lt;/MasterConfigObject&gt;
&lt;/object-stream&gt;</rawConf>
            <template reference="../../../../cz.cuni.mff.xrg.odcs.commons.app.pipeline.graph.Edge[2]/from/dpuInstance/template"/>
            <useDPUDescription>false</useDPUDescription>
            <useTemplateConfig>false</useTemplateConfig>
          </dpuInstance>
          <graph reference="../../../.."/>
          <position>
            <x>703</x>
            <y>197</y>
          </position>
        </from>
        <graph reference="../../.."/>
        <script>output -&gt; filesInput;</script>
        <to>
          <dpuInstance>
            <description></description>
            <menuName>uv-t-filesToRdf</menuName>
            <name>uv-t-filesToRdf</name>
            <rawConf>&lt;object-stream&gt;
  &lt;MasterConfigObject&gt;
    &lt;configurations&gt;
      &lt;entry&gt;
        &lt;string&gt;dpu_config&lt;/string&gt;
        &lt;string&gt;&amp;lt;object-stream&amp;gt;
  &amp;lt;eu.unifiedviews.plugins.transformer.filestordft.FilesToRDFConfig__V1&amp;gt;
    &amp;lt;symbolicNameToBaseURIMap class=&amp;quot;linked-hash-map&amp;quot;/&amp;gt;
    &amp;lt;symbolicNameToFormatMap class=&amp;quot;linked-hash-map&amp;quot;/&amp;gt;
    &amp;lt;commitSize&amp;gt;100000&amp;lt;/commitSize&amp;gt;
    &amp;lt;fatalErrorHandling&amp;gt;STOP_EXTRACTION&amp;lt;/fatalErrorHandling&amp;gt;
    &amp;lt;errorHandling&amp;gt;SKIP_CONTINUE_THIS_FILE&amp;lt;/errorHandling&amp;gt;
    &amp;lt;warningHandling&amp;gt;SKIP_CONTINUE_THIS_FILE&amp;lt;/warningHandling&amp;gt;
    &amp;lt;outputNaming&amp;gt;USE_INPUT_GRAPH_NAME&amp;lt;/outputNaming&amp;gt;
  &amp;lt;/eu.unifiedviews.plugins.transformer.filestordft.FilesToRDFConfig__V1&amp;gt;
&amp;lt;/object-stream&amp;gt;&lt;/string&gt;
      &lt;/entry&gt;
      &lt;entry&gt;
        &lt;string&gt;addon/faultToleranceWrap&lt;/string&gt;
        &lt;string&gt;&amp;lt;object-stream&amp;gt;
  &amp;lt;eu.unifiedviews.helpers.dpu.extension.faulttolerance.FaultTolerance_-Configuration__V1&amp;gt;
    &amp;lt;enabled&amp;gt;true&amp;lt;/enabled&amp;gt;
    &amp;lt;exceptionNames class=&amp;quot;linked-list&amp;quot;/&amp;gt;
    &amp;lt;maxRetryCount&amp;gt;-1&amp;lt;/maxRetryCount&amp;gt;
  &amp;lt;/eu.unifiedviews.helpers.dpu.extension.faulttolerance.FaultTolerance_-Configuration__V1&amp;gt;
&amp;lt;/object-stream&amp;gt;&lt;/string&gt;
      &lt;/entry&gt;
    &lt;/configurations&gt;
  &lt;/MasterConfigObject&gt;
&lt;/object-stream&gt;</rawConf>
            <template>
              <description></description>
              <jarName>uv-t-filesToRdf-1.6.1-SNAPSHOT.jar</jarName>
              <menuName>uv-t-filesToRdf</menuName>
              <name>uv-t-filesToRdf</name>
              <rawConf>&lt;object-stream&gt;
  &lt;MasterConfigObject&gt;
    &lt;configurations&gt;
      &lt;entry&gt;
        &lt;string&gt;dpu_config&lt;/string&gt;
        &lt;string&gt;&amp;lt;object-stream&amp;gt;
  &amp;lt;eu.unifiedviews.plugins.transformer.filestordft.FilesToRDFConfig__V1&amp;gt;
    &amp;lt;symbolicNameToBaseURIMap class=&amp;quot;linked-hash-map&amp;quot;/&amp;gt;
    &amp;lt;symbolicNameToFormatMap class=&amp;quot;linked-hash-map&amp;quot;/&amp;gt;
    &amp;lt;commitSize&amp;gt;100000&amp;lt;/commitSize&amp;gt;
    &amp;lt;fatalErrorHandling&amp;gt;STOP_EXTRACTION&amp;lt;/fatalErrorHandling&amp;gt;
    &amp;lt;errorHandling&amp;gt;SKIP_CONTINUE_THIS_FILE&amp;lt;/errorHandling&amp;gt;
    &amp;lt;warningHandling&amp;gt;SKIP_CONTINUE_THIS_FILE&amp;lt;/warningHandling&amp;gt;
    &amp;lt;outputNaming&amp;gt;USE_INPUT_GRAPH_NAME&amp;lt;/outputNaming&amp;gt;
  &amp;lt;/eu.unifiedviews.plugins.transformer.filestordft.FilesToRDFConfig__V1&amp;gt;
&amp;lt;/object-stream&amp;gt;&lt;/string&gt;
      &lt;/entry&gt;
    &lt;/configurations&gt;
  &lt;/MasterConfigObject&gt;
&lt;/object-stream&gt;</rawConf>
              <useDPUDescription>false</useDPUDescription>
            </template>
            <useDPUDescription>false</useDPUDescription>
            <useTemplateConfig>false</useTemplateConfig>
          </dpuInstance>
          <graph reference="../../../.."/>
          <position>
            <x>535</x>
            <y>201</y>
          </position>
        </to>
      </cz.cuni.mff.xrg.odcs.commons.app.pipeline.graph.Edge>
      <cz.cuni.mff.xrg.odcs.commons.app.pipeline.graph.Edge>
        <from reference="../../cz.cuni.mff.xrg.odcs.commons.app.pipeline.graph.Edge[4]/from"/>
        <graph reference="../../.."/>
        <script>metadata -&gt; datasetMetadata;</script>
        <to>
          <dpuInstance>
            <description></description>
            <menuName>E-DistributionMetadata</menuName>
            <name>E-DistributionMetadata</name>
            <rawConf>&lt;object-stream&gt;
  &lt;MasterConfigObject&gt;
    &lt;configurations&gt;
      &lt;entry&gt;
        &lt;string&gt;dpu_config&lt;/string&gt;
        &lt;string&gt;&amp;lt;object-stream&amp;gt;
  &amp;lt;cz.opendata.unifiedviews.dpus.distributionMetadata.DistributionMetadataConfig__V1&amp;gt;
    &amp;lt;datasetURI&amp;gt;&amp;lt;/datasetURI&amp;gt;
    &amp;lt;distributionURI&amp;gt;&amp;lt;/distributionURI&amp;gt;
    &amp;lt;useDatasetURIfromInput&amp;gt;true&amp;lt;/useDatasetURIfromInput&amp;gt;
    &amp;lt;language__orig&amp;gt;&amp;lt;/language__orig&amp;gt;
    &amp;lt;title__orig&amp;gt;&amp;lt;/title__orig&amp;gt;
    &amp;lt;title__en&amp;gt;&amp;lt;/title__en&amp;gt;
    &amp;lt;desc__orig&amp;gt;&amp;lt;/desc__orig&amp;gt;
    &amp;lt;desc__en&amp;gt;&amp;lt;/desc__en&amp;gt;
    &amp;lt;license&amp;gt;&amp;lt;/license&amp;gt;
    &amp;lt;sparqlEndpointUrl&amp;gt;http://obeu.vse.cz:8890/sparql&amp;lt;/sparqlEndpointUrl&amp;gt;
    &amp;lt;mediaType&amp;gt;text/turtle&amp;lt;/mediaType&amp;gt;
    &amp;lt;downloadURL&amp;gt;http://obeu.vse.cz/dump/eu_budget_2014.ttl&amp;lt;/downloadURL&amp;gt;
    &amp;lt;accessURL&amp;gt;&amp;lt;/accessURL&amp;gt;
    &amp;lt;exampleResources class=&amp;quot;linked-list&amp;quot;/&amp;gt;
    &amp;lt;useNow&amp;gt;true&amp;lt;/useNow&amp;gt;
    &amp;lt;modified&amp;gt;2015-10-01 13:05:01.575 UTC&amp;lt;/modified&amp;gt;
    &amp;lt;issued&amp;gt;2015-10-01 13:05:01.575 UTC&amp;lt;/issued&amp;gt;
    &amp;lt;titleFromDataset&amp;gt;true&amp;lt;/titleFromDataset&amp;gt;
    &amp;lt;generateDistroURIFromDataset&amp;gt;true&amp;lt;/generateDistroURIFromDataset&amp;gt;
    &amp;lt;originalLanguageFromDataset&amp;gt;true&amp;lt;/originalLanguageFromDataset&amp;gt;
    &amp;lt;issuedFromDataset&amp;gt;true&amp;lt;/issuedFromDataset&amp;gt;
    &amp;lt;descriptionFromDataset&amp;gt;true&amp;lt;/descriptionFromDataset&amp;gt;
    &amp;lt;licenseFromDataset&amp;gt;true&amp;lt;/licenseFromDataset&amp;gt;
    &amp;lt;schemaFromDataset&amp;gt;true&amp;lt;/schemaFromDataset&amp;gt;
    &amp;lt;useTemporal&amp;gt;true&amp;lt;/useTemporal&amp;gt;
    &amp;lt;useNowTemporalEnd&amp;gt;false&amp;lt;/useNowTemporalEnd&amp;gt;
    &amp;lt;temporalFromDataset&amp;gt;true&amp;lt;/temporalFromDataset&amp;gt;
    &amp;lt;temporalEnd&amp;gt;2015-10-01 13:05:01.575 UTC&amp;lt;/temporalEnd&amp;gt;
    &amp;lt;temporalStart&amp;gt;2015-10-01 13:05:01.575 UTC&amp;lt;/temporalStart&amp;gt;
    &amp;lt;schema&amp;gt;&amp;lt;/schema&amp;gt;
    &amp;lt;schemaType&amp;gt;text/turtle&amp;lt;/schemaType&amp;gt;
  &amp;lt;/cz.opendata.unifiedviews.dpus.distributionMetadata.DistributionMetadataConfig__V1&amp;gt;
&amp;lt;/object-stream&amp;gt;&lt;/string&gt;
      &lt;/entry&gt;
      &lt;entry&gt;
        &lt;string&gt;addon/faultToleranceWrap&lt;/string&gt;
        &lt;string&gt;&amp;lt;object-stream&amp;gt;
  &amp;lt;eu.unifiedviews.helpers.dpu.extension.faulttolerance.FaultTolerance_-Configuration__V1&amp;gt;
    &amp;lt;enabled&amp;gt;true&amp;lt;/enabled&amp;gt;
    &amp;lt;exceptionNames class=&amp;quot;linked-list&amp;quot;/&amp;gt;
    &amp;lt;maxRetryCount&amp;gt;-1&amp;lt;/maxRetryCount&amp;gt;
  &amp;lt;/eu.unifiedviews.helpers.dpu.extension.faulttolerance.FaultTolerance_-Configuration__V1&amp;gt;
&amp;lt;/object-stream&amp;gt;&lt;/string&gt;
      &lt;/entry&gt;
    &lt;/configurations&gt;
  &lt;/MasterConfigObject&gt;
&lt;/object-stream&gt;</rawConf>
            <template>
              <description></description>
              <jarName>E-DistributionMetadata-2.2.1.jar</jarName>
              <menuName>E-DistributionMetadata</menuName>
              <name>E-DistributionMetadata</name>
              <rawConf>&lt;object-stream&gt;
  &lt;MasterConfigObject&gt;
    &lt;configurations&gt;
      &lt;entry&gt;
        &lt;string&gt;dpu_config&lt;/string&gt;
        &lt;string&gt;&amp;lt;object-stream&amp;gt;
  &amp;lt;cz.opendata.unifiedviews.dpus.distributionMetadata.DistributionMetadataConfig__V1&amp;gt;
    &amp;lt;datasetURI&amp;gt;&amp;lt;/datasetURI&amp;gt;
    &amp;lt;distributionURI&amp;gt;&amp;lt;/distributionURI&amp;gt;
    &amp;lt;useDatasetURIfromInput&amp;gt;true&amp;lt;/useDatasetURIfromInput&amp;gt;
    &amp;lt;language__orig&amp;gt;&amp;lt;/language__orig&amp;gt;
    &amp;lt;title__orig&amp;gt;&amp;lt;/title__orig&amp;gt;
    &amp;lt;title__en&amp;gt;&amp;lt;/title__en&amp;gt;
    &amp;lt;desc__orig&amp;gt;&amp;lt;/desc__orig&amp;gt;
    &amp;lt;desc__en&amp;gt;&amp;lt;/desc__en&amp;gt;
    &amp;lt;license&amp;gt;&amp;lt;/license&amp;gt;
    &amp;lt;sparqlEndpointUrl&amp;gt;&amp;lt;/sparqlEndpointUrl&amp;gt;
    &amp;lt;mediaType&amp;gt;&amp;lt;/mediaType&amp;gt;
    &amp;lt;downloadURL&amp;gt;&amp;lt;/downloadURL&amp;gt;
    &amp;lt;accessURL&amp;gt;&amp;lt;/accessURL&amp;gt;
    &amp;lt;exampleResources class=&amp;quot;linked-list&amp;quot;/&amp;gt;
    &amp;lt;useNow&amp;gt;true&amp;lt;/useNow&amp;gt;
    &amp;lt;modified&amp;gt;2015-10-01 13:05:01.575 UTC&amp;lt;/modified&amp;gt;
    &amp;lt;issued&amp;gt;2015-10-01 13:05:01.575 UTC&amp;lt;/issued&amp;gt;
    &amp;lt;titleFromDataset&amp;gt;true&amp;lt;/titleFromDataset&amp;gt;
    &amp;lt;generateDistroURIFromDataset&amp;gt;true&amp;lt;/generateDistroURIFromDataset&amp;gt;
    &amp;lt;originalLanguageFromDataset&amp;gt;true&amp;lt;/originalLanguageFromDataset&amp;gt;
    &amp;lt;issuedFromDataset&amp;gt;true&amp;lt;/issuedFromDataset&amp;gt;
    &amp;lt;descriptionFromDataset&amp;gt;true&amp;lt;/descriptionFromDataset&amp;gt;
    &amp;lt;licenseFromDataset&amp;gt;true&amp;lt;/licenseFromDataset&amp;gt;
    &amp;lt;schemaFromDataset&amp;gt;true&amp;lt;/schemaFromDataset&amp;gt;
    &amp;lt;useTemporal&amp;gt;true&amp;lt;/useTemporal&amp;gt;
    &amp;lt;useNowTemporalEnd&amp;gt;false&amp;lt;/useNowTemporalEnd&amp;gt;
    &amp;lt;temporalFromDataset&amp;gt;true&amp;lt;/temporalFromDataset&amp;gt;
    &amp;lt;temporalEnd&amp;gt;2015-10-01 13:05:01.575 UTC&amp;lt;/temporalEnd&amp;gt;
    &amp;lt;temporalStart&amp;gt;2015-10-01 13:05:01.575 UTC&amp;lt;/temporalStart&amp;gt;
    &amp;lt;schema&amp;gt;&amp;lt;/schema&amp;gt;
    &amp;lt;schemaType&amp;gt;&amp;lt;/schemaType&amp;gt;
  &amp;lt;/cz.opendata.unifiedviews.dpus.distributionMetadata.DistributionMetadataConfig__V1&amp;gt;
&amp;lt;/object-stream&amp;gt;&lt;/string&gt;
      &lt;/entry&gt;
    &lt;/configurations&gt;
  &lt;/MasterConfigObject&gt;
&lt;/object-stream&gt;</rawConf>
              <useDPUDescription>false</useDPUDescription>
            </template>
            <useDPUDescription>false</useDPUDescription>
            <useTemplateConfig>false</useTemplateConfig>
          </dpuInstance>
          <graph reference="../../../.."/>
          <position>
            <x>369</x>
            <y>430</y>
          </position>
        </to>
      </cz.cuni.mff.xrg.odcs.commons.app.pipeline.graph.Edge>
      <cz.cuni.mff.xrg.odcs.commons.app.pipeline.graph.Edge>
        <from reference="../../cz.cuni.mff.xrg.odcs.commons.app.pipeline.graph.Edge[6]/to"/>
        <graph reference="../../.."/>
        <script>metadata -&gt; input;</script>
        <to reference="../../cz.cuni.mff.xrg.odcs.commons.app.pipeline.graph.Edge/to"/>
      </cz.cuni.mff.xrg.odcs.commons.app.pipeline.graph.Edge>
      <cz.cuni.mff.xrg.odcs.commons.app.pipeline.graph.Edge>
        <from reference="../../cz.cuni.mff.xrg.odcs.commons.app.pipeline.graph.Edge[3]/to"/>
        <graph reference="../../.."/>
        <script>output -&gt; filesInput;</script>
        <to>
          <dpuInstance>
            <description>Data Cube Vocabulary data</description>
            <menuName>uv-t-xslt</menuName>
            <name>uv-t-xslt</name>
            <rawConf>&lt;object-stream&gt;
  &lt;MasterConfigObject&gt;
    &lt;configurations&gt;
      &lt;entry&gt;
        &lt;string&gt;dpu_config&lt;/string&gt;
        &lt;string&gt;&amp;lt;object-stream&amp;gt;
  &amp;lt;cz.cuni.mff.xrg.uv.transformer.xslt.XsltConfig__V2&amp;gt;
    &amp;lt;xsltTemplate&amp;gt;&amp;amp;lt;?xml version=&amp;amp;quot;1.0&amp;amp;quot; encoding=&amp;amp;quot;UTF-8&amp;amp;quot;?&amp;amp;gt;
&amp;amp;lt;!DOCTYPE xsl:stylesheet [
    &amp;amp;lt;!ENTITY xsd            &amp;amp;quot;http://www.w3.org/2001/XMLSchema#&amp;amp;quot;&amp;amp;gt;
    &amp;amp;lt;!ENTITY eu-operation   &amp;amp;quot;http://data.openbudgets.eu/resource/eu-budget-2014/codelist/operation-character/&amp;amp;quot;&amp;amp;gt;
    &amp;amp;lt;!ENTITY obeu-operation &amp;amp;quot;http://data.openbudgets.eu/resource/codelist/operation-character/&amp;amp;quot;&amp;amp;gt;
]&amp;amp;gt;
&amp;amp;lt;xsl:stylesheet
    xmlns:dcterms=&amp;amp;quot;http://purl.org/dc/terms/&amp;amp;quot;
    xmlns:f=&amp;amp;quot;http://opendata.cz/xslt/functions#&amp;amp;quot;
    xmlns:eu=&amp;amp;quot;http://data.openbudgets.eu/ontology/budget-of-the-european-union/&amp;amp;quot;
    xmlns:eu-attribute=&amp;amp;quot;http://data.openbudgets.eu/ontology/dsd/eu-budget-2014/attribute/&amp;amp;quot;
    xmlns:eu-dimension=&amp;amp;quot;http://data.openbudgets.eu/ontology/dsd/eu-budget-2014/dimension/&amp;amp;quot;
    xmlns:eu-optional=&amp;amp;quot;http://data.openbudgets.eu/ontology/dsd/eu-budget-2014/optional-property/&amp;amp;quot;
    xmlns:obeu-attribute=&amp;amp;quot;http://data.openbudgets.eu/ontology/dsd/attribute/&amp;amp;quot;
    xmlns:obeu-dimension=&amp;amp;quot;http://data.openbudgets.eu/ontology/dsd/dimension/&amp;amp;quot;
    xmlns:obeu-measure=&amp;amp;quot;http://data.openbudgets.eu/ontology/dsd/measure/&amp;amp;quot;
    xmlns:obeu-optional=&amp;amp;quot;http://data.openbudgets.eu/ontology/dsd/optional/&amp;amp;quot;
    xmlns:qb=&amp;amp;quot;http://purl.org/linked-data/cube#&amp;amp;quot;
    xmlns:rdf=&amp;amp;quot;http://www.w3.org/1999/02/22-rdf-syntax-ns#&amp;amp;quot;
    xmlns:rdfs=&amp;amp;quot;http://www.w3.org/2000/01/rdf-schema#&amp;amp;quot;
    xmlns:skos=&amp;amp;quot;http://www.w3.org/2004/02/skos/core#&amp;amp;quot;
    xmlns:xsd=&amp;amp;quot;http://www.w3.org/2001/XMLSchema&amp;amp;quot;
    xmlns:xsl=&amp;amp;quot;http://www.w3.org/1999/XSL/Transform&amp;amp;quot;
    exclude-result-prefixes=&amp;amp;quot;f xsd&amp;amp;quot;
    version=&amp;amp;quot;2.0&amp;amp;quot;&amp;amp;gt;
    
    &amp;amp;lt;!-- Parameters --&amp;amp;gt;
    
    &amp;amp;lt;xsl:param name=&amp;amp;quot;dataset&amp;amp;quot;&amp;amp;gt;http://data.openbudgets.eu/resource/dataset/budget-of-the-european-union-2014&amp;amp;lt;/xsl:param&amp;amp;gt;
    
    &amp;amp;lt;!-- Global variables --&amp;amp;gt;
    
    &amp;amp;lt;xsl:variable name=&amp;amp;quot;namespace&amp;amp;quot; select=&amp;amp;quot;concat($dataset, &amp;amp;apos;/&amp;amp;apos;)&amp;amp;quot;/&amp;amp;gt;
    &amp;amp;lt;xsl:variable name=&amp;amp;quot;reserveDataset&amp;amp;quot; select=&amp;amp;quot;concat($dataset, &amp;amp;apos;/reserves&amp;amp;apos;)&amp;amp;quot;/&amp;amp;gt;
    &amp;amp;lt;xsl:variable name=&amp;amp;quot;reserveNs&amp;amp;quot; select=&amp;amp;quot;concat($reserveDataset, &amp;amp;apos;/&amp;amp;apos;)&amp;amp;quot;/&amp;amp;gt;
    &amp;amp;lt;xsl:variable name=&amp;amp;quot;budgetNomenclatureNs&amp;amp;quot;&amp;amp;gt;http://data.openbudgets.eu/resource/dataset/budget-of-the-european-union-2014/codelist/eu-budget-nomenclature-2014/&amp;amp;lt;/xsl:variable&amp;amp;gt;
    &amp;amp;lt;xsl:variable name=&amp;amp;quot;catpolNs&amp;amp;quot;&amp;amp;gt;http://data.openbudgets.eu/resource/codelist/catpol/&amp;amp;lt;/xsl:variable&amp;amp;gt;
    &amp;amp;lt;xsl:variable name=&amp;amp;quot;yearNs&amp;amp;quot;&amp;amp;gt;http://reference.data.gov.uk/id/year/&amp;amp;lt;/xsl:variable&amp;amp;gt;
    &amp;amp;lt;xsl:variable name=&amp;amp;quot;budgetPhaseNs&amp;amp;quot;&amp;amp;gt;http://publications.europa.eu/resource/authority/eu-budget-amount-status/&amp;amp;lt;/xsl:variable&amp;amp;gt;
    &amp;amp;lt;xsl:variable name=&amp;amp;quot;programNs&amp;amp;quot;&amp;amp;gt;http://publications.europa.eu/resource/authority/eu-programme/&amp;amp;lt;/xsl:variable&amp;amp;gt;
    &amp;amp;lt;xsl:variable name=&amp;amp;quot;agencyNs&amp;amp;quot;&amp;amp;gt;http://publications.europa.eu/resource/authority/corporate-body/&amp;amp;lt;/xsl:variable&amp;amp;gt;
    
    &amp;amp;lt;xsl:variable name=&amp;amp;quot;fiscalYears&amp;amp;quot;&amp;amp;gt;
        &amp;amp;lt;fiscalYear key=&amp;amp;quot;n&amp;amp;quot; year=&amp;amp;quot;2014&amp;amp;quot; budgetPhase=&amp;amp;quot;ADOPTED&amp;amp;quot;/&amp;amp;gt;
        &amp;amp;lt;fiscalYear key=&amp;amp;quot;nm1&amp;amp;quot; year=&amp;amp;quot;2013&amp;amp;quot; budgetPhase=&amp;amp;quot;AMENDED&amp;amp;quot;/&amp;amp;gt;
        &amp;amp;lt;fiscalYear key=&amp;amp;quot;nm2&amp;amp;quot; year=&amp;amp;quot;2012&amp;amp;quot; budgetPhase=&amp;amp;quot;OUTTURN&amp;amp;quot;/&amp;amp;gt;
    &amp;amp;lt;/xsl:variable&amp;amp;gt;
    
    &amp;amp;lt;xsl:variable name=&amp;amp;quot;operationCharacters&amp;amp;quot;&amp;amp;gt;
        &amp;amp;lt;operationCharacter key=&amp;amp;quot;comm&amp;amp;quot; ns=&amp;amp;quot;&amp;amp;amp;eu-operation;&amp;amp;quot;&amp;amp;gt;commitment&amp;amp;lt;/operationCharacter&amp;amp;gt;
        &amp;amp;lt;operationCharacter key=&amp;amp;quot;pay&amp;amp;quot; ns=&amp;amp;quot;&amp;amp;amp;eu-operation;&amp;amp;quot;&amp;amp;gt;payment&amp;amp;lt;/operationCharacter&amp;amp;gt;
        &amp;amp;lt;operationCharacter key=&amp;amp;quot;default&amp;amp;quot; ns=&amp;amp;quot;&amp;amp;amp;obeu-operation;&amp;amp;quot;&amp;amp;gt;expenditure&amp;amp;lt;/operationCharacter&amp;amp;gt;
    &amp;amp;lt;/xsl:variable&amp;amp;gt;
    
    &amp;amp;lt;!-- Functions --&amp;amp;gt;
    
    &amp;amp;lt;xsl:function name=&amp;amp;quot;f:clearAmount&amp;amp;quot; as=&amp;amp;quot;xsd:decimal&amp;amp;quot;&amp;amp;gt;
        &amp;amp;lt;xsl:param name=&amp;amp;quot;amount&amp;amp;quot; as=&amp;amp;quot;xsd:string&amp;amp;quot;/&amp;amp;gt;
        &amp;amp;lt;xsl:choose&amp;amp;gt;
            &amp;amp;lt;xsl:when test=&amp;amp;quot;$amount = &amp;amp;apos;—&amp;amp;apos;&amp;amp;quot;&amp;amp;gt;0&amp;amp;lt;/xsl:when&amp;amp;gt;
            &amp;amp;lt;xsl:otherwise&amp;amp;gt;
                &amp;amp;lt;xsl:value-of select=&amp;amp;quot;replace(replace($amount, &amp;amp;apos;[\s]|[^0-9,]&amp;amp;apos;, &amp;amp;apos;&amp;amp;apos;), &amp;amp;apos;,&amp;amp;apos;, &amp;amp;apos;.&amp;amp;apos;)&amp;amp;quot;/&amp;amp;gt;
            &amp;amp;lt;/xsl:otherwise&amp;amp;gt;
        &amp;amp;lt;/xsl:choose&amp;amp;gt;
    &amp;amp;lt;/xsl:function&amp;amp;gt;
    
    &amp;amp;lt;!-- Casts a xsd:date to xsd:dateTime --&amp;amp;gt;
    &amp;amp;lt;xsl:function name=&amp;amp;quot;f:dateToDateTime&amp;amp;quot; as=&amp;amp;quot;xsd:dateTime&amp;amp;quot;&amp;amp;gt;
        &amp;amp;lt;xsl:param name=&amp;amp;quot;date&amp;amp;quot; as=&amp;amp;quot;xsd:date&amp;amp;quot;/&amp;amp;gt;
        &amp;amp;lt;xsl:value-of select=&amp;amp;quot;concat($date, &amp;amp;apos;T00:00:00Z&amp;amp;apos;)&amp;amp;quot;/&amp;amp;gt;
    &amp;amp;lt;/xsl:function&amp;amp;gt;
    
    &amp;amp;lt;!-- Mints a new URI in namespace $ns for instance of $class identified with $key. --&amp;amp;gt;
    &amp;amp;lt;xsl:function name=&amp;amp;quot;f:getInstanceUri&amp;amp;quot; as=&amp;amp;quot;xsd:anyURI&amp;amp;quot;&amp;amp;gt;
        &amp;amp;lt;xsl:param name=&amp;amp;quot;class&amp;amp;quot; as=&amp;amp;quot;xsd:string&amp;amp;quot;/&amp;amp;gt;
        &amp;amp;lt;xsl:param name=&amp;amp;quot;key&amp;amp;quot; as=&amp;amp;quot;xsd:string&amp;amp;quot;/&amp;amp;gt;
        &amp;amp;lt;xsl:value-of select=&amp;amp;quot;concat($namespace, f:kebabCase($class), &amp;amp;apos;/&amp;amp;apos;, f:slugify($key))&amp;amp;quot;/&amp;amp;gt;
    &amp;amp;lt;/xsl:function&amp;amp;gt;
    
    &amp;amp;lt;xsl:function name=&amp;amp;quot;f:inferNomenclatureLevel&amp;amp;quot; as=&amp;amp;quot;xsd:string&amp;amp;quot;&amp;amp;gt;
        &amp;amp;lt;xsl:param name=&amp;amp;quot;nomenclature&amp;amp;quot; as=&amp;amp;quot;xsd:string&amp;amp;quot;/&amp;amp;gt;
        &amp;amp;lt;xsl:variable name=&amp;amp;quot;nomenclatureLength&amp;amp;quot; select=&amp;amp;quot;count(tokenize($nomenclature, &amp;amp;apos; &amp;amp;apos;))&amp;amp;quot;/&amp;amp;gt;
        &amp;amp;lt;xsl:choose&amp;amp;gt;
            &amp;amp;lt;xsl:when test=&amp;amp;quot;$nomenclatureLength = 1&amp;amp;quot;&amp;amp;gt;title&amp;amp;lt;/xsl:when&amp;amp;gt;
            &amp;amp;lt;xsl:when test=&amp;amp;quot;$nomenclatureLength = 2&amp;amp;quot;&amp;amp;gt;chapter&amp;amp;lt;/xsl:when&amp;amp;gt;
            &amp;amp;lt;xsl:when test=&amp;amp;quot;$nomenclatureLength = 3&amp;amp;quot;&amp;amp;gt;article&amp;amp;lt;/xsl:when&amp;amp;gt;
            &amp;amp;lt;xsl:when test=&amp;amp;quot;$nomenclatureLength = 4&amp;amp;quot;&amp;amp;gt;item&amp;amp;lt;/xsl:when&amp;amp;gt;
            &amp;amp;lt;xsl:when test=&amp;amp;quot;$nomenclatureLength = 4&amp;amp;quot;&amp;amp;gt;subitem&amp;amp;lt;/xsl:when&amp;amp;gt;
        &amp;amp;lt;/xsl:choose&amp;amp;gt;
    &amp;amp;lt;/xsl:function&amp;amp;gt;
    
    &amp;amp;lt;!-- Converts camelCase $text into kebab-case. --&amp;amp;gt;
    &amp;amp;lt;xsl:function name=&amp;amp;quot;f:kebabCase&amp;amp;quot; as=&amp;amp;quot;xsd:string&amp;amp;quot;&amp;amp;gt;
        &amp;amp;lt;xsl:param name=&amp;amp;quot;text&amp;amp;quot; as=&amp;amp;quot;xsd:string&amp;amp;quot;/&amp;amp;gt;
        &amp;amp;lt;xsl:value-of select=&amp;amp;quot;f:slugify(replace($text, &amp;amp;apos;(\p{Ll})(\p{Lu})&amp;amp;apos;, &amp;amp;apos;$1-$2&amp;amp;apos;))&amp;amp;quot;/&amp;amp;gt;
    &amp;amp;lt;/xsl:function&amp;amp;gt;
    
    &amp;amp;lt;xsl:function name=&amp;amp;quot;f:normalizeAgencyCode&amp;amp;quot; as=&amp;amp;quot;xsd:string&amp;amp;quot;&amp;amp;gt;
        &amp;amp;lt;xsl:param name=&amp;amp;quot;code&amp;amp;quot; as=&amp;amp;quot;xsd:string&amp;amp;quot;/&amp;amp;gt;
        &amp;amp;lt;xsl:choose&amp;amp;gt;
            &amp;amp;lt;xsl:when test=&amp;amp;quot;$code = &amp;amp;apos;eu.LISA&amp;amp;apos;&amp;amp;quot;&amp;amp;gt;LISA&amp;amp;lt;/xsl:when&amp;amp;gt;
            &amp;amp;lt;xsl:when test=&amp;amp;quot;$code = &amp;amp;apos;TEN-T EA&amp;amp;apos;&amp;amp;quot;&amp;amp;gt;TENTEA&amp;amp;lt;/xsl:when&amp;amp;gt;
            &amp;amp;lt;xsl:otherwise&amp;amp;gt;&amp;amp;lt;xsl:value-of select=&amp;amp;quot;$code&amp;amp;quot;/&amp;amp;gt;&amp;amp;lt;/xsl:otherwise&amp;amp;gt;
        &amp;amp;lt;/xsl:choose&amp;amp;gt;
    &amp;amp;lt;/xsl:function&amp;amp;gt;
    
    &amp;amp;lt;!-- Converts $text into URI-safe slug. --&amp;amp;gt;
    &amp;amp;lt;xsl:function name=&amp;amp;quot;f:slugify&amp;amp;quot; as=&amp;amp;quot;xsd:anyURI&amp;amp;quot;&amp;amp;gt;
        &amp;amp;lt;xsl:param name=&amp;amp;quot;text&amp;amp;quot; as=&amp;amp;quot;xsd:string&amp;amp;quot;/&amp;amp;gt;
        &amp;amp;lt;xsl:value-of select=&amp;amp;quot;encode-for-uri(translate(replace(lower-case(normalize-unicode($text, &amp;amp;apos;NFKD&amp;amp;apos;)), &amp;amp;apos;\P{IsBasicLatin}&amp;amp;apos;, &amp;amp;apos;&amp;amp;apos;), &amp;amp;apos; &amp;amp;apos;, &amp;amp;apos;-&amp;amp;apos;))&amp;amp;quot; /&amp;amp;gt;
    &amp;amp;lt;/xsl:function&amp;amp;gt;
    
    &amp;amp;lt;!-- Output --&amp;amp;gt;
    
    &amp;amp;lt;xsl:output encoding=&amp;amp;quot;UTF-8&amp;amp;quot; indent=&amp;amp;quot;yes&amp;amp;quot; method=&amp;amp;quot;xml&amp;amp;quot; normalization-form=&amp;amp;quot;NFC&amp;amp;quot; /&amp;amp;gt;
    &amp;amp;lt;xsl:strip-space elements=&amp;amp;quot;*&amp;amp;quot;/&amp;amp;gt;
    
    &amp;amp;lt;!-- Templates --&amp;amp;gt;
    
    &amp;amp;lt;xsl:template match=&amp;amp;quot;/&amp;amp;quot;&amp;amp;gt;
        &amp;amp;lt;rdf:RDF&amp;amp;gt;
            &amp;amp;lt;xsl:variable name=&amp;amp;quot;sectionNumber&amp;amp;quot;&amp;amp;gt;
                &amp;amp;lt;xsl:analyze-string select=&amp;amp;quot;tokenize(base-uri(), &amp;amp;apos;/&amp;amp;apos;)[last()]&amp;amp;quot; regex=&amp;amp;quot;SEC(\d+)&amp;amp;quot;&amp;amp;gt;
                    &amp;amp;lt;xsl:matching-substring&amp;amp;gt;&amp;amp;lt;xsl:value-of select=&amp;amp;quot;regex-group(1)&amp;amp;quot;/&amp;amp;gt;&amp;amp;lt;/xsl:matching-substring&amp;amp;gt;
                &amp;amp;lt;/xsl:analyze-string&amp;amp;gt;
            &amp;amp;lt;/xsl:variable&amp;amp;gt;
            &amp;amp;lt;qb:DataSet rdf:about=&amp;amp;quot;{$dataset}&amp;amp;quot;&amp;amp;gt;
                &amp;amp;lt;qb:structure rdf:resource=&amp;amp;quot;http://data.openbudgets.eu/ontology/dsd/eu-budget-2014&amp;amp;quot;/&amp;amp;gt;
                &amp;amp;lt;obeu-dimension:budgetaryUnit rdf:resource=&amp;amp;quot;http://dbpedia.org/resource/European_Union&amp;amp;quot;/&amp;amp;gt;
                &amp;amp;lt;obeu-dimension:operationCharacter rdf:resource=&amp;amp;quot;http://data.openbudgets.eu/resource/codelist/operation-character/expenditure&amp;amp;quot;/&amp;amp;gt;
                &amp;amp;lt;xsl:call-template name=&amp;amp;quot;defaultDatasetComponents&amp;amp;quot;/&amp;amp;gt;
            &amp;amp;lt;/qb:DataSet&amp;amp;gt;
            &amp;amp;lt;qb:DataSet rdf:about=&amp;amp;quot;{$reserveDataset}&amp;amp;quot;&amp;amp;gt;
                &amp;amp;lt;qb:structure rdf:resource=&amp;amp;quot;http://data.openbudgets.eu/ontology/dsd/eu-budget-2014-reserves&amp;amp;quot;/&amp;amp;gt;
                &amp;amp;lt;xsl:call-template name=&amp;amp;quot;defaultDatasetComponents&amp;amp;quot;/&amp;amp;gt;
            &amp;amp;lt;/qb:DataSet&amp;amp;gt;
            &amp;amp;lt;xsl:apply-templates&amp;amp;gt;
                &amp;amp;lt;xsl:with-param name=&amp;amp;quot;sectionNumber&amp;amp;quot; select=&amp;amp;quot;$sectionNumber&amp;amp;quot; tunnel=&amp;amp;quot;yes&amp;amp;quot;/&amp;amp;gt;
            &amp;amp;lt;/xsl:apply-templates&amp;amp;gt;
        &amp;amp;lt;/rdf:RDF&amp;amp;gt;    
    &amp;amp;lt;/xsl:template&amp;amp;gt;
    
    &amp;amp;lt;xsl:template match=&amp;amp;quot;*[starts-with(name(), &amp;amp;apos;nmc-&amp;amp;apos;)]&amp;amp;quot;&amp;amp;gt;
        &amp;amp;lt;xsl:param name=&amp;amp;quot;sectionNumber&amp;amp;quot; tunnel=&amp;amp;quot;yes&amp;amp;quot;/&amp;amp;gt;
        &amp;amp;lt;xsl:variable name=&amp;amp;quot;level&amp;amp;quot; select=&amp;amp;quot;substring-after(name(), &amp;amp;apos;nmc-&amp;amp;apos;)&amp;amp;quot;/&amp;amp;gt;
        &amp;amp;lt;xsl:variable name=&amp;amp;quot;notation&amp;amp;quot; select=&amp;amp;quot;@alias&amp;amp;quot;/&amp;amp;gt;
        &amp;amp;lt;xsl:apply-templates&amp;amp;gt;
            &amp;amp;lt;xsl:with-param name=&amp;amp;quot;nomenclature&amp;amp;quot; select=&amp;amp;quot;concat($sectionNumber, &amp;amp;apos;-&amp;amp;apos;, $level, &amp;amp;apos;-&amp;amp;apos;, f:slugify($notation))&amp;amp;quot; tunnel=&amp;amp;quot;yes&amp;amp;quot;/&amp;amp;gt;
            &amp;amp;lt;xsl:with-param name=&amp;amp;quot;programsLink&amp;amp;quot; select=&amp;amp;quot;@programs-link&amp;amp;quot; tunnel=&amp;amp;quot;yes&amp;amp;quot;/&amp;amp;gt;
            &amp;amp;lt;xsl:with-param name=&amp;amp;quot;agencyCode&amp;amp;quot; select=&amp;amp;quot;@agency-code&amp;amp;quot; tunnel=&amp;amp;quot;yes&amp;amp;quot;/&amp;amp;gt;
        &amp;amp;lt;/xsl:apply-templates&amp;amp;gt;
    &amp;amp;lt;/xsl:template&amp;amp;gt;
    
    &amp;amp;lt;xsl:template match=&amp;amp;quot;bud-data[not(@tot = &amp;amp;apos;tot&amp;amp;apos;)]&amp;amp;quot;&amp;amp;gt;
        &amp;amp;lt;xsl:apply-templates&amp;amp;gt;
            &amp;amp;lt;xsl:with-param name=&amp;amp;quot;isReserve&amp;amp;quot; select=&amp;amp;quot;@type = &amp;amp;apos;reserve&amp;amp;apos;&amp;amp;quot; tunnel=&amp;amp;quot;yes&amp;amp;quot;/&amp;amp;gt;
        &amp;amp;lt;/xsl:apply-templates&amp;amp;gt;    
    &amp;amp;lt;/xsl:template&amp;amp;gt;
    
    &amp;amp;lt;xsl:template match=&amp;amp;quot;amounts&amp;amp;quot;&amp;amp;gt;
        &amp;amp;lt;xsl:apply-templates/&amp;amp;gt;
    &amp;amp;lt;/xsl:template&amp;amp;gt;
    
    &amp;amp;lt;xsl:template match=&amp;amp;quot;amount&amp;amp;quot;&amp;amp;gt;
        &amp;amp;lt;xsl:apply-templates&amp;amp;gt;
            &amp;amp;lt;xsl:with-param name=&amp;amp;quot;fiscalYear&amp;amp;quot; select=&amp;amp;quot;$fiscalYears/fiscalYear[@key = current()/@year]&amp;amp;quot; tunnel=&amp;amp;quot;yes&amp;amp;quot;/&amp;amp;gt;
            &amp;amp;lt;xsl:with-param name=&amp;amp;quot;catpol&amp;amp;quot; select=&amp;amp;quot;@catpol&amp;amp;quot; tunnel=&amp;amp;quot;yes&amp;amp;quot;/&amp;amp;gt;
            &amp;amp;lt;xsl:with-param name=&amp;amp;quot;compulsoryExpenditure&amp;amp;quot; select=&amp;amp;quot;@comp&amp;amp;quot; tunnel=&amp;amp;quot;yes&amp;amp;quot;/&amp;amp;gt;
            &amp;amp;lt;xsl:with-param name=&amp;amp;quot;peco&amp;amp;quot; select=&amp;amp;quot;@peco&amp;amp;quot; tunnel=&amp;amp;quot;yes&amp;amp;quot;/&amp;amp;gt;
            &amp;amp;lt;xsl:with-param name=&amp;amp;quot;aele&amp;amp;quot; select=&amp;amp;quot;@aele&amp;amp;quot; tunnel=&amp;amp;quot;yes&amp;amp;quot;/&amp;amp;gt;
            &amp;amp;lt;xsl:with-param name=&amp;amp;quot;delegation&amp;amp;quot; select=&amp;amp;quot;@delegation&amp;amp;quot; tunnel=&amp;amp;quot;yes&amp;amp;quot;/&amp;amp;gt;
        &amp;amp;lt;/xsl:apply-templates&amp;amp;gt;
    &amp;amp;lt;/xsl:template&amp;amp;gt;
    
    &amp;amp;lt;xsl:template match=&amp;amp;quot;reserve&amp;amp;quot;&amp;amp;gt;
        &amp;amp;lt;xsl:apply-templates mode=&amp;amp;quot;reserve&amp;amp;quot;&amp;amp;gt;
            &amp;amp;lt;xsl:with-param name=&amp;amp;quot;alias&amp;amp;quot; select=&amp;amp;quot;alias/text()&amp;amp;quot;/&amp;amp;gt;
        &amp;amp;lt;/xsl:apply-templates&amp;amp;gt;
    &amp;amp;lt;/xsl:template&amp;amp;gt;
    
    &amp;amp;lt;xsl:template match=&amp;amp;quot;figure[text() != &amp;amp;apos;p.m.&amp;amp;apos;]&amp;amp;quot;&amp;amp;gt; &amp;amp;lt;!-- p.m. means &amp;amp;quot;pro memoria&amp;amp;quot; --&amp;amp;gt;
        &amp;amp;lt;xsl:param name=&amp;amp;quot;nomenclature&amp;amp;quot; tunnel=&amp;amp;quot;yes&amp;amp;quot;/&amp;amp;gt;
        &amp;amp;lt;xsl:param name=&amp;amp;quot;programsLink&amp;amp;quot; tunnel=&amp;amp;quot;yes&amp;amp;quot;/&amp;amp;gt;
        &amp;amp;lt;xsl:param name=&amp;amp;quot;agencyCode&amp;amp;quot; tunnel=&amp;amp;quot;yes&amp;amp;quot;/&amp;amp;gt;
        &amp;amp;lt;xsl:param name=&amp;amp;quot;fiscalYear&amp;amp;quot; tunnel=&amp;amp;quot;yes&amp;amp;quot;/&amp;amp;gt;
        &amp;amp;lt;xsl:param name=&amp;amp;quot;isReserve&amp;amp;quot; tunnel=&amp;amp;quot;yes&amp;amp;quot;/&amp;amp;gt;
        &amp;amp;lt;xsl:param name=&amp;amp;quot;catpol&amp;amp;quot; tunnel=&amp;amp;quot;yes&amp;amp;quot;/&amp;amp;gt;
        &amp;amp;lt;xsl:param name=&amp;amp;quot;compulsoryExpenditure&amp;amp;quot;/&amp;amp;gt;
        &amp;amp;lt;xsl:param name=&amp;amp;quot;peco&amp;amp;quot;/&amp;amp;gt;
        &amp;amp;lt;xsl:param name=&amp;amp;quot;aele&amp;amp;quot;/&amp;amp;gt;
        &amp;amp;lt;xsl:param name=&amp;amp;quot;delegation&amp;amp;quot;/&amp;amp;gt;
        &amp;amp;lt;xsl:variable name=&amp;amp;quot;operationCharacter&amp;amp;quot; select=&amp;amp;quot;$operationCharacters/operationCharacter[@key = (if (current()/@commpay) then current()/@commpay else &amp;amp;apos;default&amp;amp;apos;)]&amp;amp;quot;/&amp;amp;gt;
        &amp;amp;lt;xsl:variable name=&amp;amp;quot;observation&amp;amp;quot; select=&amp;amp;quot;concat($namespace, &amp;amp;apos;observation/EU/&amp;amp;apos;, $operationCharacter/text(), &amp;amp;apos;/&amp;amp;apos;, $fiscalYear/@budgetPhase, &amp;amp;apos;/&amp;amp;apos;,
            $fiscalYear/@year, &amp;amp;apos;/&amp;amp;apos;, $nomenclature)&amp;amp;quot;/&amp;amp;gt;
        &amp;amp;lt;qb:Observation rdf:about=&amp;amp;quot;{$observation}&amp;amp;quot;&amp;amp;gt;
            &amp;amp;lt;qb:dataSet rdf:resource=&amp;amp;quot;{$dataset}&amp;amp;quot;/&amp;amp;gt;
            &amp;amp;lt;eu-dimension:budgetNomenclature rdf:resource=&amp;amp;quot;{concat($budgetNomenclatureNs, $nomenclature)}&amp;amp;quot;/&amp;amp;gt;
            &amp;amp;lt;obeu-dimension:fiscalYear rdf:resource=&amp;amp;quot;{concat($yearNs, $fiscalYear/@year)}&amp;amp;quot;/&amp;amp;gt;
            &amp;amp;lt;eu-dimension:budgetPhase rdf:resource=&amp;amp;quot;{concat($budgetPhaseNs, $fiscalYear/@budgetPhase)}&amp;amp;quot;/&amp;amp;gt;
            &amp;amp;lt;eu-dimension:operationCharacter rdf:resource=&amp;amp;quot;{concat($operationCharacter/@ns, $operationCharacter/text())}&amp;amp;quot;/&amp;amp;gt;
            &amp;amp;lt;xsl:if test=&amp;amp;quot;$catpol&amp;amp;quot;&amp;amp;gt;
                &amp;amp;lt;eu-optional:catpol rdf:resource=&amp;amp;quot;{concat($catpolNs, $catpol)}&amp;amp;quot;/&amp;amp;gt;
            &amp;amp;lt;/xsl:if&amp;amp;gt;
            &amp;amp;lt;xsl:if test=&amp;amp;quot;$programsLink&amp;amp;quot;&amp;amp;gt;
                &amp;amp;lt;xsl:for-each select=&amp;amp;quot;tokenize($programsLink, &amp;amp;apos;\|&amp;amp;apos;)&amp;amp;quot;&amp;amp;gt;
                    &amp;amp;lt;eu:programClassification rdf:resource=&amp;amp;quot;{concat($programNs, .)}&amp;amp;quot;/&amp;amp;gt;
                &amp;amp;lt;/xsl:for-each&amp;amp;gt;
            &amp;amp;lt;/xsl:if&amp;amp;gt;
            &amp;amp;lt;xsl:if test=&amp;amp;quot;$agencyCode&amp;amp;quot;&amp;amp;gt;
                &amp;amp;lt;eu:agencyClassification rdf:resource=&amp;amp;quot;{concat($agencyNs, f:normalizeAgencyCode($agencyCode))}&amp;amp;quot;/&amp;amp;gt;
            &amp;amp;lt;/xsl:if&amp;amp;gt;
            &amp;amp;lt;xsl:if test=&amp;amp;quot;$aele = &amp;amp;apos;true&amp;amp;apos;&amp;amp;quot;&amp;amp;gt;
                &amp;amp;lt;eu:agencyClassification rdf:resource=&amp;amp;quot;http://publications.europa.eu/resource/authority/corporate-body/EFTA&amp;amp;quot;/&amp;amp;gt;
            &amp;amp;lt;/xsl:if&amp;amp;gt;
            &amp;amp;lt;xsl:if test=&amp;amp;quot;$peco = &amp;amp;apos;true&amp;amp;apos;&amp;amp;quot;&amp;amp;gt;
                &amp;amp;lt;obeu-optional:location rdf:resource=&amp;amp;quot;http://fr.dbpedia.org/resource/Europe_centrale_et_orientale&amp;amp;quot;/&amp;amp;gt;
            &amp;amp;lt;/xsl:if&amp;amp;gt;
            &amp;amp;lt;xsl:if test=&amp;amp;quot;$delegation = &amp;amp;apos;true&amp;amp;apos;&amp;amp;quot;&amp;amp;gt;
                &amp;amp;lt;eu-optional:isDelegation rdf:datatype=&amp;amp;quot;&amp;amp;amp;xsd;boolean&amp;amp;quot;&amp;amp;gt;true&amp;amp;lt;/eu-optional:isDelegation&amp;amp;gt;
            &amp;amp;lt;/xsl:if&amp;amp;gt;
            &amp;amp;lt;xsl:if test=&amp;amp;quot;$compulsoryExpenditure = &amp;amp;apos;true&amp;amp;apos;&amp;amp;quot;&amp;amp;gt;
                &amp;amp;lt;eu-optional:compulsoryExpenditure rdf:datatype=&amp;amp;quot;&amp;amp;amp;xsd;boolean&amp;amp;quot;&amp;amp;gt;true&amp;amp;lt;/eu-optional:compulsoryExpenditure&amp;amp;gt;    
            &amp;amp;lt;/xsl:if&amp;amp;gt;
            &amp;amp;lt;xsl:if test=&amp;amp;quot;$isReserve&amp;amp;quot;&amp;amp;gt;
                &amp;amp;lt;eu-optional:isReserve rdf:datatype=&amp;amp;quot;&amp;amp;amp;xsd;boolean&amp;amp;quot;&amp;amp;gt;true&amp;amp;lt;/eu-optional:isReserve&amp;amp;gt;
            &amp;amp;lt;/xsl:if&amp;amp;gt;
            &amp;amp;lt;obeu-measure:amount rdf:datatype=&amp;amp;quot;&amp;amp;amp;xsd;decimal&amp;amp;quot;&amp;amp;gt;&amp;amp;lt;xsl:value-of select=&amp;amp;quot;f:clearAmount(text())&amp;amp;quot;/&amp;amp;gt;&amp;amp;lt;/obeu-measure:amount&amp;amp;gt;
        &amp;amp;lt;/qb:Observation&amp;amp;gt;
    &amp;amp;lt;/xsl:template&amp;amp;gt;
    
    &amp;amp;lt;xsl:template match=&amp;amp;quot;figure[text() != &amp;amp;apos;p.m.&amp;amp;apos;]&amp;amp;quot; mode=&amp;amp;quot;reserve&amp;amp;quot;&amp;amp;gt;
        &amp;amp;lt;xsl:param name=&amp;amp;quot;nomenclature&amp;amp;quot; tunnel=&amp;amp;quot;yes&amp;amp;quot;/&amp;amp;gt;
        &amp;amp;lt;xsl:param name=&amp;amp;quot;programsLink&amp;amp;quot; tunnel=&amp;amp;quot;yes&amp;amp;quot;/&amp;amp;gt;
        &amp;amp;lt;xsl:param name=&amp;amp;quot;agencyCode&amp;amp;quot; tunnel=&amp;amp;quot;yes&amp;amp;quot;/&amp;amp;gt;
        &amp;amp;lt;xsl:param name=&amp;amp;quot;fiscalYear&amp;amp;quot; tunnel=&amp;amp;quot;yes&amp;amp;quot;/&amp;amp;gt;
        &amp;amp;lt;xsl:param name=&amp;amp;quot;catpol&amp;amp;quot; tunnel=&amp;amp;quot;yes&amp;amp;quot;/&amp;amp;gt;
        &amp;amp;lt;xsl:param name=&amp;amp;quot;alias&amp;amp;quot;/&amp;amp;gt;
        &amp;amp;lt;xsl:variable name=&amp;amp;quot;operationCharacter&amp;amp;quot; select=&amp;amp;quot;$operationCharacters/operationCharacter[@key = (if (current()/@commpay) then current()/@commpay else &amp;amp;apos;default&amp;amp;apos;)]&amp;amp;quot;/&amp;amp;gt;
        &amp;amp;lt;xsl:variable name=&amp;amp;quot;observation&amp;amp;quot; select=&amp;amp;quot;concat($namespace, &amp;amp;apos;observation/EU/&amp;amp;apos;, $operationCharacter/text(), &amp;amp;apos;/&amp;amp;apos;, $fiscalYear/@budgetPhase, &amp;amp;apos;/&amp;amp;apos;,
            $fiscalYear/@year, &amp;amp;apos;/&amp;amp;apos;, $nomenclature, &amp;amp;apos;/&amp;amp;apos;, $catpol)&amp;amp;quot;/&amp;amp;gt;
        &amp;amp;lt;qb:Observation rdf:about=&amp;amp;quot;{concat($reserveNs, &amp;amp;apos;observation/EU/&amp;amp;apos;, $operationCharacter/text(), &amp;amp;apos;/&amp;amp;apos;, $fiscalYear/@budgetPhase, &amp;amp;apos;/&amp;amp;apos;,
            $fiscalYear/@year, &amp;amp;apos;/&amp;amp;apos;, $nomenclature, &amp;amp;apos;/&amp;amp;apos;, $catpol)}&amp;amp;quot;&amp;amp;gt;
            &amp;amp;lt;qb:dataSet rdf:resource=&amp;amp;quot;{$reserveDataset}&amp;amp;quot;/&amp;amp;gt;
            &amp;amp;lt;eu-dimension:reservedFor rdf:resource=&amp;amp;quot;{$observation}&amp;amp;quot;/&amp;amp;gt;
            &amp;amp;lt;xsl:if test=&amp;amp;quot;$alias&amp;amp;quot;&amp;amp;gt;
                &amp;amp;lt;xsl:variable name=&amp;amp;quot;reserveNomenclature&amp;amp;quot; select=&amp;amp;quot;concat(f:inferNomenclatureLevel($alias), &amp;amp;apos;-&amp;amp;apos;, f:slugify($alias))&amp;amp;quot;/&amp;amp;gt;
                &amp;amp;lt;eu-optional:budgetNomenclature rdf:resource=&amp;amp;quot;{concat($budgetNomenclatureNs, $reserveNomenclature)}&amp;amp;quot;/&amp;amp;gt;
            &amp;amp;lt;/xsl:if&amp;amp;gt;
            &amp;amp;lt;obeu-measure:amount rdf:datatype=&amp;amp;quot;&amp;amp;amp;xsd;decimal&amp;amp;quot;&amp;amp;gt;&amp;amp;lt;xsl:value-of select=&amp;amp;quot;f:clearAmount(text())&amp;amp;quot;/&amp;amp;gt;&amp;amp;lt;/obeu-measure:amount&amp;amp;gt;
        &amp;amp;lt;/qb:Observation&amp;amp;gt;
    &amp;amp;lt;/xsl:template&amp;amp;gt;
    
    &amp;amp;lt;!-- Catch-all empty template --&amp;amp;gt;
    &amp;amp;lt;xsl:template match=&amp;amp;quot;text()|@*|*&amp;amp;quot; mode=&amp;amp;quot;#all&amp;amp;quot;/&amp;amp;gt;
    
    &amp;amp;lt;!-- Named templates --&amp;amp;gt;
    
    &amp;amp;lt;xsl:template name=&amp;amp;quot;defaultDatasetComponents&amp;amp;quot;&amp;amp;gt;
        &amp;amp;lt;obeu-attribute:currency rdf:resource=&amp;amp;quot;http://data.openbudgets.eu/codelist/currency/EUR&amp;amp;quot;/&amp;amp;gt;
    &amp;amp;lt;/xsl:template&amp;amp;gt;
    
&amp;amp;lt;/xsl:stylesheet&amp;amp;gt;&amp;lt;/xsltTemplate&amp;gt;
    &amp;lt;xsltTemplateName&amp;gt;Empty&amp;lt;/xsltTemplateName&amp;gt;
    &amp;lt;failOnError&amp;gt;true&amp;lt;/failOnError&amp;gt;
    &amp;lt;outputFileExtension&amp;gt;.rdf&amp;lt;/outputFileExtension&amp;gt;
    &amp;lt;filesParameters class=&amp;quot;linked-list&amp;quot;/&amp;gt;
    &amp;lt;numberOfExtraThreads&amp;gt;0&amp;lt;/numberOfExtraThreads&amp;gt;
  &amp;lt;/cz.cuni.mff.xrg.uv.transformer.xslt.XsltConfig__V2&amp;gt;
&amp;lt;/object-stream&amp;gt;&lt;/string&gt;
      &lt;/entry&gt;
      &lt;entry&gt;
        &lt;string&gt;addon/faultToleranceWrap&lt;/string&gt;
        &lt;string&gt;&amp;lt;object-stream&amp;gt;
  &amp;lt;eu.unifiedviews.helpers.dpu.extension.faulttolerance.FaultTolerance_-Configuration__V1&amp;gt;
    &amp;lt;enabled&amp;gt;false&amp;lt;/enabled&amp;gt;
    &amp;lt;exceptionNames class=&amp;quot;linked-list&amp;quot;/&amp;gt;
    &amp;lt;maxRetryCount&amp;gt;-1&amp;lt;/maxRetryCount&amp;gt;
  &amp;lt;/eu.unifiedviews.helpers.dpu.extension.faulttolerance.FaultTolerance_-Configuration__V1&amp;gt;
&amp;lt;/object-stream&amp;gt;&lt;/string&gt;
      &lt;/entry&gt;
    &lt;/configurations&gt;
  &lt;/MasterConfigObject&gt;
&lt;/object-stream&gt;</rawConf>
            <template>
              <description></description>
              <jarName>uv-t-xslt-2.2.3.jar</jarName>
              <menuName>uv-t-xslt</menuName>
              <name>uv-t-xslt</name>
              <rawConf>&lt;object-stream&gt;
  &lt;MasterConfigObject&gt;
    &lt;configurations&gt;
      &lt;entry&gt;
        &lt;string&gt;dpu_config&lt;/string&gt;
        &lt;string&gt;&amp;lt;object-stream&amp;gt;
  &amp;lt;cz.cuni.mff.xrg.uv.transformer.xslt.XsltConfig__V2&amp;gt;
    &amp;lt;xsltTemplate&amp;gt;&amp;lt;/xsltTemplate&amp;gt;
    &amp;lt;xsltTemplateName&amp;gt;Empty&amp;lt;/xsltTemplateName&amp;gt;
    &amp;lt;failOnError&amp;gt;true&amp;lt;/failOnError&amp;gt;
    &amp;lt;outputFileExtension&amp;gt;&amp;lt;/outputFileExtension&amp;gt;
    &amp;lt;filesParameters class=&amp;quot;linked-list&amp;quot;/&amp;gt;
    &amp;lt;numberOfExtraThreads&amp;gt;0&amp;lt;/numberOfExtraThreads&amp;gt;
  &amp;lt;/cz.cuni.mff.xrg.uv.transformer.xslt.XsltConfig__V2&amp;gt;
&amp;lt;/object-stream&amp;gt;&lt;/string&gt;
      &lt;/entry&gt;
    &lt;/configurations&gt;
  &lt;/MasterConfigObject&gt;
&lt;/object-stream&gt;</rawConf>
              <useDPUDescription>false</useDPUDescription>
            </template>
            <useDPUDescription>false</useDPUDescription>
            <useTemplateConfig>false</useTemplateConfig>
          </dpuInstance>
          <graph reference="../../../.."/>
          <position>
            <x>534</x>
            <y>113</y>
          </position>
        </to>
      </cz.cuni.mff.xrg.odcs.commons.app.pipeline.graph.Edge>
      <cz.cuni.mff.xrg.odcs.commons.app.pipeline.graph.Edge>
        <from reference="../../cz.cuni.mff.xrg.odcs.commons.app.pipeline.graph.Edge/to"/>
        <graph reference="../../.."/>
        <script>output -&gt; metadata;</script>
        <to>
          <dpuInstance>
            <description></description>
            <menuName>L-CKANOdcz</menuName>
            <name>L-CKANOdcz</name>
            <rawConf>&lt;object-stream&gt;
  &lt;MasterConfigObject&gt;
    &lt;configurations&gt;
      &lt;entry&gt;
        &lt;string&gt;dpu_config&lt;/string&gt;
        &lt;string&gt;&amp;lt;object-stream&amp;gt;
  &amp;lt;cz.opendata.unifiedviews.dpus.ckan.CKANLoaderConfig__V3&amp;gt;
    &amp;lt;apiUri&amp;gt;http://obeu.vse.cz/api/3/action&amp;lt;/apiUri&amp;gt;
    &amp;lt;apiKey&amp;gt;d2413b79-f04e-4fdf-bce7-e621c1492236&amp;lt;/apiKey&amp;gt;
    &amp;lt;loadToCKAN&amp;gt;true&amp;lt;/loadToCKAN&amp;gt;
    &amp;lt;datasetID&amp;gt;eu-budget-2014&amp;lt;/datasetID&amp;gt;
    &amp;lt;filename&amp;gt;ckan-api.json&amp;lt;/filename&amp;gt;
    &amp;lt;orgID&amp;gt;&amp;lt;/orgID&amp;gt;
    &amp;lt;loadLanguage&amp;gt;en&amp;lt;/loadLanguage&amp;gt;
    &amp;lt;generateVirtuosoTurtleExampleResource&amp;gt;true&amp;lt;/generateVirtuosoTurtleExampleResource&amp;gt;
    &amp;lt;generateExampleResource&amp;gt;true&amp;lt;/generateExampleResource&amp;gt;
    &amp;lt;overwrite&amp;gt;true&amp;lt;/overwrite&amp;gt;
  &amp;lt;/cz.opendata.unifiedviews.dpus.ckan.CKANLoaderConfig__V3&amp;gt;
&amp;lt;/object-stream&amp;gt;&lt;/string&gt;
      &lt;/entry&gt;
      &lt;entry&gt;
        &lt;string&gt;addon/faultToleranceWrap&lt;/string&gt;
        &lt;string&gt;&amp;lt;object-stream&amp;gt;
  &amp;lt;eu.unifiedviews.helpers.dpu.extension.faulttolerance.FaultTolerance_-Configuration__V1&amp;gt;
    &amp;lt;enabled&amp;gt;true&amp;lt;/enabled&amp;gt;
    &amp;lt;exceptionNames class=&amp;quot;linked-list&amp;quot;/&amp;gt;
    &amp;lt;maxRetryCount&amp;gt;-1&amp;lt;/maxRetryCount&amp;gt;
  &amp;lt;/eu.unifiedviews.helpers.dpu.extension.faulttolerance.FaultTolerance_-Configuration__V1&amp;gt;
&amp;lt;/object-stream&amp;gt;&lt;/string&gt;
      &lt;/entry&gt;
    &lt;/configurations&gt;
  &lt;/MasterConfigObject&gt;
&lt;/object-stream&gt;</rawConf>
            <template>
              <description></description>
              <jarName>L-CKANOdcz-3.3.0.jar</jarName>
              <menuName>L-CKANOdcz</menuName>
              <name>L-CKANOdcz</name>
              <rawConf>&lt;object-stream&gt;
  &lt;MasterConfigObject&gt;
    &lt;configurations&gt;
      &lt;entry&gt;
        &lt;string&gt;dpu_config&lt;/string&gt;
        &lt;string&gt;&amp;lt;object-stream&amp;gt;
  &amp;lt;cz.opendata.unifiedviews.dpus.ckan.CKANLoaderConfig__V3&amp;gt;
    &amp;lt;apiUri&amp;gt;http://ckan.opendata.cz/api/3/action&amp;lt;/apiUri&amp;gt;
    &amp;lt;apiKey&amp;gt;&amp;lt;/apiKey&amp;gt;
    &amp;lt;loadToCKAN&amp;gt;true&amp;lt;/loadToCKAN&amp;gt;
    &amp;lt;datasetID&amp;gt;&amp;lt;/datasetID&amp;gt;
    &amp;lt;filename&amp;gt;ckan-api.json&amp;lt;/filename&amp;gt;
    &amp;lt;orgID&amp;gt;d2664e4e-25ba-4dcc-a842-dcc5f2d2f326&amp;lt;/orgID&amp;gt;
    &amp;lt;loadLanguage&amp;gt;cs&amp;lt;/loadLanguage&amp;gt;
    &amp;lt;generateVirtuosoTurtleExampleResource&amp;gt;true&amp;lt;/generateVirtuosoTurtleExampleResource&amp;gt;
    &amp;lt;generateExampleResource&amp;gt;true&amp;lt;/generateExampleResource&amp;gt;
    &amp;lt;overwrite&amp;gt;false&amp;lt;/overwrite&amp;gt;
  &amp;lt;/cz.opendata.unifiedviews.dpus.ckan.CKANLoaderConfig__V3&amp;gt;
&amp;lt;/object-stream&amp;gt;&lt;/string&gt;
      &lt;/entry&gt;
    &lt;/configurations&gt;
  &lt;/MasterConfigObject&gt;
&lt;/object-stream&gt;</rawConf>
              <useDPUDescription>false</useDPUDescription>
            </template>
            <useDPUDescription>false</useDPUDescription>
            <useTemplateConfig>false</useTemplateConfig>
          </dpuInstance>
          <graph reference="../../../.."/>
          <position>
            <x>537</x>
            <y>507</y>
          </position>
        </to>
      </cz.cuni.mff.xrg.odcs.commons.app.pipeline.graph.Edge>
      <cz.cuni.mff.xrg.odcs.commons.app.pipeline.graph.Edge>
        <from reference="../../cz.cuni.mff.xrg.odcs.commons.app.pipeline.graph.Edge[8]/to"/>
        <graph reference="../../.."/>
        <script>filesOutput -&gt; filesInput;</script>
        <to>
          <dpuInstance>
            <description></description>
            <menuName>uv-t-filesToRdf</menuName>
            <name>uv-t-filesToRdf</name>
            <rawConf>&lt;object-stream&gt;
  &lt;MasterConfigObject&gt;
    &lt;configurations&gt;
      &lt;entry&gt;
        &lt;string&gt;dpu_config&lt;/string&gt;
        &lt;string&gt;&amp;lt;object-stream&amp;gt;
  &amp;lt;eu.unifiedviews.plugins.transformer.filestordft.FilesToRDFConfig__V1&amp;gt;
    &amp;lt;symbolicNameToBaseURIMap class=&amp;quot;linked-hash-map&amp;quot;/&amp;gt;
    &amp;lt;symbolicNameToFormatMap class=&amp;quot;linked-hash-map&amp;quot;/&amp;gt;
    &amp;lt;commitSize&amp;gt;100000&amp;lt;/commitSize&amp;gt;
    &amp;lt;fatalErrorHandling&amp;gt;STOP_EXTRACTION&amp;lt;/fatalErrorHandling&amp;gt;
    &amp;lt;errorHandling&amp;gt;SKIP_CONTINUE_THIS_FILE&amp;lt;/errorHandling&amp;gt;
    &amp;lt;warningHandling&amp;gt;SKIP_CONTINUE_THIS_FILE&amp;lt;/warningHandling&amp;gt;
    &amp;lt;outputNaming&amp;gt;USE_INPUT_GRAPH_NAME&amp;lt;/outputNaming&amp;gt;
  &amp;lt;/eu.unifiedviews.plugins.transformer.filestordft.FilesToRDFConfig__V1&amp;gt;
&amp;lt;/object-stream&amp;gt;&lt;/string&gt;
      &lt;/entry&gt;
    &lt;/configurations&gt;
  &lt;/MasterConfigObject&gt;
&lt;/object-stream&gt;</rawConf>
            <template reference="../../../../cz.cuni.mff.xrg.odcs.commons.app.pipeline.graph.Edge[5]/to/dpuInstance/template"/>
            <useDPUDescription>false</useDPUDescription>
            <useTemplateConfig>false</useTemplateConfig>
          </dpuInstance>
          <graph reference="../../../.."/>
          <position>
            <x>366</x>
            <y>119</y>
          </position>
        </to>
      </cz.cuni.mff.xrg.odcs.commons.app.pipeline.graph.Edge>
      <cz.cuni.mff.xrg.odcs.commons.app.pipeline.graph.Edge>
        <from reference="../../cz.cuni.mff.xrg.odcs.commons.app.pipeline.graph.Edge[10]/to"/>
        <graph reference="../../.."/>
        <script>rdfOutput -&gt; input;</script>
        <to>
          <dpuInstance>
            <description></description>
            <menuName>uv-t-rdfGraphMerger</menuName>
            <name>uv-t-rdfGraphMerger</name>
            <rawConf>&lt;object-stream&gt;
  &lt;MasterConfigObject&gt;
    &lt;configurations&gt;
      &lt;entry&gt;
        &lt;string&gt;dpu_config&lt;/string&gt;
        &lt;string&gt;&amp;lt;object-stream&amp;gt;
  &amp;lt;eu.unifiedviews.plugins.transformer.rdfgraphmerger.RdfGraphMergerConfig__V1/&amp;gt;
&amp;lt;/object-stream&amp;gt;&lt;/string&gt;
      &lt;/entry&gt;
    &lt;/configurations&gt;
  &lt;/MasterConfigObject&gt;
&lt;/object-stream&gt;</rawConf>
            <template reference="../../../../cz.cuni.mff.xrg.odcs.commons.app.pipeline.graph.Edge/to/dpuInstance/template"/>
            <useDPUDescription>false</useDPUDescription>
            <useTemplateConfig>false</useTemplateConfig>
          </dpuInstance>
          <graph reference="../../../.."/>
          <position>
            <x>368</x>
            <y>203</y>
          </position>
        </to>
      </cz.cuni.mff.xrg.odcs.commons.app.pipeline.graph.Edge>
      <cz.cuni.mff.xrg.odcs.commons.app.pipeline.graph.Edge>
        <from reference="../../cz.cuni.mff.xrg.odcs.commons.app.pipeline.graph.Edge/to"/>
        <graph reference="../../.."/>
        <script>output -&gt; rdfInput;</script>
        <to>
          <dpuInstance>
            <description></description>
            <menuName>uv-l-rdfToVirtuoso</menuName>
            <name>uv-l-rdfToVirtuoso</name>
            <rawConf>&lt;object-stream&gt;
  &lt;MasterConfigObject&gt;
    &lt;configurations&gt;
      &lt;entry&gt;
        &lt;string&gt;dpu_config&lt;/string&gt;
        &lt;string&gt;&amp;lt;object-stream&amp;gt;
  &amp;lt;eu.unifiedviews.plugins.loader.rdftovirtuoso.RdfToVirtuosoConfig__V1&amp;gt;
    &amp;lt;virtuosoUrl&amp;gt;jdbc:virtuoso://localhost:1111/charset=UTF-8/&amp;lt;/virtuosoUrl&amp;gt;
    &amp;lt;username&amp;gt;dba&amp;lt;/username&amp;gt;
    &amp;lt;password&amp;gt;loddva&amp;lt;/password&amp;gt;
    &amp;lt;clearDestinationGraph&amp;gt;true&amp;lt;/clearDestinationGraph&amp;gt;
    &amp;lt;targetGraphName&amp;gt;http://data.openbudgets.eu/resource/dataset/budget-of-the-european-union-2014/metadata&amp;lt;/targetGraphName&amp;gt;
    &amp;lt;threadCount&amp;gt;0&amp;lt;/threadCount&amp;gt;
    &amp;lt;skipOnError&amp;gt;false&amp;lt;/skipOnError&amp;gt;
    &amp;lt;commitSize&amp;gt;100000&amp;lt;/commitSize&amp;gt;
  &amp;lt;/eu.unifiedviews.plugins.loader.rdftovirtuoso.RdfToVirtuosoConfig__V1&amp;gt;
&amp;lt;/object-stream&amp;gt;&lt;/string&gt;
      &lt;/entry&gt;
    &lt;/configurations&gt;
  &lt;/MasterConfigObject&gt;
&lt;/object-stream&gt;</rawConf>
            <template>
              <description></description>
              <jarName>uv-l-rdfToVirtuoso-1.0.3.jar</jarName>
              <menuName>uv-l-rdfToVirtuoso</menuName>
              <name>uv-l-rdfToVirtuoso</name>
              <rawConf>&lt;object-stream&gt;
  &lt;MasterConfigObject&gt;
    &lt;configurations&gt;
      &lt;entry&gt;
        &lt;string&gt;dpu_config&lt;/string&gt;
        &lt;string&gt;&amp;lt;object-stream&amp;gt;
  &amp;lt;eu.unifiedviews.plugins.loader.rdftovirtuoso.RdfToVirtuosoConfig__V1&amp;gt;
    &amp;lt;virtuosoUrl&amp;gt;jdbc:virtuoso://localhost:1111/charset=UTF-8/&amp;lt;/virtuosoUrl&amp;gt;
    &amp;lt;username&amp;gt;dba&amp;lt;/username&amp;gt;
    &amp;lt;password&amp;gt;dba&amp;lt;/password&amp;gt;
    &amp;lt;clearDestinationGraph&amp;gt;false&amp;lt;/clearDestinationGraph&amp;gt;
    &amp;lt;targetGraphName&amp;gt;&amp;lt;/targetGraphName&amp;gt;
    &amp;lt;threadCount&amp;gt;0&amp;lt;/threadCount&amp;gt;
    &amp;lt;skipOnError&amp;gt;false&amp;lt;/skipOnError&amp;gt;
    &amp;lt;commitSize&amp;gt;100000&amp;lt;/commitSize&amp;gt;
  &amp;lt;/eu.unifiedviews.plugins.loader.rdftovirtuoso.RdfToVirtuosoConfig__V1&amp;gt;
&amp;lt;/object-stream&amp;gt;&lt;/string&gt;
      &lt;/entry&gt;
    &lt;/configurations&gt;
  &lt;/MasterConfigObject&gt;
&lt;/object-stream&gt;</rawConf>
              <useDPUDescription>false</useDPUDescription>
            </template>
            <useDPUDescription>false</useDPUDescription>
            <useTemplateConfig>false</useTemplateConfig>
          </dpuInstance>
          <graph reference="../../../.."/>
          <position>
            <x>368</x>
            <y>508</y>
          </position>
        </to>
      </cz.cuni.mff.xrg.odcs.commons.app.pipeline.graph.Edge>
      <cz.cuni.mff.xrg.odcs.commons.app.pipeline.graph.Edge>
        <from reference="../../cz.cuni.mff.xrg.odcs.commons.app.pipeline.graph.Edge[11]/to"/>
        <graph reference="../../.."/>
        <script>output -&gt; input;</script>
        <to>
          <dpuInstance>
            <description></description>
            <menuName>uv-t-rdfToFiles</menuName>
            <name>uv-t-rdfToFiles</name>
            <rawConf>&lt;object-stream&gt;
  &lt;MasterConfigObject&gt;
    &lt;configurations&gt;
      &lt;entry&gt;
        &lt;string&gt;dpu_config&lt;/string&gt;
        &lt;string&gt;&amp;lt;object-stream&amp;gt;
  &amp;lt;eu.unifiedviews.plugins.transformer.rdftofiles.RdfToFilesConfig__V2&amp;gt;
    &amp;lt;outFileName&amp;gt;eu_budget_2014&amp;lt;/outFileName&amp;gt;
    &amp;lt;rdfFileFormat&amp;gt;Turtle&amp;lt;/rdfFileFormat&amp;gt;
    &amp;lt;genGraphFile&amp;gt;false&amp;lt;/genGraphFile&amp;gt;
    &amp;lt;outGraphName&amp;gt;&amp;lt;/outGraphName&amp;gt;
  &amp;lt;/eu.unifiedviews.plugins.transformer.rdftofiles.RdfToFilesConfig__V2&amp;gt;
&amp;lt;/object-stream&amp;gt;&lt;/string&gt;
      &lt;/entry&gt;
      &lt;entry&gt;
        &lt;string&gt;addon/faultToleranceWrap&lt;/string&gt;
        &lt;string&gt;&amp;lt;object-stream&amp;gt;
  &amp;lt;eu.unifiedviews.helpers.dpu.extension.faulttolerance.FaultTolerance_-Configuration__V1&amp;gt;
    &amp;lt;enabled&amp;gt;false&amp;lt;/enabled&amp;gt;
    &amp;lt;exceptionNames class=&amp;quot;linked-list&amp;quot;/&amp;gt;
    &amp;lt;maxRetryCount&amp;gt;-1&amp;lt;/maxRetryCount&amp;gt;
  &amp;lt;/eu.unifiedviews.helpers.dpu.extension.faulttolerance.FaultTolerance_-Configuration__V1&amp;gt;
&amp;lt;/object-stream&amp;gt;&lt;/string&gt;
      &lt;/entry&gt;
    &lt;/configurations&gt;
  &lt;/MasterConfigObject&gt;
&lt;/object-stream&gt;</rawConf>
            <template>
              <description></description>
              <jarName>uv-t-rdfToFiles-2.2.0-SNAPSHOT.jar</jarName>
              <menuName>uv-t-rdfToFiles</menuName>
              <name>uv-t-rdfToFiles</name>
              <rawConf>&lt;object-stream&gt;
  &lt;MasterConfigObject&gt;
    &lt;configurations&gt;
      &lt;entry&gt;
        &lt;string&gt;dpu_config&lt;/string&gt;
        &lt;string&gt;&amp;lt;object-stream&amp;gt;
  &amp;lt;eu.unifiedviews.plugins.transformer.rdftofiles.RdfToFilesConfig__V2&amp;gt;
    &amp;lt;outFileName&amp;gt;output&amp;lt;/outFileName&amp;gt;
    &amp;lt;rdfFileFormat&amp;gt;Turtle&amp;lt;/rdfFileFormat&amp;gt;
    &amp;lt;genGraphFile&amp;gt;true&amp;lt;/genGraphFile&amp;gt;
    &amp;lt;outGraphName&amp;gt;http://localhost/resource/output&amp;lt;/outGraphName&amp;gt;
  &amp;lt;/eu.unifiedviews.plugins.transformer.rdftofiles.RdfToFilesConfig__V2&amp;gt;
&amp;lt;/object-stream&amp;gt;&lt;/string&gt;
      &lt;/entry&gt;
    &lt;/configurations&gt;
  &lt;/MasterConfigObject&gt;
&lt;/object-stream&gt;</rawConf>
              <useDPUDescription>false</useDPUDescription>
            </template>
            <useDPUDescription>false</useDPUDescription>
            <useTemplateConfig>false</useTemplateConfig>
          </dpuInstance>
          <graph reference="../../../.."/>
          <position>
            <x>370</x>
            <y>284</y>
          </position>
        </to>
      </cz.cuni.mff.xrg.odcs.commons.app.pipeline.graph.Edge>
      <cz.cuni.mff.xrg.odcs.commons.app.pipeline.graph.Edge>
        <from reference="../../cz.cuni.mff.xrg.odcs.commons.app.pipeline.graph.Edge[5]/to"/>
        <graph reference="../../.."/>
        <script>rdfOutput -&gt; input;</script>
        <to reference="../../cz.cuni.mff.xrg.odcs.commons.app.pipeline.graph.Edge[11]/to"/>
      </cz.cuni.mff.xrg.odcs.commons.app.pipeline.graph.Edge>
      <cz.cuni.mff.xrg.odcs.commons.app.pipeline.graph.Edge>
        <from>
          <dpuInstance>
            <description></description>
            <menuName>uv-t-rdfToFiles</menuName>
            <name>uv-t-rdfToFiles</name>
            <rawConf>&lt;object-stream&gt;
  &lt;MasterConfigObject&gt;
    &lt;configurations&gt;
      &lt;entry&gt;
        &lt;string&gt;dpu_config&lt;/string&gt;
        &lt;string&gt;&amp;lt;object-stream&amp;gt;
  &amp;lt;eu.unifiedviews.plugins.transformer.rdftofiles.RdfToFilesConfig__V2&amp;gt;
    &amp;lt;outFileName&amp;gt;eu_budget_2014_metadata&amp;lt;/outFileName&amp;gt;
    &amp;lt;rdfFileFormat&amp;gt;Turtle&amp;lt;/rdfFileFormat&amp;gt;
    &amp;lt;genGraphFile&amp;gt;false&amp;lt;/genGraphFile&amp;gt;
    &amp;lt;outGraphName&amp;gt;&amp;lt;/outGraphName&amp;gt;
  &amp;lt;/eu.unifiedviews.plugins.transformer.rdftofiles.RdfToFilesConfig__V2&amp;gt;
&amp;lt;/object-stream&amp;gt;&lt;/string&gt;
      &lt;/entry&gt;
      &lt;entry&gt;
        &lt;string&gt;addon/faultToleranceWrap&lt;/string&gt;
        &lt;string&gt;&amp;lt;object-stream&amp;gt;
  &amp;lt;eu.unifiedviews.helpers.dpu.extension.faulttolerance.FaultTolerance_-Configuration__V1&amp;gt;
    &amp;lt;enabled&amp;gt;false&amp;lt;/enabled&amp;gt;
    &amp;lt;exceptionNames class=&amp;quot;linked-list&amp;quot;/&amp;gt;
    &amp;lt;maxRetryCount&amp;gt;-1&amp;lt;/maxRetryCount&amp;gt;
  &amp;lt;/eu.unifiedviews.helpers.dpu.extension.faulttolerance.FaultTolerance_-Configuration__V1&amp;gt;
&amp;lt;/object-stream&amp;gt;&lt;/string&gt;
      &lt;/entry&gt;
    &lt;/configurations&gt;
  &lt;/MasterConfigObject&gt;
&lt;/object-stream&gt;</rawConf>
            <template reference="../../../../cz.cuni.mff.xrg.odcs.commons.app.pipeline.graph.Edge[13]/to/dpuInstance/template"/>
            <useDPUDescription>false</useDPUDescription>
            <useTemplateConfig>false</useTemplateConfig>
          </dpuInstance>
          <graph reference="../../../.."/>
          <position>
            <x>696</x>
            <y>430</y>
          </position>
        </from>
        <graph reference="../../.."/>
        <script>output -&gt; input;</script>
        <to>
          <dpuInstance>
            <description></description>
            <menuName>uv-l-filesUpload</menuName>
            <name>uv-l-filesUpload</name>
            <rawConf>&lt;object-stream&gt;
  &lt;MasterConfigObject&gt;
    &lt;configurations&gt;
      &lt;entry&gt;
        &lt;string&gt;dpu_config&lt;/string&gt;
        &lt;string&gt;&amp;lt;object-stream&amp;gt;
  &amp;lt;eu.unifiedviews.plugins.loader.filesupload.FilesUploadConfig__V1&amp;gt;
    &amp;lt;uri&amp;gt;/data/dump&amp;lt;/uri&amp;gt;
    &amp;lt;username&amp;gt;&amp;lt;/username&amp;gt;
    &amp;lt;password&amp;gt;&amp;lt;/password&amp;gt;
    &amp;lt;softFail&amp;gt;false&amp;lt;/softFail&amp;gt;
    &amp;lt;moveFiles&amp;gt;false&amp;lt;/moveFiles&amp;gt;
  &amp;lt;/eu.unifiedviews.plugins.loader.filesupload.FilesUploadConfig__V1&amp;gt;
&amp;lt;/object-stream&amp;gt;&lt;/string&gt;
      &lt;/entry&gt;
      &lt;entry&gt;
        &lt;string&gt;addon/faultToleranceWrap&lt;/string&gt;
        &lt;string&gt;&amp;lt;object-stream&amp;gt;
  &amp;lt;eu.unifiedviews.helpers.dpu.extension.faulttolerance.FaultTolerance_-Configuration__V1&amp;gt;
    &amp;lt;enabled&amp;gt;true&amp;lt;/enabled&amp;gt;
    &amp;lt;exceptionNames class=&amp;quot;linked-list&amp;quot;/&amp;gt;
    &amp;lt;maxRetryCount&amp;gt;-1&amp;lt;/maxRetryCount&amp;gt;
  &amp;lt;/eu.unifiedviews.helpers.dpu.extension.faulttolerance.FaultTolerance_-Configuration__V1&amp;gt;
&amp;lt;/object-stream&amp;gt;&lt;/string&gt;
      &lt;/entry&gt;
    &lt;/configurations&gt;
  &lt;/MasterConfigObject&gt;
&lt;/object-stream&gt;</rawConf>
            <template reference="../../../../cz.cuni.mff.xrg.odcs.commons.app.pipeline.graph.Edge/from/dpuInstance/template"/>
            <useDPUDescription>false</useDPUDescription>
            <useTemplateConfig>false</useTemplateConfig>
          </dpuInstance>
          <graph reference="../../../.."/>
          <position>
            <x>694</x>
            <y>502</y>
          </position>
        </to>
      </cz.cuni.mff.xrg.odcs.commons.app.pipeline.graph.Edge>
      <cz.cuni.mff.xrg.odcs.commons.app.pipeline.graph.Edge>
        <from reference="../../cz.cuni.mff.xrg.odcs.commons.app.pipeline.graph.Edge/to"/>
        <graph reference="../../.."/>
        <script>output -&gt; input;</script>
        <to reference="../../cz.cuni.mff.xrg.odcs.commons.app.pipeline.graph.Edge[15]/from"/>
      </cz.cuni.mff.xrg.odcs.commons.app.pipeline.graph.Edge>
      <cz.cuni.mff.xrg.odcs.commons.app.pipeline.graph.Edge>
        <from reference="../../cz.cuni.mff.xrg.odcs.commons.app.pipeline.graph.Edge[13]/to"/>
        <graph reference="../../.."/>
        <script>output -&gt; input;</script>
        <to reference="../../cz.cuni.mff.xrg.odcs.commons.app.pipeline.graph.Edge/from"/>
      </cz.cuni.mff.xrg.odcs.commons.app.pipeline.graph.Edge>
      <cz.cuni.mff.xrg.odcs.commons.app.pipeline.graph.Edge>
        <from reference="../../cz.cuni.mff.xrg.odcs.commons.app.pipeline.graph.Edge[11]/to"/>
        <graph reference="../../.."/>
        <script>output -&gt; rdfInput;</script>
        <to>
          <dpuInstance>
            <description></description>
            <menuName>uv-l-rdfToVirtuoso</menuName>
            <name>uv-l-rdfToVirtuoso</name>
            <rawConf>&lt;object-stream&gt;
  &lt;MasterConfigObject&gt;
    &lt;configurations&gt;
      &lt;entry&gt;
        &lt;string&gt;dpu_config&lt;/string&gt;
        &lt;string&gt;&amp;lt;object-stream&amp;gt;
  &amp;lt;eu.unifiedviews.plugins.loader.rdftovirtuoso.RdfToVirtuosoConfig__V1&amp;gt;
    &amp;lt;virtuosoUrl&amp;gt;jdbc:virtuoso://localhost:1111/charset=UTF-8/&amp;lt;/virtuosoUrl&amp;gt;
    &amp;lt;username&amp;gt;dba&amp;lt;/username&amp;gt;
    &amp;lt;password&amp;gt;loddva&amp;lt;/password&amp;gt;
    &amp;lt;clearDestinationGraph&amp;gt;true&amp;lt;/clearDestinationGraph&amp;gt;
    &amp;lt;targetGraphName&amp;gt;http://data.openbudgets.eu/resource/dataset/budget-of-the-european-union-2014&amp;lt;/targetGraphName&amp;gt;
    &amp;lt;threadCount&amp;gt;0&amp;lt;/threadCount&amp;gt;
    &amp;lt;skipOnError&amp;gt;false&amp;lt;/skipOnError&amp;gt;
    &amp;lt;commitSize&amp;gt;100000&amp;lt;/commitSize&amp;gt;
  &amp;lt;/eu.unifiedviews.plugins.loader.rdftovirtuoso.RdfToVirtuosoConfig__V1&amp;gt;
&amp;lt;/object-stream&amp;gt;&lt;/string&gt;
      &lt;/entry&gt;
    &lt;/configurations&gt;
  &lt;/MasterConfigObject&gt;
&lt;/object-stream&gt;</rawConf>
            <template reference="../../../../cz.cuni.mff.xrg.odcs.commons.app.pipeline.graph.Edge[12]/to/dpuInstance/template"/>
            <useDPUDescription>false</useDPUDescription>
            <useTemplateConfig>false</useTemplateConfig>
          </dpuInstance>
          <graph reference="../../../.."/>
          <position>
            <x>204</x>
            <y>203</y>
          </position>
        </to>
      </cz.cuni.mff.xrg.odcs.commons.app.pipeline.graph.Edge>
    </edges>
    <nodes>
      <cz.cuni.mff.xrg.odcs.commons.app.pipeline.graph.Node reference="../../edges/cz.cuni.mff.xrg.odcs.commons.app.pipeline.graph.Edge[13]/to"/>
      <cz.cuni.mff.xrg.odcs.commons.app.pipeline.graph.Node reference="../../edges/cz.cuni.mff.xrg.odcs.commons.app.pipeline.graph.Edge[5]/from"/>
      <cz.cuni.mff.xrg.odcs.commons.app.pipeline.graph.Node reference="../../edges/cz.cuni.mff.xrg.odcs.commons.app.pipeline.graph.Edge[18]/to"/>
      <cz.cuni.mff.xrg.odcs.commons.app.pipeline.graph.Node reference="../../edges/cz.cuni.mff.xrg.odcs.commons.app.pipeline.graph.Edge/to"/>
      <cz.cuni.mff.xrg.odcs.commons.app.pipeline.graph.Node reference="../../edges/cz.cuni.mff.xrg.odcs.commons.app.pipeline.graph.Edge[4]/from"/>
      <cz.cuni.mff.xrg.odcs.commons.app.pipeline.graph.Node reference="../../edges/cz.cuni.mff.xrg.odcs.commons.app.pipeline.graph.Edge[2]/from"/>
      <cz.cuni.mff.xrg.odcs.commons.app.pipeline.graph.Node reference="../../edges/cz.cuni.mff.xrg.odcs.commons.app.pipeline.graph.Edge[6]/to"/>
      <cz.cuni.mff.xrg.odcs.commons.app.pipeline.graph.Node reference="../../edges/cz.cuni.mff.xrg.odcs.commons.app.pipeline.graph.Edge[3]/to"/>
      <cz.cuni.mff.xrg.odcs.commons.app.pipeline.graph.Node reference="../../edges/cz.cuni.mff.xrg.odcs.commons.app.pipeline.graph.Edge[9]/to"/>
      <cz.cuni.mff.xrg.odcs.commons.app.pipeline.graph.Node reference="../../edges/cz.cuni.mff.xrg.odcs.commons.app.pipeline.graph.Edge[2]/to"/>
      <cz.cuni.mff.xrg.odcs.commons.app.pipeline.graph.Node reference="../../edges/cz.cuni.mff.xrg.odcs.commons.app.pipeline.graph.Edge[8]/to"/>
      <cz.cuni.mff.xrg.odcs.commons.app.pipeline.graph.Node reference="../../edges/cz.cuni.mff.xrg.odcs.commons.app.pipeline.graph.Edge[12]/to"/>
      <cz.cuni.mff.xrg.odcs.commons.app.pipeline.graph.Node reference="../../edges/cz.cuni.mff.xrg.odcs.commons.app.pipeline.graph.Edge[10]/to"/>
      <cz.cuni.mff.xrg.odcs.commons.app.pipeline.graph.Node reference="../../edges/cz.cuni.mff.xrg.odcs.commons.app.pipeline.graph.Edge[5]/to"/>
      <cz.cuni.mff.xrg.odcs.commons.app.pipeline.graph.Node reference="../../edges/cz.cuni.mff.xrg.odcs.commons.app.pipeline.graph.Edge[15]/from"/>
      <cz.cuni.mff.xrg.odcs.commons.app.pipeline.graph.Node reference="../../edges/cz.cuni.mff.xrg.odcs.commons.app.pipeline.graph.Edge[11]/to"/>
      <cz.cuni.mff.xrg.odcs.commons.app.pipeline.graph.Node reference="../../edges/cz.cuni.mff.xrg.odcs.commons.app.pipeline.graph.Edge[15]/to"/>
      <cz.cuni.mff.xrg.odcs.commons.app.pipeline.graph.Node reference="../../edges/cz.cuni.mff.xrg.odcs.commons.app.pipeline.graph.Edge/from"/>
    </nodes>
    <pipeline reference="../.."/>
  </graph>
  <lastChange>2016-01-31 16:16:59.0 UTC</lastChange>
  <name>EU budget 2014</name>
  <shareType>PRIVATE</shareType>
</cz.cuni.mff.xrg.odcs.commons.app.pipeline.Pipeline>