<cz.cuni.mff.xrg.odcs.commons.app.pipeline.Pipeline>
  <description></description>
  <graph>
    <edges>
      <cz.cuni.mff.xrg.odcs.commons.app.pipeline.graph.Edge>
        <from>
          <dpuInstance>
            <description></description>
            <menuName>uv-t-tabular</menuName>
            <name>uv-t-tabular</name>
            <rawConf>&lt;object-stream&gt;
  &lt;MasterConfigObject&gt;
    &lt;configurations&gt;
      &lt;entry&gt;
        &lt;string&gt;addon/faultToleranceWrap&lt;/string&gt;
        &lt;string&gt;&amp;lt;object-stream&amp;gt;
  &amp;lt;eu.unifiedviews.helpers.dpu.extension.faulttolerance.FaultTolerance_-Configuration__V1&amp;gt;
    &amp;lt;enabled&amp;gt;false&amp;lt;/enabled&amp;gt;
    &amp;lt;exceptionNames class=&amp;quot;linked-list&amp;quot;/&amp;gt;
    &amp;lt;maxRetryCount&amp;gt;-1&amp;lt;/maxRetryCount&amp;gt;
  &amp;lt;/eu.unifiedviews.helpers.dpu.extension.faulttolerance.FaultTolerance_-Configuration__V1&amp;gt;
&amp;lt;/object-stream&amp;gt;&lt;/string&gt;
      &lt;/entry&gt;
      &lt;entry&gt;
        &lt;string&gt;dpu_config&lt;/string&gt;
        &lt;string&gt;&amp;lt;object-stream&amp;gt;
  &amp;lt;cz.cuni.mff.xrg.uv.transformer.tabular.TabularConfig__V2&amp;gt;
    &amp;lt;baseURI&amp;gt;http://data.openbudgets.eu/resource/dataset/ESIF-2014-2020/observation/&amp;lt;/baseURI&amp;gt;
    &amp;lt;columnsInfo class=&amp;quot;linked-hash-map&amp;quot;&amp;gt;
      &amp;lt;entry&amp;gt;
        &amp;lt;string&amp;gt;MS&amp;lt;/string&amp;gt;
        &amp;lt;cz.cuni.mff.xrg.uv.transformer.tabular.column.ColumnInfo__V1&amp;gt;
          &amp;lt;URI&amp;gt;http://data.openbudgets.eu/ontology/dsd/dimension/administrativeClassification&amp;lt;/URI&amp;gt;
          &amp;lt;type&amp;gt;Auto&amp;lt;/type&amp;gt;
        &amp;lt;/cz.cuni.mff.xrg.uv.transformer.tabular.column.ColumnInfo__V1&amp;gt;
      &amp;lt;/entry&amp;gt;
      &amp;lt;entry&amp;gt;
        &amp;lt;string&amp;gt;TO&amp;lt;/string&amp;gt;
        &amp;lt;cz.cuni.mff.xrg.uv.transformer.tabular.column.ColumnInfo__V1&amp;gt;
          &amp;lt;URI&amp;gt;http://data.openbudgets.eu/ontology/dsd/dimension/functionalClassification&amp;lt;/URI&amp;gt;
          &amp;lt;type&amp;gt;String&amp;lt;/type&amp;gt;
        &amp;lt;/cz.cuni.mff.xrg.uv.transformer.tabular.column.ColumnInfo__V1&amp;gt;
      &amp;lt;/entry&amp;gt;
      &amp;lt;entry&amp;gt;
        &amp;lt;string&amp;gt;Fund&amp;lt;/string&amp;gt;
        &amp;lt;cz.cuni.mff.xrg.uv.transformer.tabular.column.ColumnInfo__V1&amp;gt;
          &amp;lt;URI&amp;gt;http://data.openbudgets.eu/ontology/dsd/dimension/fund&amp;lt;/URI&amp;gt;
          &amp;lt;type&amp;gt;String&amp;lt;/type&amp;gt;
        &amp;lt;/cz.cuni.mff.xrg.uv.transformer.tabular.column.ColumnInfo__V1&amp;gt;
      &amp;lt;/entry&amp;gt;
      &amp;lt;entry&amp;gt;
        &amp;lt;string&amp;gt;National Amount&amp;lt;/string&amp;gt;
        &amp;lt;cz.cuni.mff.xrg.uv.transformer.tabular.column.ColumnInfo__V1&amp;gt;
          &amp;lt;URI&amp;gt;http://data.openbudgets.eu/ontology/dsd/ESIF-2014-2020/measure/amountNational&amp;lt;/URI&amp;gt;
          &amp;lt;type&amp;gt;Auto&amp;lt;/type&amp;gt;
          &amp;lt;useTypeFromDfb&amp;gt;false&amp;lt;/useTypeFromDfb&amp;gt;
        &amp;lt;/cz.cuni.mff.xrg.uv.transformer.tabular.column.ColumnInfo__V1&amp;gt;
      &amp;lt;/entry&amp;gt;
      &amp;lt;entry&amp;gt;
        &amp;lt;string&amp;gt;Total Amount&amp;lt;/string&amp;gt;
        &amp;lt;cz.cuni.mff.xrg.uv.transformer.tabular.column.ColumnInfo__V1&amp;gt;
          &amp;lt;URI&amp;gt;http://data.openbudgets.eu/ontology/dsd/ESIF-2014-2020/measure/amountTotal&amp;lt;/URI&amp;gt;
          &amp;lt;type&amp;gt;Auto&amp;lt;/type&amp;gt;
          &amp;lt;useTypeFromDfb&amp;gt;false&amp;lt;/useTypeFromDfb&amp;gt;
        &amp;lt;/cz.cuni.mff.xrg.uv.transformer.tabular.column.ColumnInfo__V1&amp;gt;
      &amp;lt;/entry&amp;gt;
      &amp;lt;entry&amp;gt;
        &amp;lt;string&amp;gt;EU Amount&amp;lt;/string&amp;gt;
        &amp;lt;cz.cuni.mff.xrg.uv.transformer.tabular.column.ColumnInfo__V1&amp;gt;
          &amp;lt;URI&amp;gt;http://data.openbudgets.eu/ontology/dsd/ESIF-2014-2020/measure/amountEU&amp;lt;/URI&amp;gt;
          &amp;lt;type&amp;gt;Auto&amp;lt;/type&amp;gt;
          &amp;lt;useTypeFromDfb&amp;gt;false&amp;lt;/useTypeFromDfb&amp;gt;
        &amp;lt;/cz.cuni.mff.xrg.uv.transformer.tabular.column.ColumnInfo__V1&amp;gt;
      &amp;lt;/entry&amp;gt;
    &amp;lt;/columnsInfo&amp;gt;
    &amp;lt;columnsInfoAdv class=&amp;quot;linked-list&amp;quot;/&amp;gt;
    &amp;lt;namedCells class=&amp;quot;linked-list&amp;quot;/&amp;gt;
    &amp;lt;quoteChar&amp;gt;&amp;amp;quot;&amp;lt;/quoteChar&amp;gt;
    &amp;lt;delimiterChar&amp;gt;,&amp;lt;/delimiterChar&amp;gt;
    &amp;lt;linesToIgnore&amp;gt;0&amp;lt;/linesToIgnore&amp;gt;
    &amp;lt;encoding&amp;gt;UTF-8&amp;lt;/encoding&amp;gt;
    &amp;lt;tableType&amp;gt;CSV&amp;lt;/tableType&amp;gt;
    &amp;lt;hasHeader&amp;gt;true&amp;lt;/hasHeader&amp;gt;
    &amp;lt;generateNew&amp;gt;false&amp;lt;/generateNew&amp;gt;
    &amp;lt;ignoreBlankCells&amp;gt;true&amp;lt;/ignoreBlankCells&amp;gt;
    &amp;lt;advancedKeyColumn&amp;gt;false&amp;lt;/advancedKeyColumn&amp;gt;
    &amp;lt;rowsClass&amp;gt;http://purl.org/linked-data/cube#Observation&amp;lt;/rowsClass&amp;gt;
    &amp;lt;staticRowCounter&amp;gt;false&amp;lt;/staticRowCounter&amp;gt;
    &amp;lt;generateRowTriple&amp;gt;false&amp;lt;/generateRowTriple&amp;gt;
    &amp;lt;useTableSubject&amp;gt;false&amp;lt;/useTableSubject&amp;gt;
    &amp;lt;autoAsStrings&amp;gt;false&amp;lt;/autoAsStrings&amp;gt;
    &amp;lt;generateTableClass&amp;gt;false&amp;lt;/generateTableClass&amp;gt;
    &amp;lt;generateLabels&amp;gt;false&amp;lt;/generateLabels&amp;gt;
    &amp;lt;stripHeader&amp;gt;false&amp;lt;/stripHeader&amp;gt;
    &amp;lt;dbfTrimString&amp;gt;false&amp;lt;/dbfTrimString&amp;gt;
    &amp;lt;xlsAdvancedDoubleParser&amp;gt;false&amp;lt;/xlsAdvancedDoubleParser&amp;gt;
    &amp;lt;ignoreMissingColumn&amp;gt;false&amp;lt;/ignoreMissingColumn&amp;gt;
  &amp;lt;/cz.cuni.mff.xrg.uv.transformer.tabular.TabularConfig__V2&amp;gt;
&amp;lt;/object-stream&amp;gt;&lt;/string&gt;
      &lt;/entry&gt;
    &lt;/configurations&gt;
  &lt;/MasterConfigObject&gt;
&lt;/object-stream&gt;</rawConf>
            <template>
              <description></description>
              <jarName>uv-t-tabular-2.3.0.jar</jarName>
              <menuName>uv-t-tabular</menuName>
              <name>uv-t-tabular</name>
              <rawConf>&lt;object-stream&gt;
  &lt;MasterConfigObject&gt;
    &lt;configurations&gt;
      &lt;entry&gt;
        &lt;string&gt;dpu_config&lt;/string&gt;
        &lt;string&gt;&amp;lt;object-stream&amp;gt;
  &amp;lt;cz.cuni.mff.xrg.uv.transformer.tabular.TabularConfig__V2&amp;gt;
    &amp;lt;baseURI&amp;gt;http://localhost&amp;lt;/baseURI&amp;gt;
    &amp;lt;columnsInfo class=&amp;quot;linked-hash-map&amp;quot;/&amp;gt;
    &amp;lt;columnsInfoAdv class=&amp;quot;linked-list&amp;quot;/&amp;gt;
    &amp;lt;namedCells class=&amp;quot;linked-list&amp;quot;/&amp;gt;
    &amp;lt;quoteChar&amp;gt;&amp;amp;quot;&amp;lt;/quoteChar&amp;gt;
    &amp;lt;delimiterChar&amp;gt;,&amp;lt;/delimiterChar&amp;gt;
    &amp;lt;linesToIgnore&amp;gt;0&amp;lt;/linesToIgnore&amp;gt;
    &amp;lt;encoding&amp;gt;UTF-8&amp;lt;/encoding&amp;gt;
    &amp;lt;tableType&amp;gt;CSV&amp;lt;/tableType&amp;gt;
    &amp;lt;hasHeader&amp;gt;true&amp;lt;/hasHeader&amp;gt;
    &amp;lt;generateNew&amp;gt;true&amp;lt;/generateNew&amp;gt;
    &amp;lt;ignoreBlankCells&amp;gt;false&amp;lt;/ignoreBlankCells&amp;gt;
    &amp;lt;advancedKeyColumn&amp;gt;false&amp;lt;/advancedKeyColumn&amp;gt;
    &amp;lt;rowsClass&amp;gt;http://unifiedviews.eu/ontology/t-tabular/Row&amp;lt;/rowsClass&amp;gt;
    &amp;lt;staticRowCounter&amp;gt;false&amp;lt;/staticRowCounter&amp;gt;
    &amp;lt;generateRowTriple&amp;gt;true&amp;lt;/generateRowTriple&amp;gt;
    &amp;lt;useTableSubject&amp;gt;false&amp;lt;/useTableSubject&amp;gt;
    &amp;lt;autoAsStrings&amp;gt;false&amp;lt;/autoAsStrings&amp;gt;
    &amp;lt;generateTableClass&amp;gt;false&amp;lt;/generateTableClass&amp;gt;
    &amp;lt;generateLabels&amp;gt;false&amp;lt;/generateLabels&amp;gt;
    &amp;lt;stripHeader&amp;gt;false&amp;lt;/stripHeader&amp;gt;
    &amp;lt;dbfTrimString&amp;gt;false&amp;lt;/dbfTrimString&amp;gt;
    &amp;lt;xlsAdvancedDoubleParser&amp;gt;false&amp;lt;/xlsAdvancedDoubleParser&amp;gt;
    &amp;lt;ignoreMissingColumn&amp;gt;false&amp;lt;/ignoreMissingColumn&amp;gt;
  &amp;lt;/cz.cuni.mff.xrg.uv.transformer.tabular.TabularConfig__V2&amp;gt;
&amp;lt;/object-stream&amp;gt;&lt;/string&gt;
      &lt;/entry&gt;
    &lt;/configurations&gt;
  &lt;/MasterConfigObject&gt;
&lt;/object-stream&gt;</rawConf>
              <useDPUDescription>false</useDPUDescription>
            </template>
            <useDPUDescription>false</useDPUDescription>
            <useTemplateConfig>false</useTemplateConfig>
          </dpuInstance>
          <graph reference="../../../.."/>
          <position>
            <x>322</x>
            <y>233</y>
          </position>
        </from>
        <graph reference="../../.."/>
        <script>triplifiedTable -&gt; input;</script>
        <to>
          <dpuInstance>
            <description>admClass</description>
            <menuName>uv-t-sparqlConstruct</menuName>
            <name>uv-t-sparqlConstruct</name>
            <rawConf>&lt;object-stream&gt;
  &lt;MasterConfigObject&gt;
    &lt;configurations&gt;
      &lt;entry&gt;
        &lt;string&gt;addon/faultToleranceWrap&lt;/string&gt;
        &lt;string&gt;&amp;lt;object-stream&amp;gt;
  &amp;lt;eu.unifiedviews.helpers.dpu.extension.faulttolerance.FaultTolerance_-Configuration__V1&amp;gt;
    &amp;lt;enabled&amp;gt;false&amp;lt;/enabled&amp;gt;
    &amp;lt;exceptionNames class=&amp;quot;linked-list&amp;quot;/&amp;gt;
    &amp;lt;maxRetryCount&amp;gt;-1&amp;lt;/maxRetryCount&amp;gt;
  &amp;lt;/eu.unifiedviews.helpers.dpu.extension.faulttolerance.FaultTolerance_-Configuration__V1&amp;gt;
&amp;lt;/object-stream&amp;gt;&lt;/string&gt;
      &lt;/entry&gt;
      &lt;entry&gt;
        &lt;string&gt;dpu_config&lt;/string&gt;
        &lt;string&gt;&amp;lt;object-stream&amp;gt;
  &amp;lt;cz.cuni.mff.xrg.uv.transformer.sparql.construct.SparqlConstructConfig__V1&amp;gt;
    &amp;lt;query&amp;gt;PREFIX obeu-dimension: &amp;amp;lt;http://data.openbudgets.eu/ontology/dsd/dimension/&amp;amp;gt;

CONSTRUCT { ?s1 obeu-dimension:administrativeClassification  ?uri.}
WHERE {
         ?s1 obeu-dimension:administrativeClassification  ?o1 .
        BIND(URI(CONCAT(&amp;amp;quot;http://data.openbudgets.eu/resource/ESIF-2014-2020/codelist/MS/&amp;amp;quot;,?o1)) as ?uri).
 }

&amp;lt;/query&amp;gt;
    &amp;lt;perGraph&amp;gt;true&amp;lt;/perGraph&amp;gt;
  &amp;lt;/cz.cuni.mff.xrg.uv.transformer.sparql.construct.SparqlConstructConfig__V1&amp;gt;
&amp;lt;/object-stream&amp;gt;&lt;/string&gt;
      &lt;/entry&gt;
    &lt;/configurations&gt;
  &lt;/MasterConfigObject&gt;
&lt;/object-stream&gt;</rawConf>
            <template>
              <description></description>
              <jarName>uv-t-sparqlConstruct-2.1.4.jar</jarName>
              <menuName>uv-t-sparqlConstruct</menuName>
              <name>uv-t-sparqlConstruct</name>
              <rawConf>&lt;object-stream&gt;
  &lt;MasterConfigObject&gt;
    &lt;configurations&gt;
      &lt;entry&gt;
        &lt;string&gt;dpu_config&lt;/string&gt;
        &lt;string&gt;&amp;lt;object-stream&amp;gt;
  &amp;lt;cz.cuni.mff.xrg.uv.transformer.sparql.construct.SparqlConstructConfig__V1&amp;gt;
    &amp;lt;query&amp;gt;CONSTRUCT {?s ?p ?o} WHERE {?s ?p ?o}&amp;lt;/query&amp;gt;
    &amp;lt;perGraph&amp;gt;true&amp;lt;/perGraph&amp;gt;
  &amp;lt;/cz.cuni.mff.xrg.uv.transformer.sparql.construct.SparqlConstructConfig__V1&amp;gt;
&amp;lt;/object-stream&amp;gt;&lt;/string&gt;
      &lt;/entry&gt;
    &lt;/configurations&gt;
  &lt;/MasterConfigObject&gt;
&lt;/object-stream&gt;</rawConf>
              <useDPUDescription>false</useDPUDescription>
            </template>
            <useDPUDescription>false</useDPUDescription>
            <useTemplateConfig>false</useTemplateConfig>
          </dpuInstance>
          <graph reference="../../../.."/>
          <position>
            <x>176</x>
            <y>543</y>
          </position>
        </to>
      </cz.cuni.mff.xrg.odcs.commons.app.pipeline.graph.Edge>
      <cz.cuni.mff.xrg.odcs.commons.app.pipeline.graph.Edge>
        <from reference="../../cz.cuni.mff.xrg.odcs.commons.app.pipeline.graph.Edge/from"/>
        <graph reference="../../.."/>
        <script>triplifiedTable -&gt; input;</script>
        <to>
          <dpuInstance>
            <description></description>
            <menuName>uv-t-sparqlUpdate</menuName>
            <name>uv-t-sparqlUpdate</name>
            <rawConf>&lt;object-stream&gt;
  &lt;MasterConfigObject&gt;
    &lt;configurations&gt;
      &lt;entry&gt;
        &lt;string&gt;addon/faultToleranceWrap&lt;/string&gt;
        &lt;string&gt;&amp;lt;object-stream&amp;gt;
  &amp;lt;eu.unifiedviews.helpers.dpu.extension.faulttolerance.FaultTolerance_-Configuration__V1&amp;gt;
    &amp;lt;enabled&amp;gt;false&amp;lt;/enabled&amp;gt;
    &amp;lt;exceptionNames class=&amp;quot;linked-list&amp;quot;/&amp;gt;
    &amp;lt;maxRetryCount&amp;gt;-1&amp;lt;/maxRetryCount&amp;gt;
  &amp;lt;/eu.unifiedviews.helpers.dpu.extension.faulttolerance.FaultTolerance_-Configuration__V1&amp;gt;
&amp;lt;/object-stream&amp;gt;&lt;/string&gt;
      &lt;/entry&gt;
      &lt;entry&gt;
        &lt;string&gt;dpu_config&lt;/string&gt;
        &lt;string&gt;&amp;lt;object-stream&amp;gt;
  &amp;lt;cz.cuni.mff.xrg.uv.transformer.sparql.update.SparqlUpdateConfig__V1&amp;gt;
    &amp;lt;query&amp;gt;PREFIX obeu-dimension: &amp;amp;lt;http://data.openbudgets.eu/ontology/dsd/dimension/&amp;amp;gt;
DELETE  WHERE {?s obeu-dimension:fund ?o}&amp;lt;/query&amp;gt;
    &amp;lt;perGraph&amp;gt;true&amp;lt;/perGraph&amp;gt;
  &amp;lt;/cz.cuni.mff.xrg.uv.transformer.sparql.update.SparqlUpdateConfig__V1&amp;gt;
&amp;lt;/object-stream&amp;gt;&lt;/string&gt;
      &lt;/entry&gt;
    &lt;/configurations&gt;
  &lt;/MasterConfigObject&gt;
&lt;/object-stream&gt;</rawConf>
            <template>
              <description></description>
              <jarName>uv-t-sparqlUpdate-2.1.4.jar</jarName>
              <menuName>uv-t-sparqlUpdate</menuName>
              <name>uv-t-sparqlUpdate</name>
              <rawConf>&lt;object-stream&gt;
  &lt;MasterConfigObject&gt;
    &lt;configurations&gt;
      &lt;entry&gt;
        &lt;string&gt;dpu_config&lt;/string&gt;
        &lt;string&gt;&amp;lt;object-stream&amp;gt;
  &amp;lt;cz.cuni.mff.xrg.uv.transformer.sparql.update.SparqlUpdateConfig__V1&amp;gt;
    &amp;lt;query&amp;gt;INSERT {?s ?p ?o} WHERE {?s ?p ?o}&amp;lt;/query&amp;gt;
    &amp;lt;perGraph&amp;gt;true&amp;lt;/perGraph&amp;gt;
  &amp;lt;/cz.cuni.mff.xrg.uv.transformer.sparql.update.SparqlUpdateConfig__V1&amp;gt;
&amp;lt;/object-stream&amp;gt;&lt;/string&gt;
      &lt;/entry&gt;
    &lt;/configurations&gt;
  &lt;/MasterConfigObject&gt;
&lt;/object-stream&gt;</rawConf>
              <useDPUDescription>false</useDPUDescription>
            </template>
            <useDPUDescription>false</useDPUDescription>
            <useTemplateConfig>false</useTemplateConfig>
          </dpuInstance>
          <graph reference="../../../.."/>
          <position>
            <x>515</x>
            <y>1</y>
          </position>
        </to>
      </cz.cuni.mff.xrg.odcs.commons.app.pipeline.graph.Edge>
      <cz.cuni.mff.xrg.odcs.commons.app.pipeline.graph.Edge>
        <from reference="../../cz.cuni.mff.xrg.odcs.commons.app.pipeline.graph.Edge/to"/>
        <graph reference="../../.."/>
        <script>output -&gt; input;</script>
        <to>
          <dpuInstance>
            <description></description>
            <menuName>uv-t-rdfGraphMerger</menuName>
            <name>uv-t-rdfGraphMerger</name>
            <rawConf>&lt;object-stream&gt;
  &lt;MasterConfigObject&gt;
    &lt;configurations&gt;
      &lt;entry&gt;
        &lt;string&gt;addon/faultToleranceWrap&lt;/string&gt;
        &lt;string&gt;&amp;lt;object-stream&amp;gt;
  &amp;lt;eu.unifiedviews.helpers.dpu.extension.faulttolerance.FaultTolerance_-Configuration__V1&amp;gt;
    &amp;lt;enabled&amp;gt;false&amp;lt;/enabled&amp;gt;
    &amp;lt;exceptionNames class=&amp;quot;linked-list&amp;quot;/&amp;gt;
    &amp;lt;maxRetryCount&amp;gt;-1&amp;lt;/maxRetryCount&amp;gt;
  &amp;lt;/eu.unifiedviews.helpers.dpu.extension.faulttolerance.FaultTolerance_-Configuration__V1&amp;gt;
&amp;lt;/object-stream&amp;gt;&lt;/string&gt;
      &lt;/entry&gt;
      &lt;entry&gt;
        &lt;string&gt;dpu_config&lt;/string&gt;
        &lt;string&gt;&amp;lt;object-stream&amp;gt;
  &amp;lt;eu.unifiedviews.plugins.transformer.rdfgraphmerger.RdfGraphMergerConfig__V1&amp;gt;
    &amp;lt;virtualGraph&amp;gt;&amp;lt;/virtualGraph&amp;gt;
  &amp;lt;/eu.unifiedviews.plugins.transformer.rdfgraphmerger.RdfGraphMergerConfig__V1&amp;gt;
&amp;lt;/object-stream&amp;gt;&lt;/string&gt;
      &lt;/entry&gt;
    &lt;/configurations&gt;
  &lt;/MasterConfigObject&gt;
&lt;/object-stream&gt;</rawConf>
            <template>
              <description></description>
              <jarName>uv-t-rdfGraphMerger-1.0.1.jar</jarName>
              <menuName>uv-t-rdfGraphMerger</menuName>
              <name>uv-t-rdfGraphMerger</name>
              <rawConf>&lt;object-stream&gt;
  &lt;MasterConfigObject&gt;
    &lt;configurations&gt;
      &lt;entry&gt;
        &lt;string&gt;dpu_config&lt;/string&gt;
        &lt;string&gt;&amp;lt;object-stream&amp;gt;
  &amp;lt;eu.unifiedviews.plugins.transformer.rdfgraphmerger.RdfGraphMergerConfig__V1/&amp;gt;
&amp;lt;/object-stream&amp;gt;&lt;/string&gt;
      &lt;/entry&gt;
    &lt;/configurations&gt;
  &lt;/MasterConfigObject&gt;
&lt;/object-stream&gt;</rawConf>
              <useDPUDescription>false</useDPUDescription>
            </template>
            <useDPUDescription>false</useDPUDescription>
            <useTemplateConfig>false</useTemplateConfig>
          </dpuInstance>
          <graph reference="../../../.."/>
          <position>
            <x>628</x>
            <y>438</y>
          </position>
        </to>
      </cz.cuni.mff.xrg.odcs.commons.app.pipeline.graph.Edge>
      <cz.cuni.mff.xrg.odcs.commons.app.pipeline.graph.Edge>
        <from>
          <dpuInstance>
            <description></description>
            <menuName>uv-t-sparqlUpdate</menuName>
            <name>uv-t-sparqlUpdate</name>
            <rawConf>&lt;object-stream&gt;
  &lt;MasterConfigObject&gt;
    &lt;configurations&gt;
      &lt;entry&gt;
        &lt;string&gt;addon/faultToleranceWrap&lt;/string&gt;
        &lt;string&gt;&amp;lt;object-stream&amp;gt;
  &amp;lt;eu.unifiedviews.helpers.dpu.extension.faulttolerance.FaultTolerance_-Configuration__V1&amp;gt;
    &amp;lt;enabled&amp;gt;false&amp;lt;/enabled&amp;gt;
    &amp;lt;exceptionNames class=&amp;quot;linked-list&amp;quot;/&amp;gt;
    &amp;lt;maxRetryCount&amp;gt;-1&amp;lt;/maxRetryCount&amp;gt;
  &amp;lt;/eu.unifiedviews.helpers.dpu.extension.faulttolerance.FaultTolerance_-Configuration__V1&amp;gt;
&amp;lt;/object-stream&amp;gt;&lt;/string&gt;
      &lt;/entry&gt;
      &lt;entry&gt;
        &lt;string&gt;dpu_config&lt;/string&gt;
        &lt;string&gt;&amp;lt;object-stream&amp;gt;
  &amp;lt;cz.cuni.mff.xrg.uv.transformer.sparql.update.SparqlUpdateConfig__V1&amp;gt;
    &amp;lt;query&amp;gt;PREFIX rdfs: &amp;amp;lt;http://www.w3.org/2000/01/rdf-schema#&amp;amp;gt; 
PREFIX qb: &amp;amp;lt;http://purl.org/linked-data/cube#&amp;amp;gt; 
PREFIX obeu-dimension: &amp;amp;lt;http://data.openbudgets.eu/ontology/dsd/dimension/&amp;amp;gt; 
PREFIX obeu-attribute:   &amp;amp;lt;http://data.openbudgets.eu/ontology/dsd/attribute/&amp;amp;gt;
PREFIX obeu-operation: &amp;amp;lt;http://data.openbudgets.eu/resource/codelist/operation-character/&amp;amp;gt;

INSERT DATA {
&amp;amp;lt;http://data.openbudgets.eu/resource/dataset/ESIF-2014-2020&amp;amp;gt; a qb:DataSet ;
	obeu-dimension:budgetaryUnit &amp;amp;lt;http://dbpedia.org/resource/European_Union&amp;amp;gt; ;
	obeu-attribute:currency &amp;amp;lt;http://data.openbudgets.eu/codelist/currency/EUR&amp;amp;gt; ;
	obeu-dimension:operationCharacter obeu-operation:expenditure ;
	qb:structure &amp;amp;lt;http://data.openbudgets.eu/ontology/dsd/ESIF_2014-2020&amp;amp;gt;  .

}
&amp;lt;/query&amp;gt;
    &amp;lt;perGraph&amp;gt;true&amp;lt;/perGraph&amp;gt;
  &amp;lt;/cz.cuni.mff.xrg.uv.transformer.sparql.update.SparqlUpdateConfig__V1&amp;gt;
&amp;lt;/object-stream&amp;gt;&lt;/string&gt;
      &lt;/entry&gt;
    &lt;/configurations&gt;
  &lt;/MasterConfigObject&gt;
&lt;/object-stream&gt;</rawConf>
            <template reference="../../../../cz.cuni.mff.xrg.odcs.commons.app.pipeline.graph.Edge[2]/to/dpuInstance/template"/>
            <useDPUDescription>false</useDPUDescription>
            <useTemplateConfig>false</useTemplateConfig>
          </dpuInstance>
          <graph reference="../../../.."/>
          <position>
            <x>514</x>
            <y>189</y>
          </position>
        </from>
        <graph reference="../../.."/>
        <script>output -&gt; input;</script>
        <to>
          <dpuInstance>
            <description>DELETE non-URI admClassification</description>
            <menuName>uv-t-sparqlUpdate</menuName>
            <name>uv-t-sparqlUpdate</name>
            <rawConf>&lt;object-stream&gt;
  &lt;MasterConfigObject&gt;
    &lt;configurations&gt;
      &lt;entry&gt;
        &lt;string&gt;addon/faultToleranceWrap&lt;/string&gt;
        &lt;string&gt;&amp;lt;object-stream&amp;gt;
  &amp;lt;eu.unifiedviews.helpers.dpu.extension.faulttolerance.FaultTolerance_-Configuration__V1&amp;gt;
    &amp;lt;enabled&amp;gt;false&amp;lt;/enabled&amp;gt;
    &amp;lt;exceptionNames class=&amp;quot;linked-list&amp;quot;/&amp;gt;
    &amp;lt;maxRetryCount&amp;gt;-1&amp;lt;/maxRetryCount&amp;gt;
  &amp;lt;/eu.unifiedviews.helpers.dpu.extension.faulttolerance.FaultTolerance_-Configuration__V1&amp;gt;
&amp;lt;/object-stream&amp;gt;&lt;/string&gt;
      &lt;/entry&gt;
      &lt;entry&gt;
        &lt;string&gt;dpu_config&lt;/string&gt;
        &lt;string&gt;&amp;lt;object-stream&amp;gt;
  &amp;lt;cz.cuni.mff.xrg.uv.transformer.sparql.update.SparqlUpdateConfig__V1&amp;gt;
    &amp;lt;query&amp;gt;PREFIX obeu-dimension: &amp;amp;lt;http://data.openbudgets.eu/ontology/dsd/dimension/&amp;amp;gt;
DELETE  WHERE {?s obeu-dimension:administrativeClassification ?o}
&amp;lt;/query&amp;gt;
    &amp;lt;perGraph&amp;gt;true&amp;lt;/perGraph&amp;gt;
  &amp;lt;/cz.cuni.mff.xrg.uv.transformer.sparql.update.SparqlUpdateConfig__V1&amp;gt;
&amp;lt;/object-stream&amp;gt;&lt;/string&gt;
      &lt;/entry&gt;
    &lt;/configurations&gt;
  &lt;/MasterConfigObject&gt;
&lt;/object-stream&gt;</rawConf>
            <template reference="../../../../cz.cuni.mff.xrg.odcs.commons.app.pipeline.graph.Edge[2]/to/dpuInstance/template"/>
            <useDPUDescription>false</useDPUDescription>
            <useTemplateConfig>false</useTemplateConfig>
          </dpuInstance>
          <graph reference="../../../.."/>
          <position>
            <x>523</x>
            <y>286</y>
          </position>
        </to>
      </cz.cuni.mff.xrg.odcs.commons.app.pipeline.graph.Edge>
      <cz.cuni.mff.xrg.odcs.commons.app.pipeline.graph.Edge>
        <from>
          <dpuInstance>
            <description></description>
            <menuName>uv-t-filesToRdf</menuName>
            <name>uv-t-filesToRdf</name>
            <rawConf>&lt;object-stream&gt;
  &lt;MasterConfigObject&gt;
    &lt;configurations&gt;
      &lt;entry&gt;
        &lt;string&gt;addon/faultToleranceWrap&lt;/string&gt;
        &lt;string&gt;&amp;lt;object-stream&amp;gt;
  &amp;lt;eu.unifiedviews.helpers.dpu.extension.faulttolerance.FaultTolerance_-Configuration__V1&amp;gt;
    &amp;lt;enabled&amp;gt;false&amp;lt;/enabled&amp;gt;
    &amp;lt;exceptionNames class=&amp;quot;linked-list&amp;quot;/&amp;gt;
    &amp;lt;maxRetryCount&amp;gt;-1&amp;lt;/maxRetryCount&amp;gt;
  &amp;lt;/eu.unifiedviews.helpers.dpu.extension.faulttolerance.FaultTolerance_-Configuration__V1&amp;gt;
&amp;lt;/object-stream&amp;gt;&lt;/string&gt;
      &lt;/entry&gt;
      &lt;entry&gt;
        &lt;string&gt;dpu_config&lt;/string&gt;
        &lt;string&gt;&amp;lt;object-stream&amp;gt;
  &amp;lt;eu.unifiedviews.plugins.transformer.filestordft.FilesToRDFConfig__V1&amp;gt;
    &amp;lt;symbolicNameToBaseURIMap class=&amp;quot;linked-hash-map&amp;quot;/&amp;gt;
    &amp;lt;symbolicNameToFormatMap class=&amp;quot;linked-hash-map&amp;quot;/&amp;gt;
    &amp;lt;commitSize&amp;gt;100000&amp;lt;/commitSize&amp;gt;
    &amp;lt;fatalErrorHandling&amp;gt;STOP_EXTRACTION&amp;lt;/fatalErrorHandling&amp;gt;
    &amp;lt;errorHandling&amp;gt;SKIP_CONTINUE_THIS_FILE&amp;lt;/errorHandling&amp;gt;
    &amp;lt;warningHandling&amp;gt;SKIP_CONTINUE_THIS_FILE&amp;lt;/warningHandling&amp;gt;
    &amp;lt;outputNaming&amp;gt;USE_INPUT_GRAPH_NAME&amp;lt;/outputNaming&amp;gt;
  &amp;lt;/eu.unifiedviews.plugins.transformer.filestordft.FilesToRDFConfig__V1&amp;gt;
&amp;lt;/object-stream&amp;gt;&lt;/string&gt;
      &lt;/entry&gt;
    &lt;/configurations&gt;
  &lt;/MasterConfigObject&gt;
&lt;/object-stream&gt;</rawConf>
            <template>
              <description></description>
              <jarName>uv-t-filesToRdf-2.1.4.jar</jarName>
              <menuName>uv-t-filesToRdf</menuName>
              <name>uv-t-filesToRdf</name>
              <rawConf>&lt;object-stream&gt;
  &lt;MasterConfigObject&gt;
    &lt;configurations&gt;
      &lt;entry&gt;
        &lt;string&gt;dpu_config&lt;/string&gt;
        &lt;string&gt;&amp;lt;object-stream&amp;gt;
  &amp;lt;eu.unifiedviews.plugins.transformer.filestordft.FilesToRDFConfig__V1&amp;gt;
    &amp;lt;symbolicNameToBaseURIMap class=&amp;quot;linked-hash-map&amp;quot;/&amp;gt;
    &amp;lt;symbolicNameToFormatMap class=&amp;quot;linked-hash-map&amp;quot;/&amp;gt;
    &amp;lt;commitSize&amp;gt;100000&amp;lt;/commitSize&amp;gt;
    &amp;lt;fatalErrorHandling&amp;gt;STOP_EXTRACTION&amp;lt;/fatalErrorHandling&amp;gt;
    &amp;lt;errorHandling&amp;gt;SKIP_CONTINUE_THIS_FILE&amp;lt;/errorHandling&amp;gt;
    &amp;lt;warningHandling&amp;gt;SKIP_CONTINUE_THIS_FILE&amp;lt;/warningHandling&amp;gt;
    &amp;lt;outputNaming&amp;gt;USE_INPUT_GRAPH_NAME&amp;lt;/outputNaming&amp;gt;
  &amp;lt;/eu.unifiedviews.plugins.transformer.filestordft.FilesToRDFConfig__V1&amp;gt;
&amp;lt;/object-stream&amp;gt;&lt;/string&gt;
      &lt;/entry&gt;
    &lt;/configurations&gt;
  &lt;/MasterConfigObject&gt;
&lt;/object-stream&gt;</rawConf>
              <useDPUDescription>false</useDPUDescription>
            </template>
            <useDPUDescription>false</useDPUDescription>
            <useTemplateConfig>false</useTemplateConfig>
          </dpuInstance>
          <graph reference="../../../.."/>
          <position>
            <x>650</x>
            <y>214</y>
          </position>
        </from>
        <graph reference="../../.."/>
        <script>rdfOutput -&gt; input;</script>
        <to reference="../../cz.cuni.mff.xrg.odcs.commons.app.pipeline.graph.Edge[3]/to"/>
      </cz.cuni.mff.xrg.odcs.commons.app.pipeline.graph.Edge>
      <cz.cuni.mff.xrg.odcs.commons.app.pipeline.graph.Edge>
        <from reference="../../cz.cuni.mff.xrg.odcs.commons.app.pipeline.graph.Edge[2]/to"/>
        <graph reference="../../.."/>
        <script>output -&gt; input;</script>
        <to>
          <dpuInstance>
            <description></description>
            <menuName>uv-t-sparqlUpdate</menuName>
            <name>uv-t-sparqlUpdate</name>
            <rawConf>&lt;object-stream&gt;
  &lt;MasterConfigObject&gt;
    &lt;configurations&gt;
      &lt;entry&gt;
        &lt;string&gt;addon/faultToleranceWrap&lt;/string&gt;
        &lt;string&gt;&amp;lt;object-stream&amp;gt;
  &amp;lt;eu.unifiedviews.helpers.dpu.extension.faulttolerance.FaultTolerance_-Configuration__V1&amp;gt;
    &amp;lt;enabled&amp;gt;false&amp;lt;/enabled&amp;gt;
    &amp;lt;exceptionNames class=&amp;quot;linked-list&amp;quot;/&amp;gt;
    &amp;lt;maxRetryCount&amp;gt;-1&amp;lt;/maxRetryCount&amp;gt;
  &amp;lt;/eu.unifiedviews.helpers.dpu.extension.faulttolerance.FaultTolerance_-Configuration__V1&amp;gt;
&amp;lt;/object-stream&amp;gt;&lt;/string&gt;
      &lt;/entry&gt;
      &lt;entry&gt;
        &lt;string&gt;dpu_config&lt;/string&gt;
        &lt;string&gt;&amp;lt;object-stream&amp;gt;
  &amp;lt;cz.cuni.mff.xrg.uv.transformer.sparql.update.SparqlUpdateConfig__V1&amp;gt;
    &amp;lt;query&amp;gt;PREFIX obeu-dimension: &amp;amp;lt;http://data.openbudgets.eu/ontology/dsd/dimension/&amp;amp;gt;
DELETE  WHERE {?s obeu-dimension:functionalClassification ?o}
&amp;lt;/query&amp;gt;
    &amp;lt;perGraph&amp;gt;true&amp;lt;/perGraph&amp;gt;
  &amp;lt;/cz.cuni.mff.xrg.uv.transformer.sparql.update.SparqlUpdateConfig__V1&amp;gt;
&amp;lt;/object-stream&amp;gt;&lt;/string&gt;
      &lt;/entry&gt;
    &lt;/configurations&gt;
  &lt;/MasterConfigObject&gt;
&lt;/object-stream&gt;</rawConf>
            <template reference="../../../../cz.cuni.mff.xrg.odcs.commons.app.pipeline.graph.Edge[2]/to/dpuInstance/template"/>
            <useDPUDescription>false</useDPUDescription>
            <useTemplateConfig>false</useTemplateConfig>
          </dpuInstance>
          <graph reference="../../../.."/>
          <position>
            <x>512</x>
            <y>98</y>
          </position>
        </to>
      </cz.cuni.mff.xrg.odcs.commons.app.pipeline.graph.Edge>
      <cz.cuni.mff.xrg.odcs.commons.app.pipeline.graph.Edge>
        <from>
          <dpuInstance>
            <description>functClass</description>
            <menuName>uv-t-sparqlConstruct</menuName>
            <name>uv-t-sparqlConstruct</name>
            <rawConf>&lt;object-stream&gt;
  &lt;MasterConfigObject&gt;
    &lt;configurations&gt;
      &lt;entry&gt;
        &lt;string&gt;addon/faultToleranceWrap&lt;/string&gt;
        &lt;string&gt;&amp;lt;object-stream&amp;gt;
  &amp;lt;eu.unifiedviews.helpers.dpu.extension.faulttolerance.FaultTolerance_-Configuration__V1&amp;gt;
    &amp;lt;enabled&amp;gt;false&amp;lt;/enabled&amp;gt;
    &amp;lt;exceptionNames class=&amp;quot;linked-list&amp;quot;/&amp;gt;
    &amp;lt;maxRetryCount&amp;gt;-1&amp;lt;/maxRetryCount&amp;gt;
  &amp;lt;/eu.unifiedviews.helpers.dpu.extension.faulttolerance.FaultTolerance_-Configuration__V1&amp;gt;
&amp;lt;/object-stream&amp;gt;&lt;/string&gt;
      &lt;/entry&gt;
      &lt;entry&gt;
        &lt;string&gt;dpu_config&lt;/string&gt;
        &lt;string&gt;&amp;lt;object-stream&amp;gt;
  &amp;lt;cz.cuni.mff.xrg.uv.transformer.sparql.construct.SparqlConstructConfig__V1&amp;gt;
    &amp;lt;query&amp;gt;PREFIX obeu-dimension: &amp;amp;lt;http://data.openbudgets.eu/ontology/dsd/dimension/&amp;amp;gt;

CONSTRUCT { ?s1 obeu-dimension:functionalClassification  ?uri}
WHERE {
         ?s1 obeu-dimension:functionalClassification  ?o1 .
        BIND(URI(CONCAT(&amp;amp;quot;http://data.openbudgets.eu/resource/ESIF_2014-2020/codelist/function/&amp;amp;quot;,LCASE(?o1))) as ?uri).
 }
&amp;lt;/query&amp;gt;
    &amp;lt;perGraph&amp;gt;true&amp;lt;/perGraph&amp;gt;
  &amp;lt;/cz.cuni.mff.xrg.uv.transformer.sparql.construct.SparqlConstructConfig__V1&amp;gt;
&amp;lt;/object-stream&amp;gt;&lt;/string&gt;
      &lt;/entry&gt;
    &lt;/configurations&gt;
  &lt;/MasterConfigObject&gt;
&lt;/object-stream&gt;</rawConf>
            <template reference="../../../../cz.cuni.mff.xrg.odcs.commons.app.pipeline.graph.Edge/to/dpuInstance/template"/>
            <useDPUDescription>false</useDPUDescription>
            <useTemplateConfig>false</useTemplateConfig>
          </dpuInstance>
          <graph reference="../../../.."/>
          <position>
            <x>454</x>
            <y>360</y>
          </position>
        </from>
        <graph reference="../../.."/>
        <script>output -&gt; input;</script>
        <to reference="../../cz.cuni.mff.xrg.odcs.commons.app.pipeline.graph.Edge[3]/to"/>
      </cz.cuni.mff.xrg.odcs.commons.app.pipeline.graph.Edge>
      <cz.cuni.mff.xrg.odcs.commons.app.pipeline.graph.Edge>
        <from>
          <dpuInstance>
            <description></description>
            <menuName>e-TextHolder</menuName>
            <name>e-TextHolder</name>
            <rawConf>&lt;object-stream&gt;
  &lt;MasterConfigObject&gt;
    &lt;configurations&gt;
      &lt;entry&gt;
        &lt;string&gt;addon/faultToleranceWrap&lt;/string&gt;
        &lt;string&gt;&amp;lt;object-stream&amp;gt;
  &amp;lt;eu.unifiedviews.helpers.dpu.extension.faulttolerance.FaultTolerance_-Configuration__V1&amp;gt;
    &amp;lt;enabled&amp;gt;true&amp;lt;/enabled&amp;gt;
    &amp;lt;exceptionNames class=&amp;quot;linked-list&amp;quot;/&amp;gt;
    &amp;lt;maxRetryCount&amp;gt;-1&amp;lt;/maxRetryCount&amp;gt;
  &amp;lt;/eu.unifiedviews.helpers.dpu.extension.faulttolerance.FaultTolerance_-Configuration__V1&amp;gt;
&amp;lt;/object-stream&amp;gt;&lt;/string&gt;
      &lt;/entry&gt;
      &lt;entry&gt;
        &lt;string&gt;dpu_config&lt;/string&gt;
        &lt;string&gt;&amp;lt;object-stream&amp;gt;
  &amp;lt;cz.cuni.mff.xrg.uv.extractor.textholder.TextHolderConfig__V1&amp;gt;
    &amp;lt;fileName&amp;gt;dsd.ttl&amp;lt;/fileName&amp;gt;
    &amp;lt;text&amp;gt;# ----- DSD-specific namespaces -----

@prefix esif:             &amp;amp;lt;http://data.openbudgets.eu/ontology/european-funds/&amp;amp;gt; .
@prefix esif-codelist:    &amp;amp;lt;http://data.openbudgets.eu/resource/ESIF-2014-2020/codelist/&amp;amp;gt; .
@prefix esif-dimension:   &amp;amp;lt;http://data.openbudgets.eu/ontology/dsd/ESIF-2014-2020/dimension/&amp;amp;gt; .
@prefix esif-measure:     &amp;amp;lt;http://data.openbudgets.eu/ontology/dsd/ESIF-2014-2020/measure/&amp;amp;gt; .
@prefix esif-operation:   &amp;amp;lt;http://data.openbudgets.eu/resource/ESIF-2014-2020/codelist/operation-character/&amp;amp;gt; .
@prefix eu-funds:         &amp;amp;lt;http://data.openbudgets.eu/resource/ESIF-2014-2020/codelist/eu-funds/&amp;amp;gt; .

# ----- OpenBudgets.eu namespaces -----

@prefix obeu:             &amp;amp;lt;http://data.openbudgets.eu/ontology/&amp;amp;gt; .
@prefix obeu-attribute:   &amp;amp;lt;http://data.openbudgets.eu/ontology/dsd/attribute/&amp;amp;gt; .
@prefix obeu-dimension:   &amp;amp;lt;http://data.openbudgets.eu/ontology/dsd/dimension/&amp;amp;gt; .
@prefix obeu-measure:     &amp;amp;lt;http://data.openbudgets.eu/ontology/dsd/measure/&amp;amp;gt; .

# ----- Generic namespaces ------

@prefix qb:               &amp;amp;lt;http://purl.org/linked-data/cube#&amp;amp;gt; .
@prefix rdf:              &amp;amp;lt;http://www.w3.org/1999/02/22-rdf-syntax-ns#&amp;amp;gt; .
@prefix rdfs:             &amp;amp;lt;http://www.w3.org/2000/01/rdf-schema#&amp;amp;gt; .

# ----- DSD -----


&amp;amp;lt;http://example.openbudgets.eu/ontology/dsd/ESIF-2014-2020&amp;amp;gt; a qb:DataStructureDefinition ;
  rdfs:label &amp;amp;quot;Data structure definition for the European Structural and Investment Funds of the years 2014-2020&amp;amp;quot;@en ;  
  qb:component [ qb:dimension obeu-dimension:budgetaryUnit ;
                 qb:componentAttachment qb:DataSet ],
               [ qb:dimension obeu-dimension:budgetPhase ;
                 qb:componentAttachment qb:DataSet ],
               [ qb:dimension obeu-dimension:operationCharacter ;
                 qb:componentAttachment qb:DataSet ],
               [ qb:dimension obeu-dimension:fiscalPeriod ;
                 qb:componentAttachment qb:DataSet ],
               [ qb:dimension obeu-dimension:administrativeClassification ],
               [ qb:dimension esif-dimension:fund ],
               [ qb:dimension esif-dimension:functionalClassification ],
#               [ qb:dimension esif-dimension:priority ],
               [ qb:attribute obeu-attribute:currency ;
                 qb:componentRequired true ;
                 qb:componentAttachment qb:DataSet ],
               [ qb:measure esif-measure:amountEU ],
               [ qb:measure esif-measure:amountNational ],
               [ qb:measure esif-measure:amountTotal ] .


# ----- Component properties -----

esif-dimension:fund a rdf:Property, qb:CodedProperty, qb:DimensionProperty;
  rdfs:subPropertyOf obeu-dimension:programmeClassification;
  rdfs:label &amp;amp;quot;European Structural and Investment Fund&amp;amp;quot;@en ;
  rdfs:comment &amp;amp;quot;Different funds of the European Union for structural development and investment.&amp;amp;quot;@en ;
  rdfs:subPropertyOf obeu-dimension:classification ;
  qb:codeList esif-codelist:funds ;
  rdfs:range esif:Fund ;
  rdfs:isDefinedBy &amp;amp;lt;http://data.openbudgets.eu/ontology/dsd/ESIF-2014-2020&amp;amp;gt; .

esif-dimension:functionalClassification a rdf:Property, qb:CodedProperty, qb:DimensionProperty ;
  rdfs:subPropertyOf obeu-dimension:functionalClassification;
  rdfs:label &amp;amp;quot;Intention of expenditure&amp;amp;quot;@en ;
  rdfs:comment &amp;amp;quot;Classifies expenditures by the purpose of the funded money.&amp;amp;quot;@en ;
  rdfs:subPropertyOf obeu-dimension:classification ;
  qb:codeList esif-codelist:functions ;
  rdfs:range esif:Objective ;
  rdfs:isDefinedBy &amp;amp;lt;http://data.openbudgets.eu/ontology/dsd/ESIF-2014-2020&amp;amp;gt; .

esif-dimension:priority a rdf:Property, qb:CodedProperty, qb:DimensionProperty ;
  rdfs:label &amp;amp;quot;Priority&amp;amp;quot;@en ;
  rdfs:comment &amp;amp;quot;?? .&amp;amp;quot;@en ;
  rdfs:subPropertyOf obeu-dimension:classification ;
  qb:codeList esif-codelist:priorities ;
  rdfs:range esif:Priority ;
  rdfs:isDefinedBy &amp;amp;lt;http://data.openbudgets.eu/ontology/dsd/ESIF-2014-2020&amp;amp;gt; .

esif-measure:amountEU a rdf:Property, qb:DimensionProperty ;
  rdfs:label &amp;amp;quot;Amount EU&amp;amp;quot;@en ;
  rdfs:comment &amp;amp;quot;Amount funded by the resp. EU fund.&amp;amp;quot;@en ;
  rdfs:subPropertyOf obeu-measure:amount ;
  rdfs:isDefinedBy &amp;amp;lt;http://data.openbudgets.eu/ontology/dsd/ESIF-2014-2020&amp;amp;gt; .

esif-measure:amountNational a rdf:Property, qb:DimensionProperty ;
  rdfs:label &amp;amp;quot;Amount National&amp;amp;quot;@en ;
  rdfs:comment &amp;amp;quot;National share for the resp. EU fund and project.&amp;amp;quot;@en ;
  rdfs:subPropertyOf obeu-measure:amount ;
  rdfs:isDefinedBy &amp;amp;lt;http://data.openbudgets.eu/ontology/dsd/ESIF-2014-2020&amp;amp;gt; .

esif-measure:amountTotal a rdf:Property, qb:DimensionProperty ;
  rdfs:label &amp;amp;quot;Amount Total&amp;amp;quot;@en ;
  rdfs:comment &amp;amp;quot;Sum of the amount funded by the resp. EU fund and the national part.&amp;amp;quot;@en ;
  rdfs:subPropertyOf obeu-measure:amount ;
  rdfs:isDefinedBy &amp;amp;lt;http://data.openbudgets.eu/ontology/dsd/ESIF-2014-2020&amp;amp;gt; .

#-------Needs some clarification 
esif:Objective a rdfs:Class ;
  rdfs:label &amp;amp;quot;Objective&amp;amp;quot;@en ;
  rdfs:comment &amp;amp;quot;Purpose of funded money&amp;amp;quot;@en ;
  rdfs:subClassOf skos:Concept ;
  rdfs:isDefinedBy &amp;amp;lt;http://data.openbudgets.eu/ontology/dsd/ESIF-2014-2020&amp;amp;gt; .

esif:Priority a rdfs:Class ;
  rdfs:label &amp;amp;quot;Priority&amp;amp;quot;@en ;
  rdfs:comment &amp;amp;quot;Priority of funded money&amp;amp;quot;@en ;
  rdfs:subClassOf skos:Concept ;
  rdfs:isDefinedBy &amp;amp;lt;http://data.openbudgets.eu/ontology/dsd/ESIF-2014-2020&amp;amp;gt; .  &amp;lt;/text&amp;gt;
  &amp;lt;/cz.cuni.mff.xrg.uv.extractor.textholder.TextHolderConfig__V1&amp;gt;
&amp;lt;/object-stream&amp;gt;&lt;/string&gt;
      &lt;/entry&gt;
    &lt;/configurations&gt;
  &lt;/MasterConfigObject&gt;
&lt;/object-stream&gt;</rawConf>
            <template>
              <description></description>
              <jarName>e-TextHolder-1.0.0.jar</jarName>
              <menuName>e-TextHolder</menuName>
              <name>e-TextHolder</name>
              <rawConf>&lt;object-stream&gt;
  &lt;MasterConfigObject&gt;
    &lt;configurations&gt;
      &lt;entry&gt;
        &lt;string&gt;dpu_config&lt;/string&gt;
        &lt;string&gt;&amp;lt;object-stream&amp;gt;
  &amp;lt;cz.cuni.mff.xrg.uv.extractor.textholder.TextHolderConfig__V1&amp;gt;
    &amp;lt;fileName&amp;gt;triples.ttl&amp;lt;/fileName&amp;gt;
    &amp;lt;text&amp;gt;&amp;amp;lt;http://localhost/1&amp;amp;gt; &amp;amp;lt;&amp;amp;lt;http://localhost/value&amp;amp;gt; &amp;amp;quot;some text&amp;amp;quot;&amp;lt;/text&amp;gt;
  &amp;lt;/cz.cuni.mff.xrg.uv.extractor.textholder.TextHolderConfig__V1&amp;gt;
&amp;lt;/object-stream&amp;gt;&lt;/string&gt;
      &lt;/entry&gt;
    &lt;/configurations&gt;
  &lt;/MasterConfigObject&gt;
&lt;/object-stream&gt;</rawConf>
              <useDPUDescription>false</useDPUDescription>
            </template>
            <useDPUDescription>false</useDPUDescription>
            <useTemplateConfig>false</useTemplateConfig>
          </dpuInstance>
          <graph reference="../../../.."/>
          <position>
            <x>652</x>
            <y>109</y>
          </position>
        </from>
        <graph reference="../../.."/>
        <script>file -&gt; filesInput;</script>
        <to reference="../../cz.cuni.mff.xrg.odcs.commons.app.pipeline.graph.Edge[5]/from"/>
      </cz.cuni.mff.xrg.odcs.commons.app.pipeline.graph.Edge>
      <cz.cuni.mff.xrg.odcs.commons.app.pipeline.graph.Edge>
        <from>
          <dpuInstance>
            <description></description>
            <menuName>ESIF</menuName>
            <name>ESIF</name>
            <rawConf>&lt;object-stream&gt;
  &lt;MasterConfigObject&gt;
    &lt;configurations&gt;
      &lt;entry&gt;
        &lt;string&gt;addon/faultToleranceWrap&lt;/string&gt;
        &lt;string&gt;&amp;lt;object-stream&amp;gt;
  &amp;lt;eu.unifiedviews.helpers.dpu.extension.faulttolerance.FaultTolerance_-Configuration__V1&amp;gt;
    &amp;lt;enabled&amp;gt;false&amp;lt;/enabled&amp;gt;
    &amp;lt;exceptionNames class=&amp;quot;linked-list&amp;quot;/&amp;gt;
    &amp;lt;maxRetryCount&amp;gt;-1&amp;lt;/maxRetryCount&amp;gt;
  &amp;lt;/eu.unifiedviews.helpers.dpu.extension.faulttolerance.FaultTolerance_-Configuration__V1&amp;gt;
&amp;lt;/object-stream&amp;gt;&lt;/string&gt;
      &lt;/entry&gt;
      &lt;entry&gt;
        &lt;string&gt;dpu_config&lt;/string&gt;
        &lt;string&gt;&amp;lt;object-stream&amp;gt;
  &amp;lt;eu.unifiedviews.plugins.extractor.filesdownload.FilesDownloadConfig__V1&amp;gt;
    &amp;lt;vfsFiles&amp;gt;
      &amp;lt;eu.unifiedviews.plugins.extractor.filesdownload.VfsFile&amp;gt;
        &amp;lt;uri&amp;gt;https://cohesiondata.ec.europa.eu/api/views/e4v6-qrrq/rows.csv?accessType=DOWNLOAD&amp;lt;/uri&amp;gt;
        &amp;lt;username&amp;gt;&amp;lt;/username&amp;gt;
        &amp;lt;password&amp;gt;&amp;lt;/password&amp;gt;
        &amp;lt;fileName&amp;gt;&amp;lt;/fileName&amp;gt;
      &amp;lt;/eu.unifiedviews.plugins.extractor.filesdownload.VfsFile&amp;gt;
    &amp;lt;/vfsFiles&amp;gt;
    &amp;lt;softFail&amp;gt;false&amp;lt;/softFail&amp;gt;
    &amp;lt;defaultTimeout&amp;gt;20000&amp;lt;/defaultTimeout&amp;gt;
    &amp;lt;ignoreTlsErrors&amp;gt;false&amp;lt;/ignoreTlsErrors&amp;gt;
  &amp;lt;/eu.unifiedviews.plugins.extractor.filesdownload.FilesDownloadConfig__V1&amp;gt;
&amp;lt;/object-stream&amp;gt;&lt;/string&gt;
      &lt;/entry&gt;
    &lt;/configurations&gt;
  &lt;/MasterConfigObject&gt;
&lt;/object-stream&gt;</rawConf>
            <template>
              <description></description>
              <jarName>uv-e-filesDownload-2.1.4.jar</jarName>
              <menuName>uv-e-filesDownload</menuName>
              <name>uv-e-filesDownload</name>
              <rawConf>&lt;object-stream&gt;
  &lt;MasterConfigObject&gt;
    &lt;configurations&gt;
      &lt;entry&gt;
        &lt;string&gt;dpu_config&lt;/string&gt;
        &lt;string&gt;&amp;lt;object-stream&amp;gt;
  &amp;lt;eu.unifiedviews.plugins.extractor.filesdownload.FilesDownloadConfig__V1&amp;gt;
    &amp;lt;vfsFiles class=&amp;quot;linked-list&amp;quot;/&amp;gt;
    &amp;lt;softFail&amp;gt;false&amp;lt;/softFail&amp;gt;
    &amp;lt;defaultTimeout&amp;gt;20000&amp;lt;/defaultTimeout&amp;gt;
    &amp;lt;ignoreTlsErrors&amp;gt;false&amp;lt;/ignoreTlsErrors&amp;gt;
  &amp;lt;/eu.unifiedviews.plugins.extractor.filesdownload.FilesDownloadConfig__V1&amp;gt;
&amp;lt;/object-stream&amp;gt;&lt;/string&gt;
      &lt;/entry&gt;
    &lt;/configurations&gt;
  &lt;/MasterConfigObject&gt;
&lt;/object-stream&gt;</rawConf>
              <useDPUDescription>false</useDPUDescription>
            </template>
            <useDPUDescription>false</useDPUDescription>
            <useTemplateConfig>false</useTemplateConfig>
          </dpuInstance>
          <graph reference="../../../.."/>
          <position>
            <x>323</x>
            <y>104</y>
          </position>
        </from>
        <graph reference="../../.."/>
        <script>output -&gt; table;</script>
        <to reference="../../cz.cuni.mff.xrg.odcs.commons.app.pipeline.graph.Edge/from"/>
      </cz.cuni.mff.xrg.odcs.commons.app.pipeline.graph.Edge>
      <cz.cuni.mff.xrg.odcs.commons.app.pipeline.graph.Edge>
        <from reference="../../cz.cuni.mff.xrg.odcs.commons.app.pipeline.graph.Edge[3]/to"/>
        <graph reference="../../.."/>
        <script>output -&gt; input;</script>
        <to>
          <dpuInstance>
            <description>input -&gt; data.ttl</description>
            <menuName>uv-t-rdfToFiles</menuName>
            <name>uv-t-rdfToFiles</name>
            <rawConf>&lt;object-stream&gt;
  &lt;MasterConfigObject&gt;
    &lt;configurations&gt;
      &lt;entry&gt;
        &lt;string&gt;addon/faultToleranceWrap&lt;/string&gt;
        &lt;string&gt;&amp;lt;object-stream&amp;gt;
  &amp;lt;eu.unifiedviews.helpers.dpu.extension.faulttolerance.FaultTolerance_-Configuration__V1&amp;gt;
    &amp;lt;enabled&amp;gt;false&amp;lt;/enabled&amp;gt;
    &amp;lt;exceptionNames class=&amp;quot;linked-list&amp;quot;/&amp;gt;
    &amp;lt;maxRetryCount&amp;gt;-1&amp;lt;/maxRetryCount&amp;gt;
  &amp;lt;/eu.unifiedviews.helpers.dpu.extension.faulttolerance.FaultTolerance_-Configuration__V1&amp;gt;
&amp;lt;/object-stream&amp;gt;&lt;/string&gt;
      &lt;/entry&gt;
      &lt;entry&gt;
        &lt;string&gt;dpu_config&lt;/string&gt;
        &lt;string&gt;&amp;lt;object-stream&amp;gt;
  &amp;lt;eu.unifiedviews.plugins.transformer.rdftofiles.RdfToFilesConfig__V2&amp;gt;
    &amp;lt;outFileName&amp;gt;/home/fath/Desktop/&amp;lt;/outFileName&amp;gt;
    &amp;lt;rdfFileFormat&amp;gt;Turtle&amp;lt;/rdfFileFormat&amp;gt;
    &amp;lt;genGraphFile&amp;gt;true&amp;lt;/genGraphFile&amp;gt;
    &amp;lt;outGraphName&amp;gt;UV_Export&amp;lt;/outGraphName&amp;gt;
  &amp;lt;/eu.unifiedviews.plugins.transformer.rdftofiles.RdfToFilesConfig__V2&amp;gt;
&amp;lt;/object-stream&amp;gt;&lt;/string&gt;
      &lt;/entry&gt;
    &lt;/configurations&gt;
  &lt;/MasterConfigObject&gt;
&lt;/object-stream&gt;</rawConf>
            <template>
              <description>input -&gt; data.ttl</description>
              <jarName>uv-t-rdfToFiles-2.1.4.jar</jarName>
              <menuName>uv-t-rdfToFiles</menuName>
              <name>uv-t-rdfToFiles</name>
              <rawConf>&lt;object-stream&gt;
  &lt;MasterConfigObject&gt;
    &lt;configurations&gt;
      &lt;entry&gt;
        &lt;string&gt;addon/faultToleranceWrap&lt;/string&gt;
        &lt;string&gt;&amp;lt;object-stream&amp;gt;
  &amp;lt;eu.unifiedviews.helpers.dpu.extension.faulttolerance.FaultTolerance_-Configuration__V1&amp;gt;
    &amp;lt;enabled&amp;gt;false&amp;lt;/enabled&amp;gt;
    &amp;lt;exceptionNames class=&amp;quot;linked-list&amp;quot;/&amp;gt;
    &amp;lt;maxRetryCount&amp;gt;-1&amp;lt;/maxRetryCount&amp;gt;
  &amp;lt;/eu.unifiedviews.helpers.dpu.extension.faulttolerance.FaultTolerance_-Configuration__V1&amp;gt;
&amp;lt;/object-stream&amp;gt;&lt;/string&gt;
      &lt;/entry&gt;
      &lt;entry&gt;
        &lt;string&gt;dpu_config&lt;/string&gt;
        &lt;string&gt;&amp;lt;object-stream&amp;gt;
  &amp;lt;eu.unifiedviews.plugins.transformer.rdftofiles.RdfToFilesConfig__V2&amp;gt;
    &amp;lt;outFileName&amp;gt;/home/fath/Desktop/&amp;lt;/outFileName&amp;gt;
    &amp;lt;rdfFileFormat&amp;gt;JSON-LD&amp;lt;/rdfFileFormat&amp;gt;
    &amp;lt;genGraphFile&amp;gt;true&amp;lt;/genGraphFile&amp;gt;
    &amp;lt;outGraphName&amp;gt;UV_Export&amp;lt;/outGraphName&amp;gt;
  &amp;lt;/eu.unifiedviews.plugins.transformer.rdftofiles.RdfToFilesConfig__V2&amp;gt;
&amp;lt;/object-stream&amp;gt;&lt;/string&gt;
      &lt;/entry&gt;
    &lt;/configurations&gt;
  &lt;/MasterConfigObject&gt;
&lt;/object-stream&gt;</rawConf>
              <useDPUDescription>false</useDPUDescription>
            </template>
            <useDPUDescription>false</useDPUDescription>
            <useTemplateConfig>false</useTemplateConfig>
          </dpuInstance>
          <graph reference="../../../.."/>
          <position>
            <x>811</x>
            <y>431</y>
          </position>
        </to>
      </cz.cuni.mff.xrg.odcs.commons.app.pipeline.graph.Edge>
      <cz.cuni.mff.xrg.odcs.commons.app.pipeline.graph.Edge>
        <from reference="../../cz.cuni.mff.xrg.odcs.commons.app.pipeline.graph.Edge/from"/>
        <graph reference="../../.."/>
        <script>triplifiedTable -&gt; input;</script>
        <to reference="../../cz.cuni.mff.xrg.odcs.commons.app.pipeline.graph.Edge[7]/from"/>
      </cz.cuni.mff.xrg.odcs.commons.app.pipeline.graph.Edge>
      <cz.cuni.mff.xrg.odcs.commons.app.pipeline.graph.Edge>
        <from>
          <dpuInstance>
            <description>Funds</description>
            <menuName>uv-t-sparqlConstruct</menuName>
            <name>uv-t-sparqlConstruct</name>
            <rawConf>&lt;object-stream&gt;
  &lt;MasterConfigObject&gt;
    &lt;configurations&gt;
      &lt;entry&gt;
        &lt;string&gt;addon/faultToleranceWrap&lt;/string&gt;
        &lt;string&gt;&amp;lt;object-stream&amp;gt;
  &amp;lt;eu.unifiedviews.helpers.dpu.extension.faulttolerance.FaultTolerance_-Configuration__V1&amp;gt;
    &amp;lt;enabled&amp;gt;false&amp;lt;/enabled&amp;gt;
    &amp;lt;exceptionNames class=&amp;quot;linked-list&amp;quot;/&amp;gt;
    &amp;lt;maxRetryCount&amp;gt;-1&amp;lt;/maxRetryCount&amp;gt;
  &amp;lt;/eu.unifiedviews.helpers.dpu.extension.faulttolerance.FaultTolerance_-Configuration__V1&amp;gt;
&amp;lt;/object-stream&amp;gt;&lt;/string&gt;
      &lt;/entry&gt;
      &lt;entry&gt;
        &lt;string&gt;dpu_config&lt;/string&gt;
        &lt;string&gt;&amp;lt;object-stream&amp;gt;
  &amp;lt;cz.cuni.mff.xrg.uv.transformer.sparql.construct.SparqlConstructConfig__V1&amp;gt;
    &amp;lt;query&amp;gt;PREFIX obeu-dimension: &amp;amp;lt;http://data.openbudgets.eu/ontology/dsd/dimension/&amp;amp;gt;

CONSTRUCT { ?s1 obeu-dimension:fund  ?uri.}
WHERE {
         ?s1 obeu-dimension:fund  ?o1 .
        BIND(URI(CONCAT(&amp;amp;quot;&amp;amp;lt;http://data.openbudgets.eu/resource/ESIF_2014-2020/codelist/eu-funds/&amp;amp;quot;,LCASE(?o1))) as ?uri).
 }

&amp;lt;/query&amp;gt;
    &amp;lt;perGraph&amp;gt;true&amp;lt;/perGraph&amp;gt;
  &amp;lt;/cz.cuni.mff.xrg.uv.transformer.sparql.construct.SparqlConstructConfig__V1&amp;gt;
&amp;lt;/object-stream&amp;gt;&lt;/string&gt;
      &lt;/entry&gt;
    &lt;/configurations&gt;
  &lt;/MasterConfigObject&gt;
&lt;/object-stream&gt;</rawConf>
            <template reference="../../../../cz.cuni.mff.xrg.odcs.commons.app.pipeline.graph.Edge/to/dpuInstance/template"/>
            <useDPUDescription>false</useDPUDescription>
            <useTemplateConfig>false</useTemplateConfig>
          </dpuInstance>
          <graph reference="../../../.."/>
          <position>
            <x>386</x>
            <y>416</y>
          </position>
        </from>
        <graph reference="../../.."/>
        <script>output -&gt; input;</script>
        <to reference="../../cz.cuni.mff.xrg.odcs.commons.app.pipeline.graph.Edge[3]/to"/>
      </cz.cuni.mff.xrg.odcs.commons.app.pipeline.graph.Edge>
      <cz.cuni.mff.xrg.odcs.commons.app.pipeline.graph.Edge>
        <from reference="../../cz.cuni.mff.xrg.odcs.commons.app.pipeline.graph.Edge/from"/>
        <graph reference="../../.."/>
        <script>triplifiedTable -&gt; input;</script>
        <to>
          <dpuInstance>
            <description>Observation</description>
            <menuName>uv-t-sparqlConstruct</menuName>
            <name>uv-t-sparqlConstruct</name>
            <rawConf>&lt;object-stream&gt;
  &lt;MasterConfigObject&gt;
    &lt;configurations&gt;
      &lt;entry&gt;
        &lt;string&gt;addon/faultToleranceWrap&lt;/string&gt;
        &lt;string&gt;&amp;lt;object-stream&amp;gt;
  &amp;lt;eu.unifiedviews.helpers.dpu.extension.faulttolerance.FaultTolerance_-Configuration__V1&amp;gt;
    &amp;lt;enabled&amp;gt;false&amp;lt;/enabled&amp;gt;
    &amp;lt;exceptionNames class=&amp;quot;linked-list&amp;quot;/&amp;gt;
    &amp;lt;maxRetryCount&amp;gt;-1&amp;lt;/maxRetryCount&amp;gt;
  &amp;lt;/eu.unifiedviews.helpers.dpu.extension.faulttolerance.FaultTolerance_-Configuration__V1&amp;gt;
&amp;lt;/object-stream&amp;gt;&lt;/string&gt;
      &lt;/entry&gt;
      &lt;entry&gt;
        &lt;string&gt;dpu_config&lt;/string&gt;
        &lt;string&gt;&amp;lt;object-stream&amp;gt;
  &amp;lt;cz.cuni.mff.xrg.uv.transformer.sparql.construct.SparqlConstructConfig__V1&amp;gt;
    &amp;lt;query&amp;gt;PREFIX qb: &amp;amp;lt;http://purl.org/linked-data/cube#&amp;amp;gt;
CONSTRUCT { ?s1 qb:dataSet   &amp;amp;lt;http://data.openbudgets.eu/resource/dataset/ESIF-2014-2020&amp;amp;gt; .}
WHERE {
         ?s1 a qb:Observation  .
 }&amp;lt;/query&amp;gt;
    &amp;lt;perGraph&amp;gt;true&amp;lt;/perGraph&amp;gt;
  &amp;lt;/cz.cuni.mff.xrg.uv.transformer.sparql.construct.SparqlConstructConfig__V1&amp;gt;
&amp;lt;/object-stream&amp;gt;&lt;/string&gt;
      &lt;/entry&gt;
    &lt;/configurations&gt;
  &lt;/MasterConfigObject&gt;
&lt;/object-stream&gt;</rawConf>
            <template reference="../../../../cz.cuni.mff.xrg.odcs.commons.app.pipeline.graph.Edge/to/dpuInstance/template"/>
            <useDPUDescription>false</useDPUDescription>
            <useTemplateConfig>false</useTemplateConfig>
          </dpuInstance>
          <graph reference="../../../.."/>
          <position>
            <x>311</x>
            <y>471</y>
          </position>
        </to>
      </cz.cuni.mff.xrg.odcs.commons.app.pipeline.graph.Edge>
      <cz.cuni.mff.xrg.odcs.commons.app.pipeline.graph.Edge>
        <from reference="../../cz.cuni.mff.xrg.odcs.commons.app.pipeline.graph.Edge[13]/to"/>
        <graph reference="../../.."/>
        <script>output -&gt; input;</script>
        <to reference="../../cz.cuni.mff.xrg.odcs.commons.app.pipeline.graph.Edge[3]/to"/>
      </cz.cuni.mff.xrg.odcs.commons.app.pipeline.graph.Edge>
      <cz.cuni.mff.xrg.odcs.commons.app.pipeline.graph.Edge>
        <from reference="../../cz.cuni.mff.xrg.odcs.commons.app.pipeline.graph.Edge[6]/to"/>
        <graph reference="../../.."/>
        <script>output -&gt; input;</script>
        <to reference="../../cz.cuni.mff.xrg.odcs.commons.app.pipeline.graph.Edge[4]/from"/>
      </cz.cuni.mff.xrg.odcs.commons.app.pipeline.graph.Edge>
      <cz.cuni.mff.xrg.odcs.commons.app.pipeline.graph.Edge>
        <from reference="../../cz.cuni.mff.xrg.odcs.commons.app.pipeline.graph.Edge[4]/to"/>
        <graph reference="../../.."/>
        <script>output -&gt; input;</script>
        <to reference="../../cz.cuni.mff.xrg.odcs.commons.app.pipeline.graph.Edge[3]/to"/>
      </cz.cuni.mff.xrg.odcs.commons.app.pipeline.graph.Edge>
      <cz.cuni.mff.xrg.odcs.commons.app.pipeline.graph.Edge>
        <from reference="../../cz.cuni.mff.xrg.odcs.commons.app.pipeline.graph.Edge/from"/>
        <graph reference="../../.."/>
        <script>triplifiedTable -&gt; input;</script>
        <to reference="../../cz.cuni.mff.xrg.odcs.commons.app.pipeline.graph.Edge[12]/from"/>
      </cz.cuni.mff.xrg.odcs.commons.app.pipeline.graph.Edge>
    </edges>
    <nodes>
      <cz.cuni.mff.xrg.odcs.commons.app.pipeline.graph.Node reference="../../edges/cz.cuni.mff.xrg.odcs.commons.app.pipeline.graph.Edge[3]/to"/>
      <cz.cuni.mff.xrg.odcs.commons.app.pipeline.graph.Node reference="../../edges/cz.cuni.mff.xrg.odcs.commons.app.pipeline.graph.Edge[2]/to"/>
      <cz.cuni.mff.xrg.odcs.commons.app.pipeline.graph.Node reference="../../edges/cz.cuni.mff.xrg.odcs.commons.app.pipeline.graph.Edge[12]/from"/>
      <cz.cuni.mff.xrg.odcs.commons.app.pipeline.graph.Node reference="../../edges/cz.cuni.mff.xrg.odcs.commons.app.pipeline.graph.Edge/to"/>
      <cz.cuni.mff.xrg.odcs.commons.app.pipeline.graph.Node reference="../../edges/cz.cuni.mff.xrg.odcs.commons.app.pipeline.graph.Edge[8]/from"/>
      <cz.cuni.mff.xrg.odcs.commons.app.pipeline.graph.Node reference="../../edges/cz.cuni.mff.xrg.odcs.commons.app.pipeline.graph.Edge/from"/>
      <cz.cuni.mff.xrg.odcs.commons.app.pipeline.graph.Node reference="../../edges/cz.cuni.mff.xrg.odcs.commons.app.pipeline.graph.Edge[5]/from"/>
      <cz.cuni.mff.xrg.odcs.commons.app.pipeline.graph.Node reference="../../edges/cz.cuni.mff.xrg.odcs.commons.app.pipeline.graph.Edge[9]/from"/>
      <cz.cuni.mff.xrg.odcs.commons.app.pipeline.graph.Node reference="../../edges/cz.cuni.mff.xrg.odcs.commons.app.pipeline.graph.Edge[4]/to"/>
      <cz.cuni.mff.xrg.odcs.commons.app.pipeline.graph.Node reference="../../edges/cz.cuni.mff.xrg.odcs.commons.app.pipeline.graph.Edge[13]/to"/>
      <cz.cuni.mff.xrg.odcs.commons.app.pipeline.graph.Node reference="../../edges/cz.cuni.mff.xrg.odcs.commons.app.pipeline.graph.Edge[10]/to"/>
      <cz.cuni.mff.xrg.odcs.commons.app.pipeline.graph.Node reference="../../edges/cz.cuni.mff.xrg.odcs.commons.app.pipeline.graph.Edge[7]/from"/>
      <cz.cuni.mff.xrg.odcs.commons.app.pipeline.graph.Node reference="../../edges/cz.cuni.mff.xrg.odcs.commons.app.pipeline.graph.Edge[6]/to"/>
      <cz.cuni.mff.xrg.odcs.commons.app.pipeline.graph.Node reference="../../edges/cz.cuni.mff.xrg.odcs.commons.app.pipeline.graph.Edge[4]/from"/>
    </nodes>
    <pipeline reference="../.."/>
  </graph>
  <lastChange>2016-02-29 11:15:41.0 UTC</lastChange>
  <name>ESIF 2014-2020 v04</name>
  <shareType>PRIVATE</shareType>
</cz.cuni.mff.xrg.odcs.commons.app.pipeline.Pipeline>