COD_LOCALE_PROGETTO;DATA_AGGIORNAMENTO;TOT_PAGAMENTI;OC_TOT_PAGAMENTI_RENDICONTAB_UE;OC_TOT_PAGAMENTI_FSC;OC_TOT_PAGAMENTI_PAC
17EM0223544;20110228;0;0;0;0
17EM0223544;20110430;43872,64;43872,64;0;0
17EM0223544;20110630;43872,64;43872,64;0;0
17EM0223544;20110831;43872,64;43872,64;0;0
17EM0223544;20111031;43872,64;43872,64;0;0
17EM0223544;20111231;43872,64;43872,64;0;0
17EM0223544;20120229;43872,64;43872,64;0;0
17EM0223544;20120430;43872,64;43872,64;0;0
17EM0223544;20120630;43872,64;43872,64;0;0
17EM0223544;20120831;43872,64;43872,64;0;0
17EM0223544;20121031;43872,64;43872,64;0;0
17EM0223544;20121231;43872,64;43872,64;0;0
17EM0223544;20130228;43872,64;43872,64;0;0
17EM0223544;20130430;43872,64;43872,64;0;0
17EM0223544;20130630;43872,64;43872,64;0;0
17EM0223544;20130831;43872,64;43872,64;0;0
17EM0223544;20131031;43872,64;43872,64;0;0
17EM0223544;20131231;43872,64;43872,64;0;0
17EM0223544;20140228;43872,64;43872,64;0;0
17EM0223544;20140430;43872,64;43872,64;0;0
17EM0223544;20140630;43872,64;43872,64;0;0
17EM0223544;20140831;43872,64;43872,64;0;0
17EM0223544;20141031;43872,64;43872,64;0;0
17EM0223544;20141231;43872,64;43872,64;0;0
17EM0223544;20150228;43872,64;43872,64;0;0
17EM0223544;20150430;43872,64;43872,64;0;0
17EM0223544;20150630;43872,64;43872,64;0;0
17EM0223544;20150831;43872,64;43872,64;0;0
17EM0223544;20151031;43872,64;43872,64;0;0
17EM0223544;20151231;43872,64;43872,64;0;0
17EM0228885;20100430;0;0;0;0
17EM0228885;20100630;90220,18;90220,18;0;0
17EM0228885;20100831;90220,18;90220,18;0;0
17EM0228885;20101031;90220,18;90220,18;0;0
17EM0228885;20101231;90220,18;90220,18;0;0
17EM0228885;20110228;90220,18;90220,18;0;0
17EM0228885;20110430;90220,18;90220,18;0;0
17EM0228885;20110630;90220,18;90220,18;0;0
17EM0228885;20110831;90220,18;90220,18;0;0
17EM0228885;20111031;90220,18;90220,18;0;0
17EM0228885;20111231;90220,18;90220,18;0;0
17EM0228885;20120229;90220,18;90220,18;0;0
17EM0228885;20120430;90220,18;90220,18;0;0
17EM0228885;20120630;90220,18;90220,18;0;0
17EM0228885;20120831;90220,18;90220,18;0;0
17EM0228885;20121031;90220,18;90220,18;0;0
17EM0228885;20121231;90220,18;90220,18;0;0
17EM0228885;20130228;90220,18;90220,18;0;0
17EM0228885;20130430;90220,18;90220,18;0;0
17EM0228885;20130630;90220,18;90220,18;0;0
17EM0228885;20130831;90220,18;90220,18;0;0
17EM0228885;20131031;90220,18;90220,18;0;0
17EM0228885;20131231;90220,18;90220,18;0;0
17EM0228885;20140228;90220,18;90220,18;0;0
17EM0228885;20140430;90220,18;90220,18;0;0
17EM0228885;20140630;90220,18;90220,18;0;0
17EM0228885;20140831;90220,18;90220,18;0;0
17EM0228885;20141031;90220,18;90220,18;0;0
17EM0228885;20141231;90220,18;90220,18;0;0
17EM0228885;20150228;90220,18;90220,18;0;0
17EM0228885;20150430;90220,18;90220,18;0;0
17EM0228885;20150630;90220,18;90220,18;0;0
17EM0228885;20150831;90220,18;90220,18;0;0
17EM0228885;20151031;90220,18;90220,18;0;0
17EM0228885;20151231;90220,18;90220,18;0;0
17EM0235574;20151231;0;0;0;0
17EM0235733;20100228;0;0;0;0
17EM0235733;20100430;36000;36000;0;0
17EM0235733;20100630;36000;36000;0;0
17EM0235733;20100831;36000;36000;0;0
17EM0235733;20101031;36000;36000;0;0
17EM0235733;20101231;36000;36000;0;0
17EM0235733;20110228;36000;36000;0;0
17EM0235733;20110430;36000;36000;0;0
17EM0235733;20110630;36000;36000;0;0
17EM0235733;20110831;36000;36000;0;0
17EM0235733;20111031;36000;36000;0;0
17EM0235733;20111231;36000;36000;0;0
17EM0235733;20120229;36000;36000;0;0
17EM0235733;20120430;36000;36000;0;0
17EM0235733;20120630;36000;36000;0;0
17EM0235733;20120831;36000;36000;0;0
17EM0235733;20121031;36000;36000;0;0
17EM0235733;20121231;36000;36000;0;0
17EM0235733;20130228;36000;36000;0;0
17EM0235733;20130430;36000;36000;0;0
17EM0235733;20130630;36000;36000;0;0
17EM0235733;20130831;36000;36000;0;0
17EM0235733;20131031;36000;36000;0;0
17EM0235733;20131231;36000;36000;0;0
17EM0235733;20140228;36000;36000;0;0
17EM0235733;20140430;36000;36000;0;0
17EM0235733;20140630;36000;36000;0;0
17EM0235733;20140831;36000;36000;0;0
17EM0235733;20141031;36000;36000;0;0
17EM0235733;20141231;36000;36000;0;0
17EM0235733;20150228;36000;36000;0;0
17EM0235733;20150430;36000;36000;0;0
17EM0235733;20150630;36000;36000;0;0
17EM0235733;20150831;36000;36000;0;0
17EM0235733;20151031;36000;36000;0;0
17EM0235733;20151231;36000;36000;0;0
17EM0235756;20110831;0;0;0;0
17EM0235756;20111031;52463,28;52463,28;0;0
17EM0235756;20111231;52463,28;52463,28;0;0
17EM0235756;20120229;52463,28;52463,28;0;0
17EM0235756;20120430;52463,28;52463,28;0;0
17EM0235756;20120630;52463,28;52463,28;0;0
17EM0235756;20120831;52463,28;52463,28;0;0
17EM0235756;20121031;52463,28;52463,28;0;0
17EM0235756;20121231;52463,28;52463,28;0;0
17EM0235756;20130228;52463,28;52463,28;0;0
17EM0235756;20130430;52463,28;52463,28;0;0
17EM0235756;20130630;52463,28;52463,28;0;0
17EM0235756;20130831;52463,28;52463,28;0;0
17EM0235756;20131031;52463,28;52463,28;0;0
17EM0235756;20131231;52463,28;52463,28;0;0
17EM0235756;20140228;52463,28;52463,28;0;0
17EM0235756;20140430;52463,28;52463,28;0;0
17EM0235756;20140630;52463,28;52463,28;0;0
17EM0235756;20140831;52463,28;52463,28;0;0
17EM0235756;20141031;52463,28;52463,28;0;0
17EM0235756;20141231;52463,28;52463,28;0;0
17EM0235756;20150228;52463,28;52463,28;0;0
17EM0235756;20150430;52463,28;52463,28;0;0
17EM0235756;20150630;52463,28;52463,28;0;0
17EM0235756;20150831;52463,28;52463,28;0;0
17EM0235756;20151031;52463,28;52463,28;0;0
17EM0235756;20151231;52463,28;52463,28;0;0
17EM0237231;20151231;0;0;0;0
17EM0237525;20100430;0;0;0;0
17EM0237525;20100630;47393,09;47393,09;0;0
17EM0237525;20100831;47393,09;47393,09;0;0
17EM0237525;20101031;47393,09;47393,09;0;0
17EM0237525;20101231;47393,09;47393,09;0;0
17EM0237525;20110228;47393,09;47393,09;0;0
17EM0237525;20110430;47393,09;47393,09;0;0
17EM0237525;20110630;47393,09;47393,09;0;0
17EM0237525;20110831;47393,09;47393,09;0;0
17EM0237525;20111031;47393,09;47393,09;0;0
17EM0237525;20111231;47393,09;47393,09;0;0
17EM0237525;20120229;47393,09;47393,09;0;0
17EM0237525;20120430;47393,09;47393,09;0;0
17EM0237525;20120630;47393,09;47393,09;0;0
17EM0237525;20120831;47393,09;47393,09;0;0
17EM0237525;20121031;47393,09;47393,09;0;0
17EM0237525;20121231;47393,09;47393,09;0;0
17EM0237525;20130228;47393,09;47393,09;0;0
17EM0237525;20130430;47393,09;47393,09;0;0
17EM0237525;20130630;47393,09;47393,09;0;0
17EM0237525;20130831;47393,09;47393,09;0;0
17EM0237525;20131031;47393,09;47393,09;0;0
17EM0237525;20131231;47393,09;47393,09;0;0
17EM0237525;20140228;47393,09;47393,09;0;0
17EM0237525;20140430;47393,09;47393,09;0;0
17EM0237525;20140630;47393,09;47393,09;0;0
17EM0237525;20140831;47393,09;47393,09;0;0
17EM0237525;20141031;47393,09;47393,09;0;0
17EM0237525;20141231;47393,09;47393,09;0;0
17EM0237525;20150228;47393,09;47393,09;0;0
17EM0237525;20150430;47393,09;47393,09;0;0
17EM0237525;20150630;47393,09;47393,09;0;0
17EM0237525;20150831;47393,09;47393,09;0;0
17EM0237525;20151031;47393,09;47393,09;0;0
17EM0237525;20151231;47393,09;47393,09;0;0
17EM0237539;20151231;0;0;0;0
17EM0237554;20110831;0;0;0;0
17EM0237554;20111031;35994;35994;0;0
17EM0237554;20111231;35994;35994;0;0
17EM0237554;20120229;35994;35994;0;0
17EM0237554;20120430;35994;35994;0;0
17EM0237554;20120630;35994;35994;0;0
17EM0237554;20120831;35994;35994;0;0
17EM0237554;20121031;35994;35994;0;0
17EM0237554;20121231;35994;35994;0;0
17EM0237554;20130228;35994;35994;0;0
17EM0237554;20130430;35994;35994;0;0
17EM0237554;20130630;35994;35994;0;0
17EM0237554;20130831;35994;35994;0;0
17EM0237554;20131031;35994;35994;0;0
17EM0237554;20131231;35994;35994;0;0
17EM0237554;20140228;35994;35994;0;0
17EM0237554;20140430;35994;35994;0;0
17EM0237554;20140630;35994;35994;0;0
17EM0237554;20140831;35994;35994;0;0
17EM0237554;20141031;35994;35994;0;0
17EM0237554;20141231;35994;35994;0;0
17EM0237554;20150228;35994;35994;0;0
17EM0237554;20150430;35994;35994;0;0
17EM0237554;20150630;35994;35994;0;0
17EM0237554;20150831;35994;35994;0;0
17EM0237554;20151031;35994;35994;0;0
17EM0237554;20151231;35994;35994;0;0
17EM0237569;20091031;0;0;0;0
17EM0237569;20091231;26771,11;26771,11;0;0
17EM0237569;20100228;26771,11;26771,11;0;0
17EM0237569;20100430;53542,21;53542,21;0;0
17EM0237569;20100630;53542,21;53542,21;0;0
17EM0237569;20100831;53542,21;53542,21;0;0
17EM0237569;20101031;53542,21;53542,21;0;0
17EM0237569;20101231;53542,21;53542,21;0;0
17EM0237569;20110228;53542,21;53542,21;0;0
17EM0237569;20110430;53542,21;53542,21;0;0
17EM0237569;20110630;53542,21;53542,21;0;0
17EM0237569;20110831;53542,21;53542,21;0;0
17EM0237569;20111031;53542,21;53542,21;0;0
17EM0237569;20111231;53542,21;53542,21;0;0
17EM0237569;20120229;53542,21;53542,21;0;0
17EM0237569;20120430;53542,21;53542,21;0;0
17EM0237569;20120630;53542,21;53542,21;0;0
17EM0237569;20120831;53542,21;53542,21;0;0
17EM0237569;20121031;53542,21;53542,21;0;0
17EM0237569;20121231;53542,21;53542,21;0;0
17EM0237569;20130228;53542,21;53542,21;0;0
17EM0237569;20130430;53542,21;53542,21;0;0
17EM0237569;20130630;53542,21;53542,21;0;0
17EM0237569;20130831;53542,21;53542,21;0;0
17EM0237569;20131031;53542,21;53542,21;0;0
17EM0237569;20131231;53542,21;53542,21;0;0
17EM0237569;20140228;53542,21;53542,21;0;0
17EM0237569;20140430;53542,21;53542,21;0;0
17EM0237569;20140630;53542,21;53542,21;0;0
17EM0237569;20140831;53542,21;53542,21;0;0
17EM0237569;20141031;53542,21;53542,21;0;0
17EM0237569;20141231;53542,21;53542,21;0;0
17EM0237569;20150228;53542,21;53542,21;0;0
17EM0237569;20150430;53542,21;53542,21;0;0
17EM0237569;20150630;53542,21;53542,21;0;0
17EM0237569;20150831;53542,21;53542,21;0;0
17EM0237569;20151031;53542,21;53542,21;0;0
17EM0237569;20151231;53542,21;53542,21;0;0
17EM0237593;20111031;0;0;0;0
17EM0237593;20111231;46733,2;46733,2;0;0
17EM0237593;20120229;46733,2;46733,2;0;0
17EM0237593;20120430;46733,2;46733,2;0;0
17EM0237593;20120630;46733,2;46733,2;0;0
17EM0237593;20120831;46733,2;46733,2;0;0
17EM0237593;20121031;46733,2;46733,2;0;0
17EM0237593;20121231;46733,2;46733,2;0;0
17EM0237593;20130228;46733,2;46733,2;0;0
17EM0237593;20130430;46733,2;46733,2;0;0
17EM0237593;20130630;46733,2;46733,2;0;0
17EM0237593;20130831;46733,2;46733,2;0;0
17EM0237593;20131031;46733,2;46733,2;0;0
17EM0237593;20131231;46733,2;46733,2;0;0
17EM0237593;20140228;46733,2;46733,2;0;0
17EM0237593;20140430;46733,2;46733,2;0;0
17EM0237593;20140630;46733,2;46733,2;0;0
17EM0237593;20140831;46733,2;46733,2;0;0
17EM0237593;20141031;46733,2;46733,2;0;0
17EM0237593;20141231;46733,2;46733,2;0;0
17EM0237593;20150228;46733,2;46733,2;0;0
17EM0237593;20150430;46733,2;46733,2;0;0
17EM0237593;20150630;46733,2;46733,2;0;0
17EM0237593;20150831;46733,2;46733,2;0;0
17EM0237593;20151031;46733,2;46733,2;0;0
17EM0237593;20151231;46733,2;46733,2;0;0
17EM0239383;20100228;0;0;0;0
17EM0239383;20100430;54880;54880;0;0
17EM0239383;20100630;54880;54880;0;0
17EM0239383;20100831;54880;54880;0;0
17EM0239383;20101031;54880;54880;0;0
17EM0239383;20101231;54880;54880;0;0
17EM0239383;20110228;54880;54880;0;0
17EM0239383;20110430;54880;54880;0;0
17EM0239383;20110630;54880;54880;0;0
17EM0239383;20110831;54880;54880;0;0
17EM0239383;20111031;54880;54880;0;0
17EM0239383;20111231;54880;54880;0;0
17EM0239383;20120229;54880;54880;0;0
17EM0239383;20120430;54880;54880;0;0
17EM0239383;20120630;54880;54880;0;0
17EM0239383;20120831;54880;54880;0;0
17EM0239383;20121031;54880;54880;0;0
17EM0239383;20121231;54880;54880;0;0
17EM0239383;20130228;54880;54880;0;0
17EM0239383;20130430;54880;54880;0;0
17EM0239383;20130630;54880;54880;0;0
17EM0239383;20130831;54880;54880;0;0
17EM0239383;20131031;54880;54880;0;0
17EM0239383;20131231;54880;54880;0;0
17EM0239383;20140228;54880;54880;0;0
17EM0239383;20140430;54880;54880;0;0
17EM0239383;20140630;54880;54880;0;0
17EM0239383;20140831;54880;54880;0;0
17EM0239383;20141031;54880;54880;0;0
17EM0239383;20141231;54880;54880;0;0
17EM0239383;20150228;54880;54880;0;0
17EM0239383;20150430;54880;54880;0;0
17EM0239383;20150630;54880;54880;0;0
17EM0239383;20150831;54880;54880;0;0
17EM0239383;20151031;54880;54880;0;0
17EM0239383;20151231;54880;54880;0;0
17EM0239402;20110630;0;0;0;0
17EM0239402;20110831;42745,11;42745,11;0;0
17EM0239402;20111031;42745,11;42745,11;0;0
17EM0239402;20111231;42745,11;42745,11;0;0
17EM0239402;20120229;42745,11;42745,11;0;0
17EM0239402;20120430;42745,11;42745,11;0;0
17EM0239402;20120630;42745,11;42745,11;0;0
17EM0239402;20120831;42745,11;42745,11;0;0
17EM0239402;20121031;42745,11;42745,11;0;0
17EM0239402;20121231;42745,11;42745,11;0;0
17EM0239402;20130228;42745,11;42745,11;0;0
17EM0239402;20130430;42745,11;42745,11;0;0
17EM0239402;20130630;42745,11;42745,11;0;0
17EM0239402;20130831;42745,11;42745,11;0;0
17EM0239402;20131031;42745,11;42745,11;0;0
17EM0239402;20131231;42745,11;42745,11;0;0
17EM0239402;20140228;42745,11;42745,11;0;0
17EM0239402;20140430;42745,11;42745,11;0;0
17EM0239402;20140630;42745,11;42745,11;0;0
17EM0239402;20140831;42745,11;42745,11;0;0
17EM0239402;20141031;42745,11;42745,11;0;0
17EM0239402;20141231;42745,11;42745,11;0;0
17EM0239402;20150228;42745,11;42745,11;0;0
17EM0239402;20150430;42745,11;42745,11;0;0
17EM0239402;20150630;42745,11;42745,11;0;0
17EM0239402;20150831;42745,11;42745,11;0;0
17EM0239402;20151031;42745,11;42745,11;0;0
17EM0239402;20151231;42745,11;42745,11;0;0
17EM0239427;20090831;0;0;0;0
17EM0239427;20091031;35100;35100;0;0
17EM0239427;20091231;35100;35100;0;0
17EM0239427;20100228;35100;35100;0;0
17EM0239427;20100430;35100;35100;0;0
17EM0239427;20100630;70155,81;70155,81;0;0
17EM0239427;20100831;70155,81;70155,81;0;0
17EM0239427;20101031;70155,81;70155,81;0;0
17EM0239427;20101231;70155,81;70155,81;0;0
17EM0239427;20110228;70155,81;70155,81;0;0
17EM0239427;20110430;70155,81;70155,81;0;0
17EM0239427;20110630;70155,81;70155,81;0;0
17EM0239427;20110831;70155,81;70155,81;0;0
17EM0239427;20111031;70155,81;70155,81;0;0
17EM0239427;20111231;70155,81;70155,81;0;0
17EM0239427;20120229;70155,81;70155,81;0;0
17EM0239427;20120430;70155,81;70155,81;0;0
17EM0239427;20120630;70155,81;70155,81;0;0
17EM0239427;20120831;70155,81;70155,81;0;0
17EM0239427;20121031;70155,81;70155,81;0;0
17EM0239427;20121231;70155,81;70155,81;0;0
17EM0239427;20130228;70155,81;70155,81;0;0
17EM0239427;20130430;70155,81;70155,81;0;0
17EM0239427;20130630;70155,81;70155,81;0;0
17EM0239427;20130831;70155,81;70155,81;0;0
17EM0239427;20131031;70155,81;70155,81;0;0
17EM0239427;20131231;70155,81;70155,81;0;0
17EM0239427;20140228;70155,81;70155,81;0;0
17EM0239427;20140430;70155,81;70155,81;0;0
17EM0239427;20140630;70155,81;70155,81;0;0
17EM0239427;20140831;70155,81;70155,81;0;0
17EM0239427;20141031;70155,81;70155,81;0;0
17EM0239427;20141231;70155,81;70155,81;0;0
17EM0239427;20150228;70155,81;70155,81;0;0
17EM0239427;20150430;70155,81;70155,81;0;0
17EM0239427;20150630;70155,81;70155,81;0;0
17EM0239427;20150831;70155,81;70155,81;0;0
17EM0239427;20151031;70155,81;70155,81;0;0
17EM0239427;20151231;70155,81;70155,81;0;0
17EM0239472;20090430;0;0;0;0
17EM0239472;20090630;33600;33600;0;0
17EM0239472;20090831;33600;33600;0;0
17EM0239472;20091031;33600;33600;0;0
17EM0239472;20091231;33600;33600;0;0
17EM0239472;20100228;33600;33600;0;0
17EM0239472;20100430;33600;33600;0;0
17EM0239472;20100630;33600;33600;0;0
17EM0239472;20100831;33600;33600;0;0
17EM0239472;20101031;33600;33600;0;0
17EM0239472;20101231;33600;33600;0;0
17EM0239472;20110228;33600;33600;0;0
17EM0239472;20110430;33600;33600;0;0
17EM0239472;20110630;33600;33600;0;0
17EM0239472;20110831;96000;96000;0;0
17EM0239472;20111031;96000;96000;0;0
17EM0239472;20111231;96000;96000;0;0
17EM0239472;20120229;96000;96000;0;0
17EM0239472;20120430;96000;96000;0;0
17EM0239472;20120630;96000;96000;0;0
17EM0239472;20120831;96000;96000;0;0
17EM0239472;20121031;96000;96000;0;0
17EM0239472;20121231;96000;96000;0;0
17EM0239472;20130228;96000;96000;0;0
17EM0239472;20130430;96000;96000;0;0
17EM0239472;20130630;96000;96000;0;0
17EM0239472;20130831;96000;96000;0;0
17EM0239472;20131031;96000;96000;0;0
17EM0239472;20131231;96000;96000;0;0
17EM0239472;20140228;96000;96000;0;0
17EM0239472;20140430;96000;96000;0;0
17EM0239472;20140630;96000;96000;0;0
17EM0239472;20140831;96000;96000;0;0
17EM0239472;20141031;96000;96000;0;0
17EM0239472;20141231;96000;96000;0;0
17EM0239472;20150228;96000;96000;0;0
17EM0239472;20150430;96000;96000;0;0
17EM0239472;20150630;96000;96000;0;0
17EM0239472;20150831;96000;96000;0;0
17EM0239472;20151031;96000;96000;0;0
17EM0239472;20151231;96000;96000;0;0
17EM0239534;20090630;0;0;0;0
17EM0239534;20090831;61299,99;61299,99;0;0
17EM0239534;20091031;61299,99;61299,99;0;0
17EM0239534;20091231;61299,99;61299,99;0;0
17EM0239534;20100228;61299,99;61299,99;0;0
17EM0239534;20100430;61299,99;61299,99;0;0
17EM0239534;20100630;61299,99;61299,99;0;0
17EM0239534;20100831;61299,99;61299,99;0;0
17EM0239534;20101031;61299,99;61299,99;0;0
17EM0239534;20101231;61299,99;61299,99;0;0
17EM0239534;20110228;61299,99;61299,99;0;0
17EM0239534;20110430;61299,99;61299,99;0;0
17EM0239534;20110630;61299,99;61299,99;0;0
17EM0239534;20110831;61299,99;61299,99;0;0
17EM0239534;20111031;61299,99;61299,99;0;0
17EM0239534;20111231;61299,99;61299,99;0;0
17EM0239534;20120229;61299,99;61299,99;0;0
17EM0239534;20120430;61299,99;61299,99;0;0
17EM0239534;20120630;61299,99;61299,99;0;0
17EM0239534;20120831;61299,99;61299,99;0;0
17EM0239534;20121031;61299,99;61299,99;0;0
17EM0239534;20121231;61299,99;61299,99;0;0
17EM0239534;20130228;61299,99;61299,99;0;0
17EM0239534;20130430;61299,99;61299,99;0;0
17EM0239534;20130630;61299,99;61299,99;0;0
17EM0239534;20130831;61299,99;61299,99;0;0
17EM0239534;20131031;61299,99;61299,99;0;0
17EM0239534;20131231;61299,99;61299,99;0;0
17EM0239534;20140228;61299,99;61299,99;0;0
17EM0239534;20140430;61299,99;61299,99;0;0
17EM0239534;20140630;61299,99;61299,99;0;0
17EM0239534;20140831;61299,99;61299,99;0;0
17EM0239534;20141031;61299,99;61299,99;0;0
17EM0239534;20141231;61299,99;61299,99;0;0
17EM0239534;20150228;61299,99;61299,99;0;0
17EM0239534;20150430;61299,99;61299,99;0;0
17EM0239534;20150630;61299,99;61299,99;0;0
17EM0239534;20150831;61299,99;61299,99;0;0
17EM0239534;20151031;61299,99;61299,99;0;0
17EM0239534;20151231;61299,99;61299,99;0;0
17EM0239757;20101031;0;0;0;0
17EM0239757;20101231;42465,2;42465,2;0;0
17EM0239757;20110228;42465,2;42465,2;0;0
17EM0239757;20110430;42465,2;42465,2;0;0
17EM0239757;20110630;42465,2;42465,2;0;0
17EM0239757;20110831;42465,2;42465,2;0;0
17EM0239757;20111031;42465,2;42465,2;0;0
17EM0239757;20111231;42465,2;42465,2;0;0
17EM0239757;20120229;42465,2;42465,2;0;0
17EM0239757;20120430;42465,2;42465,2;0;0
17EM0239757;20120630;42465,2;42465,2;0;0
17EM0239757;20120831;42465,2;42465,2;0;0
17EM0239757;20121031;42465,2;42465,2;0;0
17EM0239757;20121231;42465,2;42465,2;0;0
17EM0239757;20130228;42465,2;42465,2;0;0
17EM0239757;20130430;42465,2;42465,2;0;0
17EM0239757;20130630;42465,2;42465,2;0;0
17EM0239757;20130831;42465,2;42465,2;0;0
17EM0239757;20131031;42465,2;42465,2;0;0
17EM0239757;20131231;42465,2;42465,2;0;0
17EM0239757;20140228;42465,2;42465,2;0;0
17EM0239757;20140430;42465,2;42465,2;0;0
17EM0239757;20140630;42465,2;42465,2;0;0
17EM0239757;20140831;42465,2;42465,2;0;0
17EM0239757;20141031;42465,2;42465,2;0;0
17EM0239757;20141231;42465,2;42465,2;0;0
17EM0239757;20150228;42465,2;42465,2;0;0
17EM0239757;20150430;42465,2;42465,2;0;0
17EM0239757;20150630;42465,2;42465,2;0;0
17EM0239757;20150831;42465,2;42465,2;0;0
17EM0239757;20151031;42465,2;42465,2;0;0
17EM0239757;20151231;42465,2;42465,2;0;0
17EM0240601;20100430;0;0;0;0
17EM0240601;20100630;72760;72760;0;0
17EM0240601;20100831;72760;72760;0;0
17EM0240601;20101031;72760;72760;0;0
17EM0240601;20101231;72760;72760;0;0
17EM0240601;20110228;72760;72760;0;0
17EM0240601;20110430;72760;72760;0;0
17EM0240601;20110630;72760;72760;0;0
17EM0240601;20110831;72760;72760;0;0
17EM0240601;20111031;72760;72760;0;0
17EM0240601;20111231;72760;72760;0;0
17EM0240601;20120229;72760;72760;0;0
17EM0240601;20120430;72760;72760;0;0
17EM0240601;20120630;72760;72760;0;0
17EM0240601;20120831;72760;72760;0;0
17EM0240601;20121031;72760;72760;0;0
17EM0240601;20121231;72760;72760;0;0
17EM0240601;20130228;72760;72760;0;0
17EM0240601;20130430;72760;72760;0;0
17EM0240601;20130630;72760;72760;0;0
17EM0240601;20130831;72760;72760;0;0
17EM0240601;20131031;72760;72760;0;0
17EM0240601;20131231;72760;72760;0;0
17EM0240601;20140228;72760;72760;0;0
17EM0240601;20140430;72760;72760;0;0
17EM0240601;20140630;72760;72760;0;0
17EM0240601;20140831;72760;72760;0;0
17EM0240601;20141031;72760;72760;0;0
17EM0240601;20141231;72760;72760;0;0
17EM0240601;20150228;72760;72760;0;0
17EM0240601;20150430;72760;72760;0;0
17EM0240601;20150630;72760;72760;0;0
17EM0240601;20150831;72760;72760;0;0
17EM0240601;20151031;72760;72760;0;0
17EM0240601;20151231;72760;72760;0;0
17EM0240610;20100831;0;0;0;0
17EM0240610;20101031;117781,98;117781,98;0;0
17EM0240610;20101231;117781,98;117781,98;0;0
17EM0240610;20110228;117781,98;117781,98;0;0
17EM0240610;20110430;117781,98;117781,98;0;0
17EM0240610;20110630;117781,98;117781,98;0;0
17EM0240610;20110831;117781,98;117781,98;0;0
17EM0240610;20111031;117781,98;117781,98;0;0
17EM0240610;20111231;117781,98;117781,98;0;0
17EM0240610;20120229;117781,98;117781,98;0;0
17EM0240610;20120430;117781,98;117781,98;0;0
17EM0240610;20120630;117781,98;117781,98;0;0
17EM0240610;20120831;117781,98;117781,98;0;0
17EM0240610;20121031;117781,98;117781,98;0;0
17EM0240610;20121231;117781,98;117781,98;0;0
17EM0240610;20130228;117781,98;117781,98;0;0
17EM0240610;20130430;117781,98;117781,98;0;0
17EM0240610;20130630;117781,98;117781,98;0;0
17EM0240610;20130831;117781,98;117781,98;0;0
17EM0240610;20131031;117781,98;117781,98;0;0
17EM0240610;20131231;117781,98;117781,98;0;0
17EM0240610;20140228;117781,98;117781,98;0;0
17EM0240610;20140430;117781,98;117781,98;0;0
17EM0240610;20140630;117781,98;117781,98;0;0
17EM0240610;20140831;117781,98;117781,98;0;0
17EM0240610;20141031;117781,98;117781,98;0;0
17EM0240610;20141231;117781,98;117781,98;0;0
17EM0240610;20150228;117781,98;117781,98;0;0
17EM0240610;20150430;117781,98;117781,98;0;0
17EM0240610;20150630;117781,98;117781,98;0;0
17EM0240610;20150831;117781,98;117781,98;0;0
17EM0240610;20151031;117781,98;117781,98;0;0
17EM0240610;20151231;117781,98;117781,98;0;0
17EM0240614;20100228;0;0;0;0
17EM0240614;20100430;36108,43;36108,43;0;0
17EM0240614;20100630;36108,43;36108,43;0;0
17EM0240614;20100831;36108,43;36108,43;0;0
17EM0240614;20101031;36108,43;36108,43;0;0
17EM0240614;20101231;36108,43;36108,43;0;0
17EM0240614;20110228;36108,43;36108,43;0;0
17EM0240614;20110430;36108,43;36108,43;0;0
17EM0240614;20110630;36108,43;36108,43;0;0
17EM0240614;20110831;36108,43;36108,43;0;0
17EM0240614;20111031;36108,43;36108,43;0;0
17EM0240614;20111231;36108,43;36108,43;0;0
17EM0240614;20120229;36108,43;36108,43;0;0
17EM0240614;20120430;36108,43;36108,43;0;0
17EM0240614;20120630;36108,43;36108,43;0;0
17EM0240614;20120831;36108,43;36108,43;0;0
17EM0240614;20121031;36108,43;36108,43;0;0
17EM0240614;20121231;36108,43;36108,43;0;0
17EM0240614;20130228;36108,43;36108,43;0;0
17EM0240614;20130430;36108,43;36108,43;0;0
17EM0240614;20130630;36108,43;36108,43;0;0
17EM0240614;20130831;36108,43;36108,43;0;0
17EM0240614;20131031;36108,43;36108,43;0;0
17EM0240614;20131231;36108,43;36108,43;0;0
17EM0240614;20140228;36108,43;36108,43;0;0
17EM0240614;20140430;36108,43;36108,43;0;0
17EM0240614;20140630;36108,43;36108,43;0;0
17EM0240614;20140831;36108,43;36108,43;0;0
17EM0240614;20141031;36108,43;36108,43;0;0
17EM0240614;20141231;36108,43;36108,43;0;0
17EM0240614;20150228;36108,43;36108,43;0;0
17EM0240614;20150430;36108,43;36108,43;0;0
17EM0240614;20150630;36108,43;36108,43;0;0
17EM0240614;20150831;36108,43;36108,43;0;0
17EM0240614;20151031;36108,43;36108,43;0;0
17EM0240614;20151231;36108,43;36108,43;0;0
1BOPG-2/61/2010;20101231;0;0;0;0
1BOPG-2/61/2010;20110228;344903,95;344903,95;0;0
1BOPG-2/61/2010;20110430;344903,95;344903,95;0;0
1BOPG-2/61/2010;20110630;396178,67;396178,67;0;0
1BOPG-2/61/2010;20110831;425550,14;425550,14;0;0
1BOPG-2/61/2010;20111031;459871,93;459871,93;0;0
1BOPG-2/61/2010;20111231;459871,93;459871,93;0;0
1BOPG-2/61/2010;20120229;459871,93;459871,93;0;0
1BOPG-2/61/2010;20120430;459871,93;459871,93;0;0
1BOPG-2/61/2010;20120630;459871,93;459871,93;0;0
1BOPG-2/61/2010;20120831;459871,93;459871,93;0;0
1BOPG-2/61/2010;20121031;459871,93;459871,93;0;0
1BOPG-2/61/2010;20121231;459871,93;459871,93;0;0
1BOPG-2/61/2010;20130228;459871,93;459871,93;0;0
1BOPG-2/61/2010;20130430;459871,93;459871,93;0;0
1BOPG-2/61/2010;20130630;459871,93;459871,93;0;0
1BOPG-2/61/2010;20130831;459871,93;459871,93;0;0
1BOPG-2/61/2010;20131031;459871,93;459871,93;0;0
1BOPG-2/61/2010;20131231;459871,93;459871,93;0;0
1BOPG-2/61/2010;20140228;459871,93;459871,93;0;0
1BOPG-2/61/2010;20140430;459871,93;459871,93;0;0
1BOPG-2/61/2010;20140630;459871,93;459871,93;0;0
1BOPG-2/61/2010;20140831;459871,93;459871,93;0;0
1BOPG-2/61/2010;20141031;459871,93;459871,93;0;0
1BOPG-2/61/2010;20141231;459871,93;459871,93;0;0
1BOPG-2/61/2010;20150228;459871,93;459871,93;0;0
1BOPG-2/61/2010;20150430;459871,93;459871,93;0;0
1BOPG-2/61/2010;20150630;459871,93;459871,93;0;0
1BOPG-2/61/2010;20150831;459871,93;459871,93;0;0
1BOPG-2/61/2010;20151031;459871,93;459871,93;0;0
1BOPG-2/61/2010;20151231;459871,93;459871,93;0;0
1CA128C342007IT051PO001;20141031;0;0;0;0
1CA128C342007IT051PO001;20141231;2109,96;2109,96;0;0
1CA128C342007IT051PO001;20150228;2509,96;2509,96;0;0
1CA128C342007IT051PO001;20150430;5357,96;5357,96;0;0
1CA128C342007IT051PO001;20150630;6774,96;6774,96;0;0
1CA128C342007IT051PO001;20150831;6774,96;6774,96;0;0
1CA128C342007IT051PO001;20151031;6774,96;6774,96;0;0
1CA128C342007IT051PO001;20151231;6774,96;6774,96;0;0
1CA128C42007IT161PO009;20091031;0;0;0;0
1CA128C42007IT161PO009;20091231;36000;36000;0;0
1CA128C42007IT161PO009;20100228;51000;51000;0;0
1CA128C42007IT161PO009;20100430;55120;55120;0;0
1CA128C42007IT161PO009;20100630;56370;56370;0;0
1CA128C42007IT161PO009;20100831;66370;66370;0;0
1CA128C42007IT161PO009;20101031;78850;78850;0;0
1CA128C42007IT161PO009;20101231;91900;91900;0;0
1CA128C42007IT161PO009;20110228;91900;91900;0;0
1CA128C42007IT161PO009;20110430;91900;91900;0;0
1CA128C42007IT161PO009;20110630;91900;91900;0;0
1CA128C42007IT161PO009;20110831;91900;91900;0;0
1CA128C42007IT161PO009;20111031;91900;91900;0;0
1CA128C42007IT161PO009;20111231;91900;91900;0;0
1CA128C42007IT161PO009;20120229;91900;91900;0;0
1CA128C42007IT161PO009;20120430;91900;91900;0;0
1CA128C42007IT161PO009;20120630;91900;91900;0;0
1CA128C42007IT161PO009;20120831;91900;91900;0;0
1CA128C42007IT161PO009;20121031;91900;91900;0;0
1CA128C42007IT161PO009;20121231;91900;91900;0;0
1CA128C42007IT161PO009;20130228;91900;91900;0;0
1CA128C42007IT161PO009;20130430;91900;91900;0;0
1CA128C42007IT161PO009;20130630;91900;91900;0;0
1CA128C42007IT161PO009;20130831;91900;91900;0;0
1CA128C42007IT161PO009;20131031;91900;91900;0;0
1CA128C42007IT161PO009;20131231;91900;91900;0;0
1CA128C42007IT161PO009;20140228;91900;91900;0;0
1CA128C42007IT161PO009;20140430;91900;91900;0;0
1CA128C42007IT161PO009;20140630;91900;91900;0;0
1CA128C42007IT161PO009;20140831;91900;91900;0;0
1CA128C42007IT161PO009;20141031;91900;91900;0;0
1CA128C42007IT161PO009;20141231;91900;91900;0;0
1CA128C42007IT161PO009;20150228;91900;91900;0;0
1CA128C42007IT161PO009;20150430;91900;91900;0;0
1CA128C42007IT161PO009;20150630;91900;91900;0;0
1CA128C42007IT161PO009;20150831;91900;91900;0;0
1CA128C42007IT161PO009;20151031;91900;91900;0;0
1CA128C42007IT161PO009;20151231;91900;91900;0;0
1CA128C432007IT051PO001;20130228;0;0;0;0
1CA128C432007IT051PO001;20130430;8498,23;8498,23;0;0
1CA128C432007IT051PO001;20130630;9582,52;9582,52;0;0
1CA128C432007IT051PO001;20130831;9582,52;9582,52;0;0
1CA128C432007IT051PO001;20131031;9582,52;9582,52;0;0
1CA128C432007IT051PO001;20131231;9582,52;9582,52;0;0
1CA128C432007IT051PO001;20140228;9582,52;9582,52;0;0
1CA128C432007IT051PO001;20140430;9582,52;9582,52;0;0
1CA128C432007IT051PO001;20140630;9582,52;9582,52;0;0
1CA128C432007IT051PO001;20140831;9582,52;9582,52;0;0
1CA128C432007IT051PO001;20141031;9582,52;9582,52;0;0
1CA128C432007IT051PO001;20141231;9582,52;9582,52;0;0
1CA128C432007IT051PO001;20150228;9582,52;9582,52;0;0
1CA128C432007IT051PO001;20150430;9582,52;9582,52;0;0
1CA128C432007IT051PO001;20150630;9582,52;9582,52;0;0
1CA128C432007IT051PO001;20150831;9582,52;9582,52;0;0
1CA128C432007IT051PO001;20151031;16698,02;16698,02;0;0
1CA128C432007IT051PO001;20151231;16698,02;16698,02;0;0
1CA128C482007IT051PO001;20120630;0;0;0;0
1CA128C482007IT051PO001;20120831;30000;30000;0;0
1CA128C482007IT051PO001;20121031;30000;30000;0;0
1CA128C482007IT051PO001;20121231;30000;30000;0;0
1CA128C482007IT051PO001;20130228;30000;30000;0;0
1CA128C482007IT051PO001;20130430;30000;30000;0;0
1CA128C482007IT051PO001;20130630;30000;30000;0;0
1CA128C482007IT051PO001;20130831;30000;30000;0;0
1CA128C482007IT051PO001;20131031;30000;30000;0;0
1CA128C482007IT051PO001;20131231;30000;30000;0;0
1CA128C482007IT051PO001;20140228;30000;30000;0;0
1CA128C482007IT051PO001;20140430;30000;30000;0;0
1CA128C482007IT051PO001;20140630;30000;30000;0;0
1CA128C482007IT051PO001;20140831;30000;30000;0;0
1CA128C482007IT051PO001;20141031;30000;30000;0;0
1CA128C482007IT051PO001;20141231;30000;30000;0;0
1CA128C482007IT051PO001;20150228;30000;30000;0;0
1CA128C482007IT051PO001;20150430;30000;30000;0;0
1CA128C482007IT051PO001;20150630;30000;30000;0;0
1CA128C482007IT051PO001;20150831;30000;30000;0;0
1CA128C482007IT051PO001;20151031;30000;30000;0;0
1CA128C482007IT051PO001;20151231;30000;30000;0;0
1CL99241;20100228;62775;62775;0;0
1CL99241;20100430;62775;62775;0;0
1CL99241;20100630;62775;62775;0;0
1CL99241;20100831;62775;62775;0;0
1CL99241;20101031;62775;62775;0;0
1CL99241;20101231;142761,17;142761,17;0;0
1CL99241;20110228;142761,17;142761,17;0;0
1CL99241;20110430;154618,85;154618,85;0;0
1CL99241;20110630;154618,85;154618,85;0;0
1CL99241;20110831;154618,85;154618,85;0;0
1CL99241;20111031;154618,85;154618,85;0;0
1CL99241;20111231;161801,51;161801,51;0;0
1CL99241;20120229;161801,51;161801,51;0;0
1CL99241;20120430;294198,19;294198,19;0;0
1CL99241;20120630;294198,19;294198,19;0;0
1CL99241;20120831;294198,19;294198,19;0;0
1CL99241;20121031;294198,19;294198,19;0;0
1CL99241;20121231;294198,19;294198,19;0;0
1CL99241;20130228;358207,13;358207,13;0;0
1CL99241;20130430;358207,13;358207,13;0;0
1CL99241;20130630;358207,13;358207,13;0;0
1CL99241;20130831;399805,29;399805,29;0;0
1CL99241;20131031;399805,29;399805,29;0;0
1CL99241;20131231;399805,29;399805,29;0;0
1CL99241;20140228;399805,29;399805,29;0;0
1CL99241;20140430;399805,29;399805,29;0;0
1CL99241;20140630;399805,29;399805,29;0;0
1CL99241;20140831;399805,29;399805,29;0;0
1CL99241;20141031;399805,29;399805,29;0;0
1CL99241;20141231;399805,29;399805,29;0;0
1CL99241;20150228;399805,29;399805,29;0;0
1CL99241;20150430;399805,29;399805,29;0;0
1CL99241;20150630;399805,29;399805,29;0;0
1CL99241;20150831;399805,29;399805,29;0;0
1CL99241;20151031;399805,29;399805,29;0;0
1CL99241;20151231;399805,29;399805,29;0;0
1CL99242;20091231;0;0;0;0
1CL99242;20100228;62775;62775;0;0
1CL99242;20100430;62775;62775;0;0
1CL99242;20100630;62775;62775;0;0
1CL99242;20100831;62775;62775;0;0
1CL99242;20101031;121214,84;121214,84;0;0
1CL99242;20101231;190267,34;190267,34;0;0
1CL99242;20110228;190267,34;190267,34;0;0
1CL99242;20110430;190267,34;190267,34;0;0
1CL99242;20110630;190267,34;190267,34;0;0
1CL99242;20110831;190267,34;190267,34;0;0
1CL99242;20111031;190267,34;190267,34;0;0
1CL99242;20111231;190267,34;190267,34;0;0
1CL99242;20120229;190267,34;190267,34;0;0
1CL99242;20120430;331818,2;331818,2;0;0
1CL99242;20120630;331818,2;331818,2;0;0
1CL99242;20120831;331818,2;331818,2;0;0
1CL99242;20121031;331818,2;331818,2;0;0
1CL99242;20121231;331818,2;331818,2;0;0
1CL99242;20130228;400000;400000;0;0
1CL99242;20130430;400000;400000;0;0
1CL99242;20130630;400000;400000;0;0
1CL99242;20130831;400000;400000;0;0
1CL99242;20131031;400000;400000;0;0
1CL99242;20131231;400000;400000;0;0
1CL99242;20140228;400000;400000;0;0
1CL99242;20140430;400000;400000;0;0
1CL99242;20140630;400000;400000;0;0
1CL99242;20140831;400000;400000;0;0
1CL99242;20141031;400000;400000;0;0
1CL99242;20141231;400000;400000;0;0
1CL99242;20150228;400000;400000;0;0
1CL99242;20150430;400000;400000;0;0
1CL99242;20150630;400000;400000;0;0
1CL99242;20150831;400000;400000;0;0
1CL99242;20151031;400000;400000;0;0
1CL99242;20151231;400000;400000;0;0
1CL99243;20091231;0;0;0;0
1CL99243;20100228;62775;62775;0;0
1CL99243;20100430;62775;62775;0;0
1CL99243;20100630;62775;62775;0;0
1CL99243;20100831;62775;62775;0;0
1CL99243;20101031;113740,82;113740,82;0;0
1CL99243;20101231;182793,32;182793,32;0;0
1CL99243;20110228;182793,32;182793,32;0;0
1CL99243;20110430;182793,32;182793,32;0;0
1CL99243;20110630;182793,32;182793,32;0;0
1CL99243;20110831;182793,32;182793,32;0;0
1CL99243;20111031;182793,32;182793,32;0;0
1CL99243;20111231;182793,32;182793,32;0;0
1CL99243;20120229;182793,32;182793,32;0;0
1CL99243;20120430;331516,17;331516,17;0;0
1CL99243;20120630;331516,17;331516,17;0;0
1CL99243;20120831;331516,17;331516,17;0;0
1CL99243;20121031;331516,17;331516,17;0;0
1CL99243;20121231;331516,17;331516,17;0;0
1CL99243;20130228;398698,59;398698,59;0;0
1CL99243;20130430;398698,59;398698,59;0;0
1CL99243;20130630;398698,59;398698,59;0;0
1CL99243;20130831;398698,59;398698,59;0;0
1CL99243;20131031;398698,59;398698,59;0;0
1CL99243;20131231;398698,59;398698,59;0;0
1CL99243;20140228;398698,59;398698,59;0;0
1CL99243;20140430;398698,59;398698,59;0;0
1CL99243;20140630;398698,59;398698,59;0;0
1CL99243;20140831;398698,59;398698,59;0;0
1CL99243;20141031;398698,59;398698,59;0;0
1CL99243;20141231;398698,59;398698,59;0;0
1CL99243;20150228;398698,59;398698,59;0;0
1CL99243;20150430;398698,59;398698,59;0;0
1CL99243;20150630;398698,59;398698,59;0;0
1CL99243;20150831;398698,59;398698,59;0;0
1CL99243;20151031;398698,59;398698,59;0;0
1CL99243;20151231;398698,59;398698,59;0;0
1CL99244;20091231;0;0;0;0
1CL99244;20100228;70200;70200;0;0
1CL99244;20100430;70200;70200;0;0
1CL99244;20100630;70200;70200;0;0
1CL99244;20100831;70200;70200;0;0
1CL99244;20101031;70200;70200;0;0
1CL99244;20101231;137252,5;137252,5;0;0
1CL99244;20110228;206597,78;206597,78;0;0
1CL99244;20110430;206597,78;206597,78;0;0
1CL99244;20110630;206597,78;206597,78;0;0
1CL99244;20110831;206597,78;206597,78;0;0
1CL99244;20111031;206597,78;206597,78;0;0
1CL99244;20111231;206597,78;206597,78;0;0
1CL99244;20120229;206597,78;206597,78;0;0
1CL99244;20120430;270225,28;270225,28;0;0
1CL99244;20120630;334273,92;334273,92;0;0
1CL99244;20120831;334273,92;334273,92;0;0
1CL99244;20121031;334273,92;334273,92;0;0
1CL99244;20121231;334273,92;334273,92;0;0
1CL99244;20130228;334273,92;334273,92;0;0
1CL99244;20130430;334273,92;334273,92;0;0
1CL99244;20130630;334273,92;334273,92;0;0
1CL99244;20130831;397901,42;397901,42;0;0
1CL99244;20131031;397901,42;397901,42;0;0
1CL99244;20131231;397901,42;397901,42;0;0
1CL99244;20140228;397901,42;397901,42;0;0
1CL99244;20140430;397901,42;397901,42;0;0
1CL99244;20140630;397901,42;397901,42;0;0
1CL99244;20140831;397901,42;397901,42;0;0
1CL99244;20141031;397901,42;397901,42;0;0
1CL99244;20141231;397901,42;397901,42;0;0
1CL99244;20150228;397901,42;397901,42;0;0
1CL99244;20150430;397901,42;397901,42;0;0
1CL99244;20150630;397901,42;397901,42;0;0
1CL99244;20150831;397901,42;397901,42;0;0
1CL99244;20151031;397901,42;397901,42;0;0
1CL99244;20151231;397901,42;397901,42;0;0
1CL99245;20100228;0;0;0;0
1CL99245;20100430;62775;62775;0;0
1CL99245;20100630;62775;62775;0;0
1CL99245;20100831;62775;62775;0;0
1CL99245;20101031;62775;62775;0;0
1CL99245;20101231;121269,87;121269,87;0;0
1CL99245;20110228;190322,37;190322,37;0;0
1CL99245;20110430;190322,37;190322,37;0;0
1CL99245;20110630;190322,37;190322,37;0;0
1CL99245;20110831;190322,37;190322,37;0;0
1CL99245;20111031;259149,05;259149,05;0;0
1CL99245;20111231;328201,55;328201,55;0;0
1CL99245;20120229;328201,55;328201,55;0;0
1CL99245;20120430;328201,55;328201,55;0;0
1CL99245;20120630;328201,55;328201,55;0;0
1CL99245;20120831;328201,55;328201,55;0;0
1CL99245;20121031;328201,55;328201,55;0;0
1CL99245;20121231;328201,55;328201,55;0;0
1CL99245;20130228;328201,55;328201,55;0;0
1CL99245;20130430;396914,52;396914,52;0;0
1CL99245;20130630;396914,52;396914,52;0;0
1CL99245;20130831;396914,52;396914,52;0;0
1CL99245;20131031;396914,52;396914,52;0;0
1CL99245;20131231;396914,52;396914,52;0;0
1CL99245;20140228;396914,52;396914,52;0;0
1CL99245;20140430;396914,52;396914,52;0;0
1CL99245;20140630;396914,52;396914,52;0;0
1CL99245;20140831;396914,52;396914,52;0;0
1CL99245;20141031;396914,52;396914,52;0;0
1CL99245;20141231;396914,52;396914,52;0;0
1CL99245;20150228;396914,52;396914,52;0;0
1CL99245;20150430;396914,52;396914,52;0;0
1CL99245;20150630;396914,52;396914,52;0;0
1CL99245;20150831;396914,52;396914,52;0;0
1CL99245;20151031;396914,52;396914,52;0;0
1CL99245;20151231;396914,52;396914,52;0;0
1CL99277;20101031;0;0;0;0
1CL99277;20101231;17307,24;17307,24;0;0
1CL99277;20110228;17307,24;17307,24;0;0
1CL99277;20110430;17307,24;17307,24;0;0
1CL99277;20110630;31153,03;31153,03;0;0
1CL99277;20110831;31153,03;31153,03;0;0
1CL99277;20111031;31153,03;31153,03;0;0
1CL99277;20111231;31153,03;31153,03;0;0
1CL99277;20120229;31153,03;31153,03;0;0
1CL99277;20120430;31153,03;31153,03;0;0
1CL99277;20120630;31153,03;31153,03;0;0
1CL99277;20120831;33153,03;33153,03;0;0
1CL99277;20121031;33153,03;33153,03;0;0
1CL99277;20121231;33153,03;33153,03;0;0
1CL99277;20130228;33153,03;33153,03;0;0
1CL99277;20130430;33153,03;33153,03;0;0
1CL99277;20130630;33153,03;33153,03;0;0
1CL99277;20130831;33153,03;33153,03;0;0
1CL99277;20131031;33153,03;33153,03;0;0
1CL99277;20131231;33153,03;33153,03;0;0
1CL99277;20140228;33153,03;33153,03;0;0
1CL99277;20140430;33153,03;33153,03;0;0
1CL99277;20140630;33153,03;33153,03;0;0
1CL99277;20140831;33153,03;33153,03;0;0
1CL99277;20141031;31153,03;31153,03;0;0
1CL99277;20141231;31153,03;31153,03;0;0
1CL99277;20150228;31153,03;31153,03;0;0
1CL99277;20150430;31153,03;31153,03;0;0
1CL99277;20150630;31153,03;31153,03;0;0
1CL99277;20150831;31153,03;31153,03;0;0
1CL99277;20151031;31153,03;31153,03;0;0
1CL99277;20151231;31153,03;31153,03;0;0
1CL99278;20101031;0;0;0;0
1CL99278;20101231;9149,4;9149,4;0;0
1CL99278;20110228;9149,4;9149,4;0;0
1CL99278;20110430;9149,4;9149,4;0;0
1CL99278;20110630;9149,4;9149,4;0;0
1CL99278;20110831;16468,92;16468,92;0;0
1CL99278;20111031;16468,92;16468,92;0;0
1CL99278;20111231;16468,92;16468,92;0;0
1CL99278;20120229;16468,92;16468,92;0;0
1CL99278;20120430;16468,92;16468,92;0;0
1CL99278;20120630;16468,92;16468,92;0;0
1CL99278;20120831;18468,92;18468,92;0;0
1CL99278;20121031;20298,79;20298,79;0;0
1CL99278;20121231;20298,79;20298,79;0;0
1CL99278;20130228;20298,79;20298,79;0;0
1CL99278;20130430;20298,79;20298,79;0;0
1CL99278;20130630;20298,79;20298,79;0;0
1CL99278;20130831;20298,79;20298,79;0;0
1CL99278;20131031;20298,79;20298,79;0;0
1CL99278;20131231;20298,79;20298,79;0;0
1CL99278;20140228;20298,79;20298,79;0;0
1CL99278;20140430;20298,79;20298,79;0;0
1CL99278;20140630;20298,79;20298,79;0;0
1CL99278;20140831;20298,79;20298,79;0;0
1CL99278;20141031;18298,79;18298,79;0;0
1CL99278;20141231;18298,79;18298,79;0;0
1CL99278;20150228;18298,79;18298,79;0;0
1CL99278;20150430;18298,79;18298,79;0;0
1CL99278;20150630;18298,79;18298,79;0;0
1CL99278;20150831;18298,79;18298,79;0;0
1CL99278;20151031;18298,79;18298,79;0;0
1CL99278;20151231;18298,79;18298,79;0;0
1CL99279;20101031;0;0;0;0
1CL99279;20101231;428232,55;428232,55;0;0
1CL99279;20110228;428232,55;428232,55;0;0
1CL99279;20110430;428232,55;428232,55;0;0
1CL99279;20110630;428232,55;428232,55;0;0
1CL99279;20110831;428232,55;428232,55;0;0
1CL99279;20111031;428232,55;428232,55;0;0
1CL99279;20111231;428232,55;428232,55;0;0
1CL99279;20120229;428232,55;428232,55;0;0
1CL99279;20120430;428232,55;428232,55;0;0
1CL99279;20120630;428232,55;428232,55;0;0
1CL99279;20120831;428232,55;428232,55;0;0
1CL99279;20121031;428232,55;428232,55;0;0
1CL99279;20121231;428232,55;428232,55;0;0
1CL99279;20130228;428232,55;428232,55;0;0
1CL99279;20130430;428232,55;428232,55;0;0
1CL99279;20130630;428232,55;428232,55;0;0
1CL99279;20130831;428232,55;428232,55;0;0
1CL99279;20131031;428232,55;428232,55;0;0
1CL99279;20131231;428232,55;428232,55;0;0
1CL99279;20140228;428232,55;428232,55;0;0
1CL99279;20140430;428232,55;428232,55;0;0
1CL99279;20140630;428232,55;428232,55;0;0
1CL99279;20140831;428232,55;428232,55;0;0
1CL99279;20141031;444629,77;444629,77;0;0
1CL99279;20141231;444629,77;444629,77;0;0
1CL99279;20150228;444629,77;444629,77;0;0
1CL99279;20150430;444629,77;444629,77;0;0
1CL99279;20150630;444629,77;444629,77;0;0
1CL99279;20150831;444629,77;444629,77;0;0
1CL99279;20151031;444629,77;444629,77;0;0
1CL99279;20151231;444629,77;444629,77;0;0
1EM2007-240/PR;20090430;0;0;0;0
1EM2007-240/PR;20090630;8660,89;8660,89;0;0
1EM2007-240/PR;20090831;13323,03;13323,03;0;0
1EM2007-240/PR;20091031;13323,03;13323,03;0;0
1EM2007-240/PR;20091231;15807,26;15807,26;0;0
1EM2007-240/PR;20100228;15807,26;15807,26;0;0
1EM2007-240/PR;20100430;15807,26;15807,26;0;0
1EM2007-240/PR;20100630;31813,6;31813,6;0;0
1EM2007-240/PR;20100831;31813,6;31813,6;0;0
1EM2007-240/PR;20101031;31813,6;31813,6;0;0
1EM2007-240/PR;20101231;31813,6;31813,6;0;0
1EM2007-240/PR;20110228;33488;33488;0;0
1EM2007-240/PR;20110430;33488;33488;0;0
1EM2007-240/PR;20110630;33488;33488;0;0
1EM2007-240/PR;20110831;33488;33488;0;0
1EM2007-240/PR;20111031;33488;33488;0;0
1EM2007-240/PR;20111231;33488;33488;0;0
1EM2007-240/PR;20120229;33488;33488;0;0
1EM2007-240/PR;20120430;33488;33488;0;0
1EM2007-240/PR;20120630;33488;33488;0;0
1EM2007-240/PR;20120831;33488;33488;0;0
1EM2007-240/PR;20121031;33488;33488;0;0
1EM2007-240/PR;20121231;33488;33488;0;0
1EM2007-240/PR;20130228;33488;33488;0;0
1EM2007-240/PR;20130430;33488;33488;0;0
1EM2007-240/PR;20130630;33488;33488;0;0
1EM2007-240/PR;20130831;33488;33488;0;0
1EM2007-240/PR;20131031;33488;33488;0;0
1EM2007-240/PR;20131231;33488;33488;0;0
1EM2007-240/PR;20140228;33488;33488;0;0
1EM2007-240/PR;20140430;33488;33488;0;0
1EM2007-240/PR;20140630;33488;33488;0;0
1EM2007-240/PR;20140831;33488;33488;0;0
1EM2007-240/PR;20141031;33488;33488;0;0
1EM2007-240/PR;20141231;33488;33488;0;0
1EM2007-240/PR;20150228;33488;33488;0;0
1EM2007-240/PR;20150430;33488;33488;0;0
1EM2007-240/PR;20150630;33488;33488;0;0
1EM2007-240/PR;20150831;33488;33488;0;0
1EM2007-240/PR;20151031;33488;33488;0;0
1EM2007-240/PR;20151231;33488;33488;0;0
1EM2007-241/FE;20080630;0;0;0;0
1EM2007-241/FE;20080831;7000;7000;0;0
1EM2007-241/FE;20081031;9129,66;9129,66;0;0
1EM2007-241/FE;20081231;23190,35;23190,35;0;0
1EM2007-241/FE;20090228;28828,7;28828,7;0;0
1EM2007-241/FE;20090430;35342,61;35342,61;0;0
1EM2007-241/FE;20090630;40985,03;40985,03;0;0
1EM2007-241/FE;20090831;66500;66500;0;0
1EM2007-241/FE;20091031;66500;66500;0;0
1EM2007-241/FE;20091231;66500;66500;0;0
1EM2007-241/FE;20100228;69950;69950;0;0
1EM2007-241/FE;20100430;69950;69950;0;0
1EM2007-241/FE;20100630;69950;69950;0;0
1EM2007-241/FE;20100831;69950;69950;0;0
1EM2007-241/FE;20101031;69950;69950;0;0
1EM2007-241/FE;20101231;69950;69950;0;0
1EM2007-241/FE;20110228;69950;69950;0;0
1EM2007-241/FE;20110430;69950;69950;0;0
1EM2007-241/FE;20110630;69950;69950;0;0
1EM2007-241/FE;20110831;69950;69950;0;0
1EM2007-241/FE;20111031;69950;69950;0;0
1EM2007-241/FE;20111231;69950;69950;0;0
1EM2007-241/FE;20120229;69950;69950;0;0
1EM2007-241/FE;20120430;69950;69950;0;0
1EM2007-241/FE;20120630;69950;69950;0;0
1EM2007-241/FE;20120831;69950;69950;0;0
1EM2007-241/FE;20121031;69950;69950;0;0
1EM2007-241/FE;20121231;69950;69950;0;0
1EM2007-241/FE;20130228;69950;69950;0;0
1EM2007-241/FE;20130430;69950;69950;0;0
1EM2007-241/FE;20130630;69950;69950;0;0
1EM2007-241/FE;20130831;69950;69950;0;0
1EM2007-241/FE;20131031;69950;69950;0;0
1EM2007-241/FE;20131231;69950;69950;0;0
1EM2007-241/FE;20140228;69950;69950;0;0
1EM2007-241/FE;20140430;69950;69950;0;0
1EM2007-241/FE;20140630;69950;69950;0;0
1EM2007-241/FE;20140831;69950;69950;0;0
1EM2007-241/FE;20141031;69950;69950;0;0
1EM2007-241/FE;20141231;69950;69950;0;0
1EM2007-241/FE;20150228;69950;69950;0;0
1EM2007-241/FE;20150430;69950;69950;0;0
1EM2007-241/FE;20150630;69950;69950;0;0
1EM2007-241/FE;20150831;69950;69950;0;0
1EM2007-241/FE;20151031;69950;69950;0;0
1EM2007-241/FE;20151231;69950;69950;0;0
1EM2007-241/MO;20080430;0;0;0;0
1EM2007-241/MO;20080630;13412,25;13412,25;0;0
1EM2007-241/MO;20080831;13843,68;13843,68;0;0
1EM2007-241/MO;20081031;15125,38;15125,38;0;0
1EM2007-241/MO;20081231;18784,22;18784,22;0;0
1EM2007-241/MO;20090228;26332,59;26332,59;0;0
1EM2007-241/MO;20090430;35175;35175;0;0
1EM2007-241/MO;20090630;46175;46175;0;0
1EM2007-241/MO;20090831;46175;46175;0;0
1EM2007-241/MO;20091031;46175;46175;0;0
1EM2007-241/MO;20091231;46175;46175;0;0
1EM2007-241/MO;20100228;49863,62;49863,62;0;0
1EM2007-241/MO;20100430;49863,62;49863,62;0;0
1EM2007-241/MO;20100630;49863,62;49863,62;0;0
1EM2007-241/MO;20100831;49863,62;49863,62;0;0
1EM2007-241/MO;20101031;49863,62;49863,62;0;0
1EM2007-241/MO;20101231;49863,62;49863,62;0;0
1EM2007-241/MO;20110228;49863,62;49863,62;0;0
1EM2007-241/MO;20110430;49863,62;49863,62;0;0
1EM2007-241/MO;20110630;49863,62;49863,62;0;0
1EM2007-241/MO;20110831;49863,62;49863,62;0;0
1EM2007-241/MO;20111031;49863,62;49863,62;0;0
1EM2007-241/MO;20111231;49863,62;49863,62;0;0
1EM2007-241/MO;20120229;49863,62;49863,62;0;0
1EM2007-241/MO;20120430;49863,62;49863,62;0;0
1EM2007-241/MO;20120630;49863,62;49863,62;0;0
1EM2007-241/MO;20120831;49863,62;49863,62;0;0
1EM2007-241/MO;20121031;49863,62;49863,62;0;0
1EM2007-241/MO;20121231;49863,62;49863,62;0;0
1EM2007-241/MO;20130228;49863,62;49863,62;0;0
1EM2007-241/MO;20130430;49863,62;49863,62;0;0
1EM2007-241/MO;20130630;49863,62;49863,62;0;0
1EM2007-241/MO;20130831;49863,62;49863,62;0;0
1EM2007-241/MO;20131031;49863,62;49863,62;0;0
1EM2007-241/MO;20131231;49863,62;49863,62;0;0
1EM2007-241/MO;20140228;49863,62;49863,62;0;0
1EM2007-241/MO;20140430;49863,62;49863,62;0;0
1EM2007-241/MO;20140630;49863,62;49863,62;0;0
1EM2007-241/MO;20140831;49863,62;49863,62;0;0
1EM2007-241/MO;20141031;49863,62;49863,62;0;0
1EM2007-241/MO;20141231;49863,62;49863,62;0;0
1EM2007-241/MO;20150228;49863,62;49863,62;0;0
1EM2007-241/MO;20150430;49863,62;49863,62;0;0
1EM2007-241/MO;20150630;49863,62;49863,62;0;0
1EM2007-241/MO;20150831;49863,62;49863,62;0;0
1EM2007-241/MO;20151031;49863,62;49863,62;0;0
1EM2007-241/MO;20151231;49863,62;49863,62;0;0