<dpus>
  <dpu>
    <dpuName>e-TextHolder</dpuName>
    <jarName>e-TextHolder-1.0.0.jar</jarName>
    <version>1.0.0</version>
  </dpu>
  <dpu>
    <dpuName>ESIF</dpuName>
    <jarName>uv-e-filesDownload-2.1.4.jar</jarName>
    <version>2.1.4</version>
  </dpu>
  <dpu>
    <dpuName>uv-t-filesToRdf</dpuName>
    <jarName>uv-t-filesToRdf-2.1.4.jar</jarName>
    <version>2.1.4</version>
  </dpu>
  <dpu>
    <dpuName>uv-t-rdfMerger</dpuName>
    <jarName>uv-t-rdfMerger-2.1.3.jar</jarName>
    <version>2.1.3</version>
  </dpu>
  <dpu>
    <dpuName>uv-t-rdfToFiles</dpuName>
    <jarName>uv-t-rdfToFiles-2.1.4.jar</jarName>
    <version>2.1.4</version>
  </dpu>
  <dpu>
    <dpuName>uv-t-tabular</dpuName>
    <jarName>uv-t-tabular-2.3.0.jar</jarName>
    <version>2.3.0</version>
  </dpu>
</dpus>