<cz.cuni.mff.xrg.odcs.commons.app.pipeline.Pipeline>
  <description></description>
  <graph>
    <edges>
      <cz.cuni.mff.xrg.odcs.commons.app.pipeline.graph.Edge>
        <from>
          <dpuInstance>
            <description></description>
            <menuName>uv-t-filesToRdf</menuName>
            <name>uv-t-filesToRdf</name>
            <rawConf>&lt;object-stream&gt;
  &lt;MasterConfigObject&gt;
    &lt;configurations&gt;
      &lt;entry&gt;
        &lt;string&gt;addon/faultToleranceWrap&lt;/string&gt;
        &lt;string&gt;&amp;lt;object-stream&amp;gt;
  &amp;lt;eu.unifiedviews.helpers.dpu.extension.faulttolerance.FaultTolerance_-Configuration__V1&amp;gt;
    &amp;lt;enabled&amp;gt;false&amp;lt;/enabled&amp;gt;
    &amp;lt;exceptionNames class=&amp;quot;linked-list&amp;quot;/&amp;gt;
    &amp;lt;maxRetryCount&amp;gt;-1&amp;lt;/maxRetryCount&amp;gt;
  &amp;lt;/eu.unifiedviews.helpers.dpu.extension.faulttolerance.FaultTolerance_-Configuration__V1&amp;gt;
&amp;lt;/object-stream&amp;gt;&lt;/string&gt;
      &lt;/entry&gt;
      &lt;entry&gt;
        &lt;string&gt;dpu_config&lt;/string&gt;
        &lt;string&gt;&amp;lt;object-stream&amp;gt;
  &amp;lt;eu.unifiedviews.plugins.transformer.filestordft.FilesToRDFConfig__V1&amp;gt;
    &amp;lt;symbolicNameToBaseURIMap class=&amp;quot;linked-hash-map&amp;quot;/&amp;gt;
    &amp;lt;symbolicNameToFormatMap class=&amp;quot;linked-hash-map&amp;quot;/&amp;gt;
    &amp;lt;commitSize&amp;gt;100000&amp;lt;/commitSize&amp;gt;
    &amp;lt;fatalErrorHandling&amp;gt;STOP_EXTRACTION&amp;lt;/fatalErrorHandling&amp;gt;
    &amp;lt;errorHandling&amp;gt;SKIP_CONTINUE_THIS_FILE&amp;lt;/errorHandling&amp;gt;
    &amp;lt;warningHandling&amp;gt;SKIP_CONTINUE_THIS_FILE&amp;lt;/warningHandling&amp;gt;
    &amp;lt;outputNaming&amp;gt;USE_INPUT_GRAPH_NAME&amp;lt;/outputNaming&amp;gt;
  &amp;lt;/eu.unifiedviews.plugins.transformer.filestordft.FilesToRDFConfig__V1&amp;gt;
&amp;lt;/object-stream&amp;gt;&lt;/string&gt;
      &lt;/entry&gt;
    &lt;/configurations&gt;
  &lt;/MasterConfigObject&gt;
&lt;/object-stream&gt;</rawConf>
            <template>
              <description></description>
              <jarName>uv-t-filesToRdf-2.1.4.jar</jarName>
              <menuName>uv-t-filesToRdf</menuName>
              <name>uv-t-filesToRdf</name>
              <rawConf>&lt;object-stream&gt;
  &lt;MasterConfigObject&gt;
    &lt;configurations&gt;
      &lt;entry&gt;
        &lt;string&gt;dpu_config&lt;/string&gt;
        &lt;string&gt;&amp;lt;object-stream&amp;gt;
  &amp;lt;eu.unifiedviews.plugins.transformer.filestordft.FilesToRDFConfig__V1&amp;gt;
    &amp;lt;symbolicNameToBaseURIMap class=&amp;quot;linked-hash-map&amp;quot;/&amp;gt;
    &amp;lt;symbolicNameToFormatMap class=&amp;quot;linked-hash-map&amp;quot;/&amp;gt;
    &amp;lt;commitSize&amp;gt;100000&amp;lt;/commitSize&amp;gt;
    &amp;lt;fatalErrorHandling&amp;gt;STOP_EXTRACTION&amp;lt;/fatalErrorHandling&amp;gt;
    &amp;lt;errorHandling&amp;gt;SKIP_CONTINUE_THIS_FILE&amp;lt;/errorHandling&amp;gt;
    &amp;lt;warningHandling&amp;gt;SKIP_CONTINUE_THIS_FILE&amp;lt;/warningHandling&amp;gt;
    &amp;lt;outputNaming&amp;gt;USE_INPUT_GRAPH_NAME&amp;lt;/outputNaming&amp;gt;
  &amp;lt;/eu.unifiedviews.plugins.transformer.filestordft.FilesToRDFConfig__V1&amp;gt;
&amp;lt;/object-stream&amp;gt;&lt;/string&gt;
      &lt;/entry&gt;
    &lt;/configurations&gt;
  &lt;/MasterConfigObject&gt;
&lt;/object-stream&gt;</rawConf>
              <useDPUDescription>false</useDPUDescription>
            </template>
            <useDPUDescription>false</useDPUDescription>
            <useTemplateConfig>false</useTemplateConfig>
          </dpuInstance>
          <graph reference="../../../.."/>
          <position>
            <x>694</x>
            <y>233</y>
          </position>
        </from>
        <graph reference="../../.."/>
        <script>rdfOutput -&gt; input;</script>
        <to>
          <dpuInstance>
            <description></description>
            <menuName>uv-t-rdfGraphMerger</menuName>
            <name>uv-t-rdfGraphMerger</name>
            <rawConf>&lt;object-stream&gt;
  &lt;MasterConfigObject&gt;
    &lt;configurations&gt;
      &lt;entry&gt;
        &lt;string&gt;addon/faultToleranceWrap&lt;/string&gt;
        &lt;string&gt;&amp;lt;object-stream&amp;gt;
  &amp;lt;eu.unifiedviews.helpers.dpu.extension.faulttolerance.FaultTolerance_-Configuration__V1&amp;gt;
    &amp;lt;enabled&amp;gt;false&amp;lt;/enabled&amp;gt;
    &amp;lt;exceptionNames class=&amp;quot;linked-list&amp;quot;/&amp;gt;
    &amp;lt;maxRetryCount&amp;gt;-1&amp;lt;/maxRetryCount&amp;gt;
  &amp;lt;/eu.unifiedviews.helpers.dpu.extension.faulttolerance.FaultTolerance_-Configuration__V1&amp;gt;
&amp;lt;/object-stream&amp;gt;&lt;/string&gt;
      &lt;/entry&gt;
      &lt;entry&gt;
        &lt;string&gt;dpu_config&lt;/string&gt;
        &lt;string&gt;&amp;lt;object-stream&amp;gt;
  &amp;lt;eu.unifiedviews.plugins.transformer.rdfgraphmerger.RdfGraphMergerConfig__V1&amp;gt;
    &amp;lt;virtualGraph&amp;gt;&amp;lt;/virtualGraph&amp;gt;
  &amp;lt;/eu.unifiedviews.plugins.transformer.rdfgraphmerger.RdfGraphMergerConfig__V1&amp;gt;
&amp;lt;/object-stream&amp;gt;&lt;/string&gt;
      &lt;/entry&gt;
    &lt;/configurations&gt;
  &lt;/MasterConfigObject&gt;
&lt;/object-stream&gt;</rawConf>
            <template>
              <description></description>
              <jarName>uv-t-rdfGraphMerger-1.0.1.jar</jarName>
              <menuName>uv-t-rdfGraphMerger</menuName>
              <name>uv-t-rdfGraphMerger</name>
              <rawConf>&lt;object-stream&gt;
  &lt;MasterConfigObject&gt;
    &lt;configurations&gt;
      &lt;entry&gt;
        &lt;string&gt;dpu_config&lt;/string&gt;
        &lt;string&gt;&amp;lt;object-stream&amp;gt;
  &amp;lt;eu.unifiedviews.plugins.transformer.rdfgraphmerger.RdfGraphMergerConfig__V1/&amp;gt;
&amp;lt;/object-stream&amp;gt;&lt;/string&gt;
      &lt;/entry&gt;
    &lt;/configurations&gt;
  &lt;/MasterConfigObject&gt;
&lt;/object-stream&gt;</rawConf>
              <useDPUDescription>false</useDPUDescription>
            </template>
            <useDPUDescription>false</useDPUDescription>
            <useTemplateConfig>false</useTemplateConfig>
          </dpuInstance>
          <graph reference="../../../.."/>
          <position>
            <x>490</x>
            <y>351</y>
          </position>
        </to>
      </cz.cuni.mff.xrg.odcs.commons.app.pipeline.graph.Edge>
      <cz.cuni.mff.xrg.odcs.commons.app.pipeline.graph.Edge>
        <from>
          <dpuInstance>
            <description>Define the dataset</description>
            <menuName>uv-t-sparqlUpdate</menuName>
            <name>uv-t-sparqlUpdate</name>
            <rawConf>&lt;object-stream&gt;
  &lt;MasterConfigObject&gt;
    &lt;configurations&gt;
      &lt;entry&gt;
        &lt;string&gt;addon/faultToleranceWrap&lt;/string&gt;
        &lt;string&gt;&amp;lt;object-stream&amp;gt;
  &amp;lt;eu.unifiedviews.helpers.dpu.extension.faulttolerance.FaultTolerance_-Configuration__V1&amp;gt;
    &amp;lt;enabled&amp;gt;false&amp;lt;/enabled&amp;gt;
    &amp;lt;exceptionNames class=&amp;quot;linked-list&amp;quot;/&amp;gt;
    &amp;lt;maxRetryCount&amp;gt;-1&amp;lt;/maxRetryCount&amp;gt;
  &amp;lt;/eu.unifiedviews.helpers.dpu.extension.faulttolerance.FaultTolerance_-Configuration__V1&amp;gt;
&amp;lt;/object-stream&amp;gt;&lt;/string&gt;
      &lt;/entry&gt;
      &lt;entry&gt;
        &lt;string&gt;dpu_config&lt;/string&gt;
        &lt;string&gt;&amp;lt;object-stream&amp;gt;
  &amp;lt;cz.cuni.mff.xrg.uv.transformer.sparql.update.SparqlUpdateConfig__V1&amp;gt;
    &amp;lt;query&amp;gt;PREFIX rdfs: &amp;amp;lt;http://www.w3.org/2000/01/rdf-schema#&amp;amp;gt; 
PREFIX qb: &amp;amp;lt;http://purl.org/linked-data/cube#&amp;amp;gt; 
PREFIX obeu-dimension: &amp;amp;lt;http://data.openbudgets.eu/ontology/dsd/dimension/&amp;amp;gt; 
PREFIX obeu-attribute:   &amp;amp;lt;http://data.openbudgets.eu/ontology/dsd/attribute/&amp;amp;gt;
PREFIX obeu-operation: &amp;amp;lt;http://data.openbudgets.eu/resource/codelist/operation-character/&amp;amp;gt;

INSERT DATA {
&amp;amp;lt;http://data.openbudgets.eu/resource/dataset/aragon-2013-income&amp;amp;gt; a qb:DataSet ;
	obeu-dimension:budgetaryUnit &amp;amp;lt;http://dbpedia.org/page/Aragon&amp;amp;gt; ;
	obeu-attribute:currency &amp;amp;lt;http://data.openbudgets.eu/codelist/currency/EUR&amp;amp;gt; ;
	obeu-dimension:operationCharacter obeu-operation:revenue ;
	qb:structure &amp;amp;lt;http://example.openbudgets.eu/ontology/dsd/aragon-budget&amp;amp;gt;  .

}
&amp;lt;/query&amp;gt;
    &amp;lt;perGraph&amp;gt;true&amp;lt;/perGraph&amp;gt;
  &amp;lt;/cz.cuni.mff.xrg.uv.transformer.sparql.update.SparqlUpdateConfig__V1&amp;gt;
&amp;lt;/object-stream&amp;gt;&lt;/string&gt;
      &lt;/entry&gt;
    &lt;/configurations&gt;
  &lt;/MasterConfigObject&gt;
&lt;/object-stream&gt;</rawConf>
            <template>
              <description></description>
              <jarName>uv-t-sparqlUpdate-2.1.4.jar</jarName>
              <menuName>uv-t-sparqlUpdate</menuName>
              <name>uv-t-sparqlUpdate</name>
              <rawConf>&lt;object-stream&gt;
  &lt;MasterConfigObject&gt;
    &lt;configurations&gt;
      &lt;entry&gt;
        &lt;string&gt;dpu_config&lt;/string&gt;
        &lt;string&gt;&amp;lt;object-stream&amp;gt;
  &amp;lt;cz.cuni.mff.xrg.uv.transformer.sparql.update.SparqlUpdateConfig__V1&amp;gt;
    &amp;lt;query&amp;gt;INSERT {?s ?p ?o} WHERE {?s ?p ?o}&amp;lt;/query&amp;gt;
    &amp;lt;perGraph&amp;gt;true&amp;lt;/perGraph&amp;gt;
  &amp;lt;/cz.cuni.mff.xrg.uv.transformer.sparql.update.SparqlUpdateConfig__V1&amp;gt;
&amp;lt;/object-stream&amp;gt;&lt;/string&gt;
      &lt;/entry&gt;
    &lt;/configurations&gt;
  &lt;/MasterConfigObject&gt;
&lt;/object-stream&gt;</rawConf>
              <useDPUDescription>false</useDPUDescription>
            </template>
            <useDPUDescription>false</useDPUDescription>
            <useTemplateConfig>false</useTemplateConfig>
          </dpuInstance>
          <graph reference="../../../.."/>
          <position>
            <x>512</x>
            <y>214</y>
          </position>
        </from>
        <graph reference="../../.."/>
        <script>output -&gt; input;</script>
        <to reference="../../cz.cuni.mff.xrg.odcs.commons.app.pipeline.graph.Edge/to"/>
      </cz.cuni.mff.xrg.odcs.commons.app.pipeline.graph.Edge>
      <cz.cuni.mff.xrg.odcs.commons.app.pipeline.graph.Edge>
        <from>
          <dpuInstance>
            <description>Codelist linking</description>
            <menuName>uv-t-sparqlConstruct</menuName>
            <name>uv-t-sparqlConstruct</name>
            <rawConf>&lt;object-stream&gt;
  &lt;MasterConfigObject&gt;
    &lt;configurations&gt;
      &lt;entry&gt;
        &lt;string&gt;addon/faultToleranceWrap&lt;/string&gt;
        &lt;string&gt;&amp;lt;object-stream&amp;gt;
  &amp;lt;eu.unifiedviews.helpers.dpu.extension.faulttolerance.FaultTolerance_-Configuration__V1&amp;gt;
    &amp;lt;enabled&amp;gt;false&amp;lt;/enabled&amp;gt;
    &amp;lt;exceptionNames class=&amp;quot;linked-list&amp;quot;/&amp;gt;
    &amp;lt;maxRetryCount&amp;gt;-1&amp;lt;/maxRetryCount&amp;gt;
  &amp;lt;/eu.unifiedviews.helpers.dpu.extension.faulttolerance.FaultTolerance_-Configuration__V1&amp;gt;
&amp;lt;/object-stream&amp;gt;&lt;/string&gt;
      &lt;/entry&gt;
      &lt;entry&gt;
        &lt;string&gt;dpu_config&lt;/string&gt;
        &lt;string&gt;&amp;lt;object-stream&amp;gt;
  &amp;lt;cz.cuni.mff.xrg.uv.transformer.sparql.construct.SparqlConstructConfig__V1&amp;gt;
    &amp;lt;query&amp;gt;PREFIX obeu-dimension: &amp;amp;lt;http://data.openbudgets.eu/ontology/dsd/dimension/&amp;amp;gt;
PREFIX qb: &amp;amp;lt;http://purl.org/linked-data/cube#&amp;amp;gt;

CONSTRUCT {  ?s1 obeu-dimension:organization  ?uri1.
                             ?s1 obeu-dimension:economicClassification ?uri2.
                             ?s1 obeu-dimension:administrativeClassification ?uri3.
                             ?s1 qb:dataSet  &amp;amp;lt;http://data.openbudgets.eu/resource/dataset/aragon-2013-income/&amp;amp;gt;. }
WHERE {
         ?s1 obeu-dimension:organization  ?o1 .
         ?s1 obeu-dimension:economicClassification  ?o2 .
         ?s1 obeu-dimension:administrativeClassification  ?o3 .
        BIND(URI(CONCAT(&amp;amp;quot;http://data.openbudgets.eu/resource/codelist/estructura_financiacion_i_aragon_2013/&amp;amp;quot;,?o1)) as ?uri1).
        BIND(URI(CONCAT(&amp;amp;quot;http://data.openbudgets.eu/resource/codelist/estructura_economica_i_aragon_2013/&amp;amp;quot;,?o2)) as ?uri2).
        BIND(URI(CONCAT(&amp;amp;quot;http://data.openbudgets.eu/resource/codelist/estructura_organica_aragon_2013/&amp;amp;quot;,?o3)) as ?uri3).
 }
&amp;lt;/query&amp;gt;
    &amp;lt;perGraph&amp;gt;true&amp;lt;/perGraph&amp;gt;
  &amp;lt;/cz.cuni.mff.xrg.uv.transformer.sparql.construct.SparqlConstructConfig__V1&amp;gt;
&amp;lt;/object-stream&amp;gt;&lt;/string&gt;
      &lt;/entry&gt;
    &lt;/configurations&gt;
  &lt;/MasterConfigObject&gt;
&lt;/object-stream&gt;</rawConf>
            <template>
              <description></description>
              <jarName>uv-t-sparqlConstruct-2.1.4.jar</jarName>
              <menuName>uv-t-sparqlConstruct</menuName>
              <name>uv-t-sparqlConstruct</name>
              <rawConf>&lt;object-stream&gt;
  &lt;MasterConfigObject&gt;
    &lt;configurations&gt;
      &lt;entry&gt;
        &lt;string&gt;dpu_config&lt;/string&gt;
        &lt;string&gt;&amp;lt;object-stream&amp;gt;
  &amp;lt;cz.cuni.mff.xrg.uv.transformer.sparql.construct.SparqlConstructConfig__V1&amp;gt;
    &amp;lt;query&amp;gt;CONSTRUCT {?s ?p ?o} WHERE {?s ?p ?o}&amp;lt;/query&amp;gt;
    &amp;lt;perGraph&amp;gt;true&amp;lt;/perGraph&amp;gt;
  &amp;lt;/cz.cuni.mff.xrg.uv.transformer.sparql.construct.SparqlConstructConfig__V1&amp;gt;
&amp;lt;/object-stream&amp;gt;&lt;/string&gt;
      &lt;/entry&gt;
    &lt;/configurations&gt;
  &lt;/MasterConfigObject&gt;
&lt;/object-stream&gt;</rawConf>
              <useDPUDescription>false</useDPUDescription>
            </template>
            <useDPUDescription>false</useDPUDescription>
            <useTemplateConfig>false</useTemplateConfig>
          </dpuInstance>
          <graph reference="../../../.."/>
          <position>
            <x>288</x>
            <y>341</y>
          </position>
        </from>
        <graph reference="../../.."/>
        <script>output -&gt; input;</script>
        <to reference="../../cz.cuni.mff.xrg.odcs.commons.app.pipeline.graph.Edge/to"/>
      </cz.cuni.mff.xrg.odcs.commons.app.pipeline.graph.Edge>
      <cz.cuni.mff.xrg.odcs.commons.app.pipeline.graph.Edge>
        <from>
          <dpuInstance>
            <description></description>
            <menuName>uv-t-tabular</menuName>
            <name>uv-t-tabular</name>
            <rawConf>&lt;object-stream&gt;
  &lt;MasterConfigObject&gt;
    &lt;configurations&gt;
      &lt;entry&gt;
        &lt;string&gt;addon/faultToleranceWrap&lt;/string&gt;
        &lt;string&gt;&amp;lt;object-stream&amp;gt;
  &amp;lt;eu.unifiedviews.helpers.dpu.extension.faulttolerance.FaultTolerance_-Configuration__V1&amp;gt;
    &amp;lt;enabled&amp;gt;false&amp;lt;/enabled&amp;gt;
    &amp;lt;exceptionNames class=&amp;quot;linked-list&amp;quot;/&amp;gt;
    &amp;lt;maxRetryCount&amp;gt;-1&amp;lt;/maxRetryCount&amp;gt;
  &amp;lt;/eu.unifiedviews.helpers.dpu.extension.faulttolerance.FaultTolerance_-Configuration__V1&amp;gt;
&amp;lt;/object-stream&amp;gt;&lt;/string&gt;
      &lt;/entry&gt;
      &lt;entry&gt;
        &lt;string&gt;dpu_config&lt;/string&gt;
        &lt;string&gt;&amp;lt;object-stream&amp;gt;
  &amp;lt;cz.cuni.mff.xrg.uv.transformer.tabular.TabularConfig__V2&amp;gt;
    &amp;lt;baseURI&amp;gt;http://data.openbudgets.eu/resource/dataset/aragon-2013-income/observation/&amp;lt;/baseURI&amp;gt;
    &amp;lt;columnsInfo class=&amp;quot;linked-hash-map&amp;quot;&amp;gt;
      &amp;lt;entry&amp;gt;
        &amp;lt;string&amp;gt;CENTRO GESTOR&amp;lt;/string&amp;gt;
        &amp;lt;cz.cuni.mff.xrg.uv.transformer.tabular.column.ColumnInfo__V1&amp;gt;
          &amp;lt;URI&amp;gt;http://data.openbudgets.eu/ontology/dsd/dimension/administrativeClassification&amp;lt;/URI&amp;gt;
          &amp;lt;type&amp;gt;String&amp;lt;/type&amp;gt;
        &amp;lt;/cz.cuni.mff.xrg.uv.transformer.tabular.column.ColumnInfo__V1&amp;gt;
      &amp;lt;/entry&amp;gt;
      &amp;lt;entry&amp;gt;
        &amp;lt;string&amp;gt;ECONOMICA&amp;lt;/string&amp;gt;
        &amp;lt;cz.cuni.mff.xrg.uv.transformer.tabular.column.ColumnInfo__V1&amp;gt;
          &amp;lt;URI&amp;gt;http://data.openbudgets.eu/ontology/dsd/dimension/economicClassification&amp;lt;/URI&amp;gt;
          &amp;lt;type&amp;gt;String&amp;lt;/type&amp;gt;
        &amp;lt;/cz.cuni.mff.xrg.uv.transformer.tabular.column.ColumnInfo__V1&amp;gt;
      &amp;lt;/entry&amp;gt;
      &amp;lt;entry&amp;gt;
        &amp;lt;string&amp;gt;FINANCIACION&amp;lt;/string&amp;gt;
        &amp;lt;cz.cuni.mff.xrg.uv.transformer.tabular.column.ColumnInfo__V1&amp;gt;
          &amp;lt;URI&amp;gt;http://data.openbudgets.eu/ontology/dsd/dimension/organization&amp;lt;/URI&amp;gt;
          &amp;lt;type&amp;gt;String&amp;lt;/type&amp;gt;
        &amp;lt;/cz.cuni.mff.xrg.uv.transformer.tabular.column.ColumnInfo__V1&amp;gt;
      &amp;lt;/entry&amp;gt;
      &amp;lt;entry&amp;gt;
        &amp;lt;string&amp;gt;IMPORTE&amp;lt;/string&amp;gt;
        &amp;lt;cz.cuni.mff.xrg.uv.transformer.tabular.column.ColumnInfo__V1&amp;gt;
          &amp;lt;URI&amp;gt;http://data.openbudgets.eu/ontology/dsd/measure/amount&amp;lt;/URI&amp;gt;
          &amp;lt;type&amp;gt;Double&amp;lt;/type&amp;gt;
        &amp;lt;/cz.cuni.mff.xrg.uv.transformer.tabular.column.ColumnInfo__V1&amp;gt;
      &amp;lt;/entry&amp;gt;
    &amp;lt;/columnsInfo&amp;gt;
    &amp;lt;columnsInfoAdv class=&amp;quot;linked-list&amp;quot;/&amp;gt;
    &amp;lt;namedCells class=&amp;quot;linked-list&amp;quot;/&amp;gt;
    &amp;lt;quoteChar&amp;gt;&amp;lt;/quoteChar&amp;gt;
    &amp;lt;delimiterChar&amp;gt;;&amp;lt;/delimiterChar&amp;gt;
    &amp;lt;linesToIgnore&amp;gt;0&amp;lt;/linesToIgnore&amp;gt;
    &amp;lt;encoding&amp;gt;UTF-8&amp;lt;/encoding&amp;gt;
    &amp;lt;tableType&amp;gt;CSV&amp;lt;/tableType&amp;gt;
    &amp;lt;hasHeader&amp;gt;true&amp;lt;/hasHeader&amp;gt;
    &amp;lt;generateNew&amp;gt;false&amp;lt;/generateNew&amp;gt;
    &amp;lt;ignoreBlankCells&amp;gt;true&amp;lt;/ignoreBlankCells&amp;gt;
    &amp;lt;advancedKeyColumn&amp;gt;false&amp;lt;/advancedKeyColumn&amp;gt;
    &amp;lt;rowsClass&amp;gt;http://purl.org/linked-data/cube#Observation&amp;lt;/rowsClass&amp;gt;
    &amp;lt;staticRowCounter&amp;gt;false&amp;lt;/staticRowCounter&amp;gt;
    &amp;lt;generateRowTriple&amp;gt;false&amp;lt;/generateRowTriple&amp;gt;
    &amp;lt;useTableSubject&amp;gt;false&amp;lt;/useTableSubject&amp;gt;
    &amp;lt;autoAsStrings&amp;gt;false&amp;lt;/autoAsStrings&amp;gt;
    &amp;lt;generateTableClass&amp;gt;false&amp;lt;/generateTableClass&amp;gt;
    &amp;lt;generateLabels&amp;gt;false&amp;lt;/generateLabels&amp;gt;
    &amp;lt;stripHeader&amp;gt;false&amp;lt;/stripHeader&amp;gt;
    &amp;lt;dbfTrimString&amp;gt;false&amp;lt;/dbfTrimString&amp;gt;
    &amp;lt;xlsAdvancedDoubleParser&amp;gt;false&amp;lt;/xlsAdvancedDoubleParser&amp;gt;
    &amp;lt;ignoreMissingColumn&amp;gt;false&amp;lt;/ignoreMissingColumn&amp;gt;
  &amp;lt;/cz.cuni.mff.xrg.uv.transformer.tabular.TabularConfig__V2&amp;gt;
&amp;lt;/object-stream&amp;gt;&lt;/string&gt;
      &lt;/entry&gt;
    &lt;/configurations&gt;
  &lt;/MasterConfigObject&gt;
&lt;/object-stream&gt;</rawConf>
            <template>
              <description></description>
              <jarName>uv-t-tabular-2.3.0.jar</jarName>
              <menuName>uv-t-tabular</menuName>
              <name>uv-t-tabular</name>
              <rawConf>&lt;object-stream&gt;
  &lt;MasterConfigObject&gt;
    &lt;configurations&gt;
      &lt;entry&gt;
        &lt;string&gt;dpu_config&lt;/string&gt;
        &lt;string&gt;&amp;lt;object-stream&amp;gt;
  &amp;lt;cz.cuni.mff.xrg.uv.transformer.tabular.TabularConfig__V2&amp;gt;
    &amp;lt;baseURI&amp;gt;http://localhost&amp;lt;/baseURI&amp;gt;
    &amp;lt;columnsInfo class=&amp;quot;linked-hash-map&amp;quot;/&amp;gt;
    &amp;lt;columnsInfoAdv class=&amp;quot;linked-list&amp;quot;/&amp;gt;
    &amp;lt;namedCells class=&amp;quot;linked-list&amp;quot;/&amp;gt;
    &amp;lt;quoteChar&amp;gt;&amp;amp;quot;&amp;lt;/quoteChar&amp;gt;
    &amp;lt;delimiterChar&amp;gt;,&amp;lt;/delimiterChar&amp;gt;
    &amp;lt;linesToIgnore&amp;gt;0&amp;lt;/linesToIgnore&amp;gt;
    &amp;lt;encoding&amp;gt;UTF-8&amp;lt;/encoding&amp;gt;
    &amp;lt;tableType&amp;gt;CSV&amp;lt;/tableType&amp;gt;
    &amp;lt;hasHeader&amp;gt;true&amp;lt;/hasHeader&amp;gt;
    &amp;lt;generateNew&amp;gt;true&amp;lt;/generateNew&amp;gt;
    &amp;lt;ignoreBlankCells&amp;gt;false&amp;lt;/ignoreBlankCells&amp;gt;
    &amp;lt;advancedKeyColumn&amp;gt;false&amp;lt;/advancedKeyColumn&amp;gt;
    &amp;lt;rowsClass&amp;gt;http://unifiedviews.eu/ontology/t-tabular/Row&amp;lt;/rowsClass&amp;gt;
    &amp;lt;staticRowCounter&amp;gt;false&amp;lt;/staticRowCounter&amp;gt;
    &amp;lt;generateRowTriple&amp;gt;true&amp;lt;/generateRowTriple&amp;gt;
    &amp;lt;useTableSubject&amp;gt;false&amp;lt;/useTableSubject&amp;gt;
    &amp;lt;autoAsStrings&amp;gt;false&amp;lt;/autoAsStrings&amp;gt;
    &amp;lt;generateTableClass&amp;gt;false&amp;lt;/generateTableClass&amp;gt;
    &amp;lt;generateLabels&amp;gt;false&amp;lt;/generateLabels&amp;gt;
    &amp;lt;stripHeader&amp;gt;false&amp;lt;/stripHeader&amp;gt;
    &amp;lt;dbfTrimString&amp;gt;false&amp;lt;/dbfTrimString&amp;gt;
    &amp;lt;xlsAdvancedDoubleParser&amp;gt;false&amp;lt;/xlsAdvancedDoubleParser&amp;gt;
    &amp;lt;ignoreMissingColumn&amp;gt;false&amp;lt;/ignoreMissingColumn&amp;gt;
  &amp;lt;/cz.cuni.mff.xrg.uv.transformer.tabular.TabularConfig__V2&amp;gt;
&amp;lt;/object-stream&amp;gt;&lt;/string&gt;
      &lt;/entry&gt;
    &lt;/configurations&gt;
  &lt;/MasterConfigObject&gt;
&lt;/object-stream&gt;</rawConf>
              <useDPUDescription>false</useDPUDescription>
            </template>
            <useDPUDescription>false</useDPUDescription>
            <useTemplateConfig>false</useTemplateConfig>
          </dpuInstance>
          <graph reference="../../../.."/>
          <position>
            <x>291</x>
            <y>232</y>
          </position>
        </from>
        <graph reference="../../.."/>
        <script>triplifiedTable -&gt; input;</script>
        <to>
          <dpuInstance>
            <description>Delete non-URIs</description>
            <menuName>uv-t-sparqlUpdate</menuName>
            <name>uv-t-sparqlUpdate</name>
            <rawConf>&lt;object-stream&gt;
  &lt;MasterConfigObject&gt;
    &lt;configurations&gt;
      &lt;entry&gt;
        &lt;string&gt;addon/faultToleranceWrap&lt;/string&gt;
        &lt;string&gt;&amp;lt;object-stream&amp;gt;
  &amp;lt;eu.unifiedviews.helpers.dpu.extension.faulttolerance.FaultTolerance_-Configuration__V1&amp;gt;
    &amp;lt;enabled&amp;gt;false&amp;lt;/enabled&amp;gt;
    &amp;lt;exceptionNames class=&amp;quot;linked-list&amp;quot;/&amp;gt;
    &amp;lt;maxRetryCount&amp;gt;-1&amp;lt;/maxRetryCount&amp;gt;
  &amp;lt;/eu.unifiedviews.helpers.dpu.extension.faulttolerance.FaultTolerance_-Configuration__V1&amp;gt;
&amp;lt;/object-stream&amp;gt;&lt;/string&gt;
      &lt;/entry&gt;
      &lt;entry&gt;
        &lt;string&gt;dpu_config&lt;/string&gt;
        &lt;string&gt;&amp;lt;object-stream&amp;gt;
  &amp;lt;cz.cuni.mff.xrg.uv.transformer.sparql.update.SparqlUpdateConfig__V1&amp;gt;
    &amp;lt;query&amp;gt;PREFIX obeu-dimension: &amp;amp;lt;http://data.openbudgets.eu/ontology/dsd/dimension/&amp;amp;gt;
DELETE  WHERE {?s obeu-dimension:organization ?o1. 
                                    ?s obeu-dimension:economicClassification ?o2.
                                    ?s obeu-dimension:administrativeClassification ?o3}
&amp;lt;/query&amp;gt;
    &amp;lt;perGraph&amp;gt;true&amp;lt;/perGraph&amp;gt;
  &amp;lt;/cz.cuni.mff.xrg.uv.transformer.sparql.update.SparqlUpdateConfig__V1&amp;gt;
&amp;lt;/object-stream&amp;gt;&lt;/string&gt;
      &lt;/entry&gt;
    &lt;/configurations&gt;
  &lt;/MasterConfigObject&gt;
&lt;/object-stream&gt;</rawConf>
            <template reference="../../../../cz.cuni.mff.xrg.odcs.commons.app.pipeline.graph.Edge[2]/from/dpuInstance/template"/>
            <useDPUDescription>false</useDPUDescription>
            <useTemplateConfig>false</useTemplateConfig>
          </dpuInstance>
          <graph reference="../../../.."/>
          <position>
            <x>502</x>
            <y>90</y>
          </position>
        </to>
      </cz.cuni.mff.xrg.odcs.commons.app.pipeline.graph.Edge>
      <cz.cuni.mff.xrg.odcs.commons.app.pipeline.graph.Edge>
        <from reference="../../cz.cuni.mff.xrg.odcs.commons.app.pipeline.graph.Edge/to"/>
        <graph reference="../../.."/>
        <script>output -&gt; input;</script>
        <to>
          <dpuInstance>
            <description>input -&gt; data.ttl</description>
            <menuName>uv-t-rdfToFiles</menuName>
            <name>uv-t-rdfToFiles</name>
            <rawConf>&lt;object-stream&gt;
  &lt;MasterConfigObject&gt;
    &lt;configurations&gt;
      &lt;entry&gt;
        &lt;string&gt;addon/faultToleranceWrap&lt;/string&gt;
        &lt;string&gt;&amp;lt;object-stream&amp;gt;
  &amp;lt;eu.unifiedviews.helpers.dpu.extension.faulttolerance.FaultTolerance_-Configuration__V1&amp;gt;
    &amp;lt;enabled&amp;gt;false&amp;lt;/enabled&amp;gt;
    &amp;lt;exceptionNames class=&amp;quot;linked-list&amp;quot;/&amp;gt;
    &amp;lt;maxRetryCount&amp;gt;-1&amp;lt;/maxRetryCount&amp;gt;
  &amp;lt;/eu.unifiedviews.helpers.dpu.extension.faulttolerance.FaultTolerance_-Configuration__V1&amp;gt;
&amp;lt;/object-stream&amp;gt;&lt;/string&gt;
      &lt;/entry&gt;
      &lt;entry&gt;
        &lt;string&gt;dpu_config&lt;/string&gt;
        &lt;string&gt;&amp;lt;object-stream&amp;gt;
  &amp;lt;eu.unifiedviews.plugins.transformer.rdftofiles.RdfToFilesConfig__V2&amp;gt;
    &amp;lt;outFileName&amp;gt;/home/fath/Desktop/&amp;lt;/outFileName&amp;gt;
    &amp;lt;rdfFileFormat&amp;gt;Turtle&amp;lt;/rdfFileFormat&amp;gt;
    &amp;lt;genGraphFile&amp;gt;true&amp;lt;/genGraphFile&amp;gt;
    &amp;lt;outGraphName&amp;gt;UV_Export&amp;lt;/outGraphName&amp;gt;
  &amp;lt;/eu.unifiedviews.plugins.transformer.rdftofiles.RdfToFilesConfig__V2&amp;gt;
&amp;lt;/object-stream&amp;gt;&lt;/string&gt;
      &lt;/entry&gt;
    &lt;/configurations&gt;
  &lt;/MasterConfigObject&gt;
&lt;/object-stream&gt;</rawConf>
            <template>
              <description>input -&gt; data.ttl</description>
              <jarName>uv-t-rdfToFiles-2.1.4.jar</jarName>
              <menuName>uv-t-rdfToFiles</menuName>
              <name>uv-t-rdfToFiles</name>
              <rawConf>&lt;object-stream&gt;
  &lt;MasterConfigObject&gt;
    &lt;configurations&gt;
      &lt;entry&gt;
        &lt;string&gt;addon/faultToleranceWrap&lt;/string&gt;
        &lt;string&gt;&amp;lt;object-stream&amp;gt;
  &amp;lt;eu.unifiedviews.helpers.dpu.extension.faulttolerance.FaultTolerance_-Configuration__V1&amp;gt;
    &amp;lt;enabled&amp;gt;false&amp;lt;/enabled&amp;gt;
    &amp;lt;exceptionNames class=&amp;quot;linked-list&amp;quot;/&amp;gt;
    &amp;lt;maxRetryCount&amp;gt;-1&amp;lt;/maxRetryCount&amp;gt;
  &amp;lt;/eu.unifiedviews.helpers.dpu.extension.faulttolerance.FaultTolerance_-Configuration__V1&amp;gt;
&amp;lt;/object-stream&amp;gt;&lt;/string&gt;
      &lt;/entry&gt;
      &lt;entry&gt;
        &lt;string&gt;dpu_config&lt;/string&gt;
        &lt;string&gt;&amp;lt;object-stream&amp;gt;
  &amp;lt;eu.unifiedviews.plugins.transformer.rdftofiles.RdfToFilesConfig__V2&amp;gt;
    &amp;lt;outFileName&amp;gt;/home/fath/Desktop/&amp;lt;/outFileName&amp;gt;
    &amp;lt;rdfFileFormat&amp;gt;JSON-LD&amp;lt;/rdfFileFormat&amp;gt;
    &amp;lt;genGraphFile&amp;gt;true&amp;lt;/genGraphFile&amp;gt;
    &amp;lt;outGraphName&amp;gt;UV_Export&amp;lt;/outGraphName&amp;gt;
  &amp;lt;/eu.unifiedviews.plugins.transformer.rdftofiles.RdfToFilesConfig__V2&amp;gt;
&amp;lt;/object-stream&amp;gt;&lt;/string&gt;
      &lt;/entry&gt;
    &lt;/configurations&gt;
  &lt;/MasterConfigObject&gt;
&lt;/object-stream&gt;</rawConf>
              <useDPUDescription>false</useDPUDescription>
            </template>
            <useDPUDescription>false</useDPUDescription>
            <useTemplateConfig>false</useTemplateConfig>
          </dpuInstance>
          <graph reference="../../../.."/>
          <position>
            <x>703</x>
            <y>348</y>
          </position>
        </to>
      </cz.cuni.mff.xrg.odcs.commons.app.pipeline.graph.Edge>
      <cz.cuni.mff.xrg.odcs.commons.app.pipeline.graph.Edge>
        <from>
          <dpuInstance>
            <description>Download</description>
            <menuName>uv-e-filesDownload</menuName>
            <name>uv-e-filesDownload</name>
            <rawConf>&lt;object-stream&gt;
  &lt;MasterConfigObject&gt;
    &lt;configurations&gt;
      &lt;entry&gt;
        &lt;string&gt;addon/faultToleranceWrap&lt;/string&gt;
        &lt;string&gt;&amp;lt;object-stream&amp;gt;
  &amp;lt;eu.unifiedviews.helpers.dpu.extension.faulttolerance.FaultTolerance_-Configuration__V1&amp;gt;
    &amp;lt;enabled&amp;gt;false&amp;lt;/enabled&amp;gt;
    &amp;lt;exceptionNames class=&amp;quot;linked-list&amp;quot;/&amp;gt;
    &amp;lt;maxRetryCount&amp;gt;-1&amp;lt;/maxRetryCount&amp;gt;
  &amp;lt;/eu.unifiedviews.helpers.dpu.extension.faulttolerance.FaultTolerance_-Configuration__V1&amp;gt;
&amp;lt;/object-stream&amp;gt;&lt;/string&gt;
      &lt;/entry&gt;
      &lt;entry&gt;
        &lt;string&gt;dpu_config&lt;/string&gt;
        &lt;string&gt;&amp;lt;object-stream&amp;gt;
  &amp;lt;eu.unifiedviews.plugins.extractor.filesdownload.FilesDownloadConfig__V1&amp;gt;
    &amp;lt;vfsFiles&amp;gt;
      &amp;lt;eu.unifiedviews.plugins.extractor.filesdownload.VfsFile&amp;gt;
        &amp;lt;uri&amp;gt;https://dl.dropboxusercontent.com/u/23550208/Datasets/Presupuesto%202013/Partidas%20Ingresos.csv&amp;lt;/uri&amp;gt;
        &amp;lt;username&amp;gt;&amp;lt;/username&amp;gt;
        &amp;lt;password&amp;gt;&amp;lt;/password&amp;gt;
        &amp;lt;fileName&amp;gt;&amp;lt;/fileName&amp;gt;
      &amp;lt;/eu.unifiedviews.plugins.extractor.filesdownload.VfsFile&amp;gt;
    &amp;lt;/vfsFiles&amp;gt;
    &amp;lt;softFail&amp;gt;false&amp;lt;/softFail&amp;gt;
    &amp;lt;defaultTimeout&amp;gt;20000&amp;lt;/defaultTimeout&amp;gt;
    &amp;lt;ignoreTlsErrors&amp;gt;false&amp;lt;/ignoreTlsErrors&amp;gt;
  &amp;lt;/eu.unifiedviews.plugins.extractor.filesdownload.FilesDownloadConfig__V1&amp;gt;
&amp;lt;/object-stream&amp;gt;&lt;/string&gt;
      &lt;/entry&gt;
    &lt;/configurations&gt;
  &lt;/MasterConfigObject&gt;
&lt;/object-stream&gt;</rawConf>
            <template>
              <description></description>
              <jarName>uv-e-filesDownload-2.1.4.jar</jarName>
              <menuName>uv-e-filesDownload</menuName>
              <name>uv-e-filesDownload</name>
              <rawConf>&lt;object-stream&gt;
  &lt;MasterConfigObject&gt;
    &lt;configurations&gt;
      &lt;entry&gt;
        &lt;string&gt;dpu_config&lt;/string&gt;
        &lt;string&gt;&amp;lt;object-stream&amp;gt;
  &amp;lt;eu.unifiedviews.plugins.extractor.filesdownload.FilesDownloadConfig__V1&amp;gt;
    &amp;lt;vfsFiles class=&amp;quot;linked-list&amp;quot;/&amp;gt;
    &amp;lt;softFail&amp;gt;false&amp;lt;/softFail&amp;gt;
    &amp;lt;defaultTimeout&amp;gt;20000&amp;lt;/defaultTimeout&amp;gt;
    &amp;lt;ignoreTlsErrors&amp;gt;false&amp;lt;/ignoreTlsErrors&amp;gt;
  &amp;lt;/eu.unifiedviews.plugins.extractor.filesdownload.FilesDownloadConfig__V1&amp;gt;
&amp;lt;/object-stream&amp;gt;&lt;/string&gt;
      &lt;/entry&gt;
    &lt;/configurations&gt;
  &lt;/MasterConfigObject&gt;
&lt;/object-stream&gt;</rawConf>
              <useDPUDescription>false</useDPUDescription>
            </template>
            <useDPUDescription>false</useDPUDescription>
            <useTemplateConfig>false</useTemplateConfig>
          </dpuInstance>
          <graph reference="../../../.."/>
          <position>
            <x>294</x>
            <y>94</y>
          </position>
        </from>
        <graph reference="../../.."/>
        <script>output -&gt; table;</script>
        <to reference="../../cz.cuni.mff.xrg.odcs.commons.app.pipeline.graph.Edge[4]/from"/>
      </cz.cuni.mff.xrg.odcs.commons.app.pipeline.graph.Edge>
      <cz.cuni.mff.xrg.odcs.commons.app.pipeline.graph.Edge>
        <from reference="../../cz.cuni.mff.xrg.odcs.commons.app.pipeline.graph.Edge[4]/to"/>
        <graph reference="../../.."/>
        <script>output -&gt; input;</script>
        <to reference="../../cz.cuni.mff.xrg.odcs.commons.app.pipeline.graph.Edge[2]/from"/>
      </cz.cuni.mff.xrg.odcs.commons.app.pipeline.graph.Edge>
      <cz.cuni.mff.xrg.odcs.commons.app.pipeline.graph.Edge>
        <from reference="../../cz.cuni.mff.xrg.odcs.commons.app.pipeline.graph.Edge[4]/from"/>
        <graph reference="../../.."/>
        <script>triplifiedTable -&gt; input;</script>
        <to reference="../../cz.cuni.mff.xrg.odcs.commons.app.pipeline.graph.Edge[3]/from"/>
      </cz.cuni.mff.xrg.odcs.commons.app.pipeline.graph.Edge>
      <cz.cuni.mff.xrg.odcs.commons.app.pipeline.graph.Edge>
        <from>
          <dpuInstance>
            <description>Provide DSD</description>
            <menuName>e-TextHolder</menuName>
            <name>e-TextHolder</name>
            <rawConf>&lt;object-stream&gt;
  &lt;MasterConfigObject&gt;
    &lt;configurations&gt;
      &lt;entry&gt;
        &lt;string&gt;addon/faultToleranceWrap&lt;/string&gt;
        &lt;string&gt;&amp;lt;object-stream&amp;gt;
  &amp;lt;eu.unifiedviews.helpers.dpu.extension.faulttolerance.FaultTolerance_-Configuration__V1&amp;gt;
    &amp;lt;enabled&amp;gt;true&amp;lt;/enabled&amp;gt;
    &amp;lt;exceptionNames class=&amp;quot;linked-list&amp;quot;/&amp;gt;
    &amp;lt;maxRetryCount&amp;gt;-1&amp;lt;/maxRetryCount&amp;gt;
  &amp;lt;/eu.unifiedviews.helpers.dpu.extension.faulttolerance.FaultTolerance_-Configuration__V1&amp;gt;
&amp;lt;/object-stream&amp;gt;&lt;/string&gt;
      &lt;/entry&gt;
      &lt;entry&gt;
        &lt;string&gt;dpu_config&lt;/string&gt;
        &lt;string&gt;&amp;lt;object-stream&amp;gt;
  &amp;lt;cz.cuni.mff.xrg.uv.extractor.textholder.TextHolderConfig__V1&amp;gt;
    &amp;lt;fileName&amp;gt;dsd.ttl&amp;lt;/fileName&amp;gt;
    &amp;lt;text&amp;gt;# ----- DSD-specific namespaces -----

#TODO necessary? --&amp;amp;gt; remove/change

#@prefix eu:               &amp;amp;lt;http://data.openbudgets.eu/ontology/budget-of-the-european-union/&amp;amp;gt; .
#@prefix eu-attribute:     &amp;amp;lt;http://data.openbudgets.eu/ontology/dsd/eu-budget-2014/attribute/&amp;amp;gt; .
#@prefix eu-dimension:     &amp;amp;lt;http://data.openbudgets.eu/ontology/dsd/eu-budget-2014/dimension/&amp;amp;gt; .
#@prefix eu-codelist:      &amp;amp;lt;http://data.openbudgets.eu/resource/eu-budget-2014/codelist/&amp;amp;gt; .
#@prefix eu-operation:     &amp;amp;lt;http://data.openbudgets.eu/resource/eu-budget-2014/codelist/operation-character/&amp;amp;gt; .

@prefix aragon-budget:             		&amp;amp;lt;http://data.openbudgets.eu/ontology/aragon-budget/&amp;amp;gt; .
@prefix aragon-codelist-econ-exp:    	&amp;amp;lt;http://data.openbudgets.eu/resource/codelist/estructura_economica_g_aragon_2013/&amp;amp;gt; .
@prefix aragon-codelist-econ-rev:    	&amp;amp;lt;http://data.openbudgets.eu/resource/codelist/estructura_economica_i_aragon_2013/&amp;amp;gt; .
@prefix aragon-codelist-fin-exp:    	&amp;amp;lt;http://data.openbudgets.eu/resource/codelist/estructura_financiacion_g_aragon_2013/&amp;amp;gt; .
@prefix aragon-codelist-fin-rev:    	&amp;amp;lt;http://data.openbudgets.eu/resource/codelist/estructura_financiacion_i_aragon_2013/&amp;amp;gt; .

@prefix aragon-codelist-func:    		&amp;amp;lt;http://data.openbudgets.eu/resource/codelist/estructura_funcional_aragon_2013/&amp;amp;gt; .
@prefix aragon-codelist-org:    		&amp;amp;lt;http://data.openbudgets.eu/resource/codelist/estructura_organica_aragon_2013/&amp;amp;gt; .
@prefix aragon-codelist:          &amp;amp;lt;http://data.openbudgets.eu/resource/aragon-2013-income/codelist/&amp;amp;gt; .
@prefix aragon-dimension:   			&amp;amp;lt;http://data.openbudgets.eu/ontology/dsd/aragon-budget/dimension/&amp;amp;gt; .
@prefix aragon-measure:     			&amp;amp;lt;http://data.openbudgets.eu/ontology/dsd/aragon-budget/measure/&amp;amp;gt; .
@prefix aragon-operation:   			&amp;amp;lt;http://data.openbudgets.eu/resource/aragon-budget/codelist/operation-character/&amp;amp;gt; .

# ----- OpenBudgets.eu namespaces -----

@prefix obeu:             &amp;amp;lt;http://data.openbudgets.eu/ontology/&amp;amp;gt; .
@prefix obeu-attribute:   &amp;amp;lt;http://data.openbudgets.eu/ontology/dsd/attribute/&amp;amp;gt; .
@prefix obeu-dimension:   &amp;amp;lt;http://data.openbudgets.eu/ontology/dsd/dimension/&amp;amp;gt; .
@prefix obeu-measure:     &amp;amp;lt;http://data.openbudgets.eu/ontology/dsd/measure/&amp;amp;gt; .
#@prefix obeu-operation:   &amp;amp;lt;http://data.openbudgets.eu/resource/codelist/operation-character/&amp;amp;gt; .

# ----- Generic namespaces ------

@prefix org:              &amp;amp;lt;http://www.w3.org/ns/org#&amp;amp;gt; .
@prefix qb:               &amp;amp;lt;http://purl.org/linked-data/cube#&amp;amp;gt; .
@prefix rdf:              &amp;amp;lt;http://www.w3.org/1999/02/22-rdf-syntax-ns#&amp;amp;gt; .
@prefix rdfs:             &amp;amp;lt;http://www.w3.org/2000/01/rdf-schema#&amp;amp;gt; .
@prefix skos:             &amp;amp;lt;http://www.w3.org/2004/02/skos/core#&amp;amp;gt; .
@prefix xsd:              &amp;amp;lt;http://www.w3.org/2001/XMLSchema#&amp;amp;gt; .

# ----- DSD -----
# TO BE CONTINUED FOR ARAGON DATASET.

&amp;amp;lt;http://example.openbudgets.eu/ontology/dsd/aragon-budget&amp;amp;gt; a qb:DataStructureDefinition ;
  rdfs:label &amp;amp;quot;Data structure definition for the Aragon dataset for fiscal year 2013&amp;amp;quot;@en ;  
  qb:component [ qb:dimension obeu-dimension:budgetaryUnit ;
                 qb:componentAttachment qb:DataSet ],
               [ qb:dimension obeu-dimension:budgetPhase ;
                 qb:componentAttachment qb:DataSet ],
               [ qb:dimension obeu-dimension:operationCharacter ;
                 qb:componentAttachment qb:DataSet ],
               [ qb:dimension obeu-dimension:fiscalPeriod ;
                 qb:componentAttachment qb:DataSet ],
               [ qb:dimension obeu-dimension:administrativeClassification ], #Identifies the entity responsible for managing the public funds concerned.
               [ qb:dimension obeu-dimension:functionalClassification ], #Purpose of expenditure
               [ qb:dimension obeu-dimension:economicClassification ], #economicClassification
               [ qb:dimension aragon-dimension:RevSourceClassification ], #which organization finance the funds
#               [ qb:dimension esif-dimension:priority ],
               [ qb:attribute obeu-attribute:currency ;
                 qb:componentRequired true ;
                 qb:componentAttachment qb:DataSet ],
               [ qb:measure  obeu-measure:amount] .


# ----- Component properties -----

aragon-dimension:RevSourceClassification a rdf:Property, qb:CodedProperty, qb:DimensionProperty ;
  rdfs:label &amp;amp;quot;Funding source organization&amp;amp;quot;@en ;
  rdfs:comment &amp;amp;quot;The organization which provides a funding for specific expenses.&amp;amp;quot;@en ;
  rdfs:subPropertyOf obeu-dimension:classification ;
  qb:codeList aragon-codelist:aragon-codelist-fin-rev ;
  rdfs:range aragon-budget:Financing ;
  rdfs:isDefinedBy &amp;amp;lt;http://data.openbudgets.eu/ontology/dsd/aragon-budget&amp;amp;gt; .


aragon-dimension:ExpSourceClassification a rdf:Property, qb:CodedProperty, qb:DimensionProperty ;
  rdfs:label &amp;amp;quot;Organization who receive the funding&amp;amp;quot;@en ;
  rdfs:comment &amp;amp;quot;The organization which receives a funding for specific expenses.&amp;amp;quot;@en ;
  rdfs:subPropertyOf obeu-dimension:classification ;
  qb:codeList aragon-codelist:aragon-codelist-fin-exp ;
  rdfs:range aragon-budget:Financing ;
  rdfs:isDefinedBy &amp;amp;lt;http://data.openbudgets.eu/ontology/dsd/aragon-budget&amp;amp;gt; .
  
# ----- Code lists -----
	

	
&amp;lt;/text&amp;gt;
  &amp;lt;/cz.cuni.mff.xrg.uv.extractor.textholder.TextHolderConfig__V1&amp;gt;
&amp;lt;/object-stream&amp;gt;&lt;/string&gt;
      &lt;/entry&gt;
    &lt;/configurations&gt;
  &lt;/MasterConfigObject&gt;
&lt;/object-stream&gt;</rawConf>
            <template>
              <description></description>
              <jarName>e-TextHolder-1.0.0.jar</jarName>
              <menuName>e-TextHolder</menuName>
              <name>e-TextHolder</name>
              <rawConf>&lt;object-stream&gt;
  &lt;MasterConfigObject&gt;
    &lt;configurations&gt;
      &lt;entry&gt;
        &lt;string&gt;dpu_config&lt;/string&gt;
        &lt;string&gt;&amp;lt;object-stream&amp;gt;
  &amp;lt;cz.cuni.mff.xrg.uv.extractor.textholder.TextHolderConfig__V1&amp;gt;
    &amp;lt;fileName&amp;gt;triples.ttl&amp;lt;/fileName&amp;gt;
    &amp;lt;text&amp;gt;&amp;amp;lt;http://localhost/1&amp;amp;gt; &amp;amp;lt;&amp;amp;lt;http://localhost/value&amp;amp;gt; &amp;amp;quot;some text&amp;amp;quot;&amp;lt;/text&amp;gt;
  &amp;lt;/cz.cuni.mff.xrg.uv.extractor.textholder.TextHolderConfig__V1&amp;gt;
&amp;lt;/object-stream&amp;gt;&lt;/string&gt;
      &lt;/entry&gt;
    &lt;/configurations&gt;
  &lt;/MasterConfigObject&gt;
&lt;/object-stream&gt;</rawConf>
              <useDPUDescription>false</useDPUDescription>
            </template>
            <useDPUDescription>false</useDPUDescription>
            <useTemplateConfig>false</useTemplateConfig>
          </dpuInstance>
          <graph reference="../../../.."/>
          <position>
            <x>693</x>
            <y>96</y>
          </position>
        </from>
        <graph reference="../../.."/>
        <script>file -&gt; filesInput;</script>
        <to reference="../../cz.cuni.mff.xrg.odcs.commons.app.pipeline.graph.Edge/from"/>
      </cz.cuni.mff.xrg.odcs.commons.app.pipeline.graph.Edge>
    </edges>
    <nodes>
      <cz.cuni.mff.xrg.odcs.commons.app.pipeline.graph.Node reference="../../edges/cz.cuni.mff.xrg.odcs.commons.app.pipeline.graph.Edge/to"/>
      <cz.cuni.mff.xrg.odcs.commons.app.pipeline.graph.Node reference="../../edges/cz.cuni.mff.xrg.odcs.commons.app.pipeline.graph.Edge[9]/from"/>
      <cz.cuni.mff.xrg.odcs.commons.app.pipeline.graph.Node reference="../../edges/cz.cuni.mff.xrg.odcs.commons.app.pipeline.graph.Edge[4]/from"/>
      <cz.cuni.mff.xrg.odcs.commons.app.pipeline.graph.Node reference="../../edges/cz.cuni.mff.xrg.odcs.commons.app.pipeline.graph.Edge[3]/from"/>
      <cz.cuni.mff.xrg.odcs.commons.app.pipeline.graph.Node reference="../../edges/cz.cuni.mff.xrg.odcs.commons.app.pipeline.graph.Edge[6]/from"/>
      <cz.cuni.mff.xrg.odcs.commons.app.pipeline.graph.Node reference="../../edges/cz.cuni.mff.xrg.odcs.commons.app.pipeline.graph.Edge[2]/from"/>
      <cz.cuni.mff.xrg.odcs.commons.app.pipeline.graph.Node reference="../../edges/cz.cuni.mff.xrg.odcs.commons.app.pipeline.graph.Edge[5]/to"/>
      <cz.cuni.mff.xrg.odcs.commons.app.pipeline.graph.Node reference="../../edges/cz.cuni.mff.xrg.odcs.commons.app.pipeline.graph.Edge[4]/to"/>
      <cz.cuni.mff.xrg.odcs.commons.app.pipeline.graph.Node reference="../../edges/cz.cuni.mff.xrg.odcs.commons.app.pipeline.graph.Edge/from"/>
    </nodes>
    <pipeline reference="../.."/>
  </graph>
  <lastChange>2016-03-04 15:39:01.0 UTC</lastChange>
  <name>Aragon&apos;13 - Ingresos</name>
  <shareType>PRIVATE</shareType>
</cz.cuni.mff.xrg.odcs.commons.app.pipeline.Pipeline>