<list>
  <template>
    <children class="org.eclipse.persistence.indirection.IndirectSet"/>
    <derivedDPUs class="org.eclipse.persistence.indirection.IndirectSet"/>
    <description></description>
    <jarDescription>Uploads list of files. Replaces L-FilesToLocalFS and L-FilesToScp. (commit: 97bcdcfc24da88411cbdf61000756a1ab5ec9752, build timestamp: 2015-10-06 15:00)</jarDescription>
    <jarDirectory>uv-l-filesUpload</jarDirectory>
    <jarName>uv-l-filesUpload-2.1.3.jar</jarName>
    <menuName>uv-l-filesUpload</menuName>
    <name>uv-l-filesUpload</name>
    <rawConf>&lt;object-stream&gt;
  &lt;MasterConfigObject&gt;
    &lt;configurations&gt;
      &lt;entry&gt;
        &lt;string&gt;dpu_config&lt;/string&gt;
        &lt;string&gt;&amp;lt;object-stream&amp;gt;
  &amp;lt;eu.unifiedviews.plugins.loader.filesupload.FilesUploadConfig__V1&amp;gt;
    &amp;lt;uri&amp;gt;ftps://server:21/path/&amp;lt;/uri&amp;gt;
    &amp;lt;username&amp;gt;&amp;lt;/username&amp;gt;
    &amp;lt;password&amp;gt;&amp;lt;/password&amp;gt;
    &amp;lt;softFail&amp;gt;false&amp;lt;/softFail&amp;gt;
    &amp;lt;moveFiles&amp;gt;false&amp;lt;/moveFiles&amp;gt;
  &amp;lt;/eu.unifiedviews.plugins.loader.filesupload.FilesUploadConfig__V1&amp;gt;
&amp;lt;/object-stream&amp;gt;&lt;/string&gt;
      &lt;/entry&gt;
    &lt;/configurations&gt;
  &lt;/MasterConfigObject&gt;
&lt;/object-stream&gt;</rawConf>
    <shareType>PUBLIC_RO</shareType>
    <type>LOADER</type>
    <useDPUDescription>false</useDPUDescription>
  </template>
  <template>
    <children class="org.eclipse.persistence.indirection.IndirectSet"/>
    <derivedDPUs class="org.eclipse.persistence.indirection.IndirectSet"/>
    <description></description>
    <jarDescription>Takes text and put it into output as a single file.</jarDescription>
    <jarDirectory>e-TextHolder</jarDirectory>
    <jarName>e-TextHolder-1.0.0.jar</jarName>
    <menuName>e-TextHolder</menuName>
    <name>e-TextHolder</name>
    <rawConf>&lt;object-stream&gt;
  &lt;MasterConfigObject&gt;
    &lt;configurations&gt;
      &lt;entry&gt;
        &lt;string&gt;dpu_config&lt;/string&gt;
        &lt;string&gt;&amp;lt;object-stream&amp;gt;
  &amp;lt;cz.cuni.mff.xrg.uv.extractor.textholder.TextHolderConfig__V1&amp;gt;
    &amp;lt;fileName&amp;gt;triples.ttl&amp;lt;/fileName&amp;gt;
    &amp;lt;text&amp;gt;&amp;amp;lt;http://localhost/1&amp;amp;gt; &amp;amp;lt;&amp;amp;lt;http://localhost/value&amp;amp;gt; &amp;amp;quot;some text&amp;amp;quot;&amp;lt;/text&amp;gt;
  &amp;lt;/cz.cuni.mff.xrg.uv.extractor.textholder.TextHolderConfig__V1&amp;gt;
&amp;lt;/object-stream&amp;gt;&lt;/string&gt;
      &lt;/entry&gt;
    &lt;/configurations&gt;
  &lt;/MasterConfigObject&gt;
&lt;/object-stream&gt;</rawConf>
    <shareType>PUBLIC_RO</shareType>
    <type>EXTRACTOR</type>
    <useDPUDescription>false</useDPUDescription>
  </template>
  <template>
    <children class="org.eclipse.persistence.indirection.IndirectSet"/>
    <derivedDPUs class="org.eclipse.persistence.indirection.IndirectSet"/>
    <description></description>
    <jarDescription>Transform RDF graphs into files. (commit: 97bcdcfc24da88411cbdf61000756a1ab5ec9752, build timestamp: 2015-10-06 15:00)</jarDescription>
    <jarDirectory>uv-t-rdfToFiles</jarDirectory>
    <jarName>uv-t-rdfToFiles-2.1.4.jar</jarName>
    <menuName>uv-t-rdfToFiles</menuName>
    <name>uv-t-rdfToFiles</name>
    <rawConf>&lt;object-stream&gt;
  &lt;MasterConfigObject&gt;
    &lt;configurations&gt;
      &lt;entry&gt;
        &lt;string&gt;dpu_config&lt;/string&gt;
        &lt;string&gt;&amp;lt;object-stream&amp;gt;
  &amp;lt;eu.unifiedviews.plugins.transformer.rdftofiles.RdfToFilesConfig__V2&amp;gt;
    &amp;lt;outFileName&amp;gt;output&amp;lt;/outFileName&amp;gt;
    &amp;lt;rdfFileFormat&amp;gt;Turtle&amp;lt;/rdfFileFormat&amp;gt;
    &amp;lt;genGraphFile&amp;gt;true&amp;lt;/genGraphFile&amp;gt;
    &amp;lt;outGraphName&amp;gt;http://localhost/resource/output&amp;lt;/outGraphName&amp;gt;
  &amp;lt;/eu.unifiedviews.plugins.transformer.rdftofiles.RdfToFilesConfig__V2&amp;gt;
&amp;lt;/object-stream&amp;gt;&lt;/string&gt;
      &lt;/entry&gt;
    &lt;/configurations&gt;
  &lt;/MasterConfigObject&gt;
&lt;/object-stream&gt;</rawConf>
    <shareType>PUBLIC_RO</shareType>
    <type>TRANSFORMER</type>
    <useDPUDescription>false</useDPUDescription>
  </template>
  <template>
    <children class="org.eclipse.persistence.indirection.IndirectSet"/>
    <derivedDPUs class="org.eclipse.persistence.indirection.IndirectSet"/>
    <description></description>
    <jarDescription>Merge multiple input graphs into one new graph. (commit: 97bcdcfc24da88411cbdf61000756a1ab5ec9752, build timestamp: 2015-10-06 15:00)</jarDescription>
    <jarDirectory>uv-t-rdfGraphMerger</jarDirectory>
    <jarName>uv-t-rdfGraphMerger-1.0.1.jar</jarName>
    <menuName>uv-t-rdfGraphMerger</menuName>
    <name>uv-t-rdfGraphMerger</name>
    <rawConf>&lt;object-stream&gt;
  &lt;MasterConfigObject&gt;
    &lt;configurations&gt;
      &lt;entry&gt;
        &lt;string&gt;dpu_config&lt;/string&gt;
        &lt;string&gt;&amp;lt;object-stream&amp;gt;
  &amp;lt;eu.unifiedviews.plugins.transformer.rdfgraphmerger.RdfGraphMergerConfig__V1/&amp;gt;
&amp;lt;/object-stream&amp;gt;&lt;/string&gt;
      &lt;/entry&gt;
    &lt;/configurations&gt;
  &lt;/MasterConfigObject&gt;
&lt;/object-stream&gt;</rawConf>
    <shareType>PUBLIC_RO</shareType>
    <type>TRANSFORMER</type>
    <useDPUDescription>false</useDPUDescription>
  </template>
  <template>
    <children class="org.eclipse.persistence.indirection.IndirectSet"/>
    <derivedDPUs class="org.eclipse.persistence.indirection.IndirectSet"/>
    <description></description>
    <jarDescription>UnZip input file into files based on zip content. (commit: 97bcdcfc24da88411cbdf61000756a1ab5ec9752, build timestamp: 2015-10-06 15:00)</jarDescription>
    <jarDirectory>uv-t-unzipper</jarDirectory>
    <jarName>uv-t-unzipper-2.1.3.jar</jarName>
    <menuName>uv-t-unzipper</menuName>
    <name>uv-t-unzipper</name>
    <rawConf>&lt;object-stream&gt;
  &lt;MasterConfigObject&gt;
    &lt;configurations&gt;
      &lt;entry&gt;
        &lt;string&gt;dpu_config&lt;/string&gt;
        &lt;string&gt;&amp;lt;object-stream&amp;gt;
  &amp;lt;eu.unifiedviews.plugins.transformer.unzipper.UnZipperConfig__V1&amp;gt;
    &amp;lt;notPrefixed&amp;gt;false&amp;lt;/notPrefixed&amp;gt;
  &amp;lt;/eu.unifiedviews.plugins.transformer.unzipper.UnZipperConfig__V1&amp;gt;
&amp;lt;/object-stream&amp;gt;&lt;/string&gt;
      &lt;/entry&gt;
    &lt;/configurations&gt;
  &lt;/MasterConfigObject&gt;
&lt;/object-stream&gt;</rawConf>
    <shareType>PUBLIC_RO</shareType>
    <type>TRANSFORMER</type>
    <useDPUDescription>false</useDPUDescription>
  </template>
  <template>
    <children class="org.eclipse.persistence.indirection.IndirectSet"/>
    <derivedDPUs class="org.eclipse.persistence.indirection.IndirectSet"/>
    <description></description>
    <jarDescription>Extracts RDF data from Files (any file format) and adds them to RDF. (commit: 50d9f6359291bfd6c54ce94603a700c501fab986, build timestamp: 2016-01-13 18:36)</jarDescription>
    <jarDirectory>uv-t-filesToRdf</jarDirectory>
    <jarName>uv-t-filesToRdf-2.2.0.jar</jarName>
    <menuName>uv-t-filesToRdf</menuName>
    <name>uv-t-filesToRdf</name>
    <rawConf>&lt;object-stream&gt;
  &lt;MasterConfigObject&gt;
    &lt;configurations&gt;
      &lt;entry&gt;
        &lt;string&gt;dpu_config&lt;/string&gt;
        &lt;string&gt;&amp;lt;object-stream&amp;gt;
  &amp;lt;eu.unifiedviews.plugins.transformer.filestordft.FilesToRDFConfig__V1&amp;gt;
    &amp;lt;symbolicNameToBaseURIMap class=&amp;quot;linked-hash-map&amp;quot;/&amp;gt;
    &amp;lt;symbolicNameToFormatMap class=&amp;quot;linked-hash-map&amp;quot;/&amp;gt;
    &amp;lt;commitSize&amp;gt;100000&amp;lt;/commitSize&amp;gt;
    &amp;lt;fatalErrorHandling&amp;gt;STOP_EXTRACTION&amp;lt;/fatalErrorHandling&amp;gt;
    &amp;lt;errorHandling&amp;gt;SKIP_CONTINUE_THIS_FILE&amp;lt;/errorHandling&amp;gt;
    &amp;lt;warningHandling&amp;gt;SKIP_CONTINUE_THIS_FILE&amp;lt;/warningHandling&amp;gt;
    &amp;lt;outputNaming&amp;gt;USE_INPUT_GRAPH_NAME&amp;lt;/outputNaming&amp;gt;
  &amp;lt;/eu.unifiedviews.plugins.transformer.filestordft.FilesToRDFConfig__V1&amp;gt;
&amp;lt;/object-stream&amp;gt;&lt;/string&gt;
      &lt;/entry&gt;
    &lt;/configurations&gt;
  &lt;/MasterConfigObject&gt;
&lt;/object-stream&gt;</rawConf>
    <shareType>PUBLIC_RO</shareType>
    <type>TRANSFORMER</type>
    <useDPUDescription>false</useDPUDescription>
  </template>
  <template>
    <children class="org.eclipse.persistence.indirection.IndirectSet"/>
    <derivedDPUs class="org.eclipse.persistence.indirection.IndirectSet"/>
    <description></description>
    <jarDescription>Execute a single SPARQL update query. Does not support quads! (commit: 97bcdcfc24da88411cbdf61000756a1ab5ec9752, build timestamp: 2015-10-06 15:00)</jarDescription>
    <jarDirectory>uv-t-sparqlUpdate</jarDirectory>
    <jarName>uv-t-sparqlUpdate-2.1.4.jar</jarName>
    <menuName>uv-t-sparqlUpdate</menuName>
    <name>uv-t-sparqlUpdate</name>
    <rawConf>&lt;object-stream&gt;
  &lt;MasterConfigObject&gt;
    &lt;configurations&gt;
      &lt;entry&gt;
        &lt;string&gt;dpu_config&lt;/string&gt;
        &lt;string&gt;&amp;lt;object-stream&amp;gt;
  &amp;lt;cz.cuni.mff.xrg.uv.transformer.sparql.update.SparqlUpdateConfig__V1&amp;gt;
    &amp;lt;query&amp;gt;INSERT {?s ?p ?o} WHERE {?s ?p ?o}&amp;lt;/query&amp;gt;
    &amp;lt;perGraph&amp;gt;true&amp;lt;/perGraph&amp;gt;
  &amp;lt;/cz.cuni.mff.xrg.uv.transformer.sparql.update.SparqlUpdateConfig__V1&amp;gt;
&amp;lt;/object-stream&amp;gt;&lt;/string&gt;
      &lt;/entry&gt;
    &lt;/configurations&gt;
  &lt;/MasterConfigObject&gt;
&lt;/object-stream&gt;</rawConf>
    <shareType>PUBLIC_RO</shareType>
    <type>TRANSFORMER</type>
    <useDPUDescription>false</useDPUDescription>
  </template>
  <template>
    <children class="org.eclipse.persistence.indirection.IndirectSet"/>
    <derivedDPUs class="org.eclipse.persistence.indirection.IndirectSet"/>
    <description></description>
    <jarDescription>Enables designers to input dataset level metadata</jarDescription>
    <jarDirectory>E-DatasetMetadata</jarDirectory>
    <jarName>E-DatasetMetadata-2.0.4.jar</jarName>
    <menuName>E-DatasetMetadata</menuName>
    <name>E-DatasetMetadata</name>
    <rawConf>&lt;object-stream&gt;
  &lt;MasterConfigObject&gt;
    &lt;configurations&gt;
      &lt;entry&gt;
        &lt;string&gt;dpu_config&lt;/string&gt;
        &lt;string&gt;&amp;lt;object-stream&amp;gt;
  &amp;lt;cz.opendata.unifiedviews.dpus.datasetMetadata.DatasetMetadataConfig__V1&amp;gt;
    &amp;lt;datasetURI&amp;gt;&amp;lt;/datasetURI&amp;gt;
    &amp;lt;distributionURI&amp;gt;&amp;lt;/distributionURI&amp;gt;
    &amp;lt;useDatasetURIfromInput&amp;gt;true&amp;lt;/useDatasetURIfromInput&amp;gt;
    &amp;lt;language__orig&amp;gt;&amp;lt;/language__orig&amp;gt;
    &amp;lt;title__cs&amp;gt;&amp;lt;/title__cs&amp;gt;
    &amp;lt;title__en&amp;gt;&amp;lt;/title__en&amp;gt;
    &amp;lt;desc__cs&amp;gt;&amp;lt;/desc__cs&amp;gt;
    &amp;lt;desc__en&amp;gt;&amp;lt;/desc__en&amp;gt;
    &amp;lt;authors class=&amp;quot;linked-list&amp;quot;/&amp;gt;
    &amp;lt;publisherURI&amp;gt;http://opendata.cz&amp;lt;/publisherURI&amp;gt;
    &amp;lt;publisherName&amp;gt;Opendata.cz&amp;lt;/publisherName&amp;gt;
    &amp;lt;license&amp;gt;&amp;lt;/license&amp;gt;
    &amp;lt;sources class=&amp;quot;linked-list&amp;quot;/&amp;gt;
    &amp;lt;languages class=&amp;quot;linked-list&amp;quot;/&amp;gt;
    &amp;lt;keywords__orig class=&amp;quot;linked-list&amp;quot;/&amp;gt;
    &amp;lt;keywords__en class=&amp;quot;linked-list&amp;quot;/&amp;gt;
    &amp;lt;themes class=&amp;quot;linked-list&amp;quot;/&amp;gt;
    &amp;lt;contactPoint&amp;gt;&amp;lt;/contactPoint&amp;gt;
    &amp;lt;contactPointName&amp;gt;&amp;lt;/contactPointName&amp;gt;
    &amp;lt;periodicity&amp;gt;&amp;lt;/periodicity&amp;gt;
    &amp;lt;useNow&amp;gt;true&amp;lt;/useNow&amp;gt;
    &amp;lt;useNowTemporalEnd&amp;gt;false&amp;lt;/useNowTemporalEnd&amp;gt;
    &amp;lt;useTemporal&amp;gt;true&amp;lt;/useTemporal&amp;gt;
    &amp;lt;modified&amp;gt;2015-10-09 09:56:37.657 UTC&amp;lt;/modified&amp;gt;
    &amp;lt;issued&amp;gt;2015-10-09 09:56:37.657 UTC&amp;lt;/issued&amp;gt;
    &amp;lt;identifier&amp;gt;&amp;lt;/identifier&amp;gt;
    &amp;lt;landingPage&amp;gt;&amp;lt;/landingPage&amp;gt;
    &amp;lt;temporalEnd&amp;gt;2015-10-09 09:56:37.657 UTC&amp;lt;/temporalEnd&amp;gt;
    &amp;lt;temporalStart&amp;gt;2015-10-09 09:56:37.657 UTC&amp;lt;/temporalStart&amp;gt;
    &amp;lt;spatial&amp;gt;&amp;lt;/spatial&amp;gt;
    &amp;lt;schema&amp;gt;&amp;lt;/schema&amp;gt;
  &amp;lt;/cz.opendata.unifiedviews.dpus.datasetMetadata.DatasetMetadataConfig__V1&amp;gt;
&amp;lt;/object-stream&amp;gt;&lt;/string&gt;
      &lt;/entry&gt;
    &lt;/configurations&gt;
  &lt;/MasterConfigObject&gt;
&lt;/object-stream&gt;</rawConf>
    <shareType>PUBLIC_RO</shareType>
    <type>EXTRACTOR</type>
    <useDPUDescription>false</useDPUDescription>
  </template>
  <template>
    <children class="org.eclipse.persistence.indirection.IndirectSet"/>
    <derivedDPUs class="org.eclipse.persistence.indirection.IndirectSet"/>
    <description></description>
    <jarDescription>Execute a single SPARQL construct query. Does not support quads! (commit: 97bcdcfc24da88411cbdf61000756a1ab5ec9752, build timestamp: 2015-10-06 15:00)</jarDescription>
    <jarDirectory>uv-t-sparqlConstruct</jarDirectory>
    <jarName>uv-t-sparqlConstruct-2.1.4.jar</jarName>
    <menuName>uv-t-sparqlConstruct</menuName>
    <name>uv-t-sparqlConstruct</name>
    <rawConf>&lt;object-stream&gt;
  &lt;MasterConfigObject&gt;
    &lt;configurations&gt;
      &lt;entry&gt;
        &lt;string&gt;dpu_config&lt;/string&gt;
        &lt;string&gt;&amp;lt;object-stream&amp;gt;
  &amp;lt;cz.cuni.mff.xrg.uv.transformer.sparql.construct.SparqlConstructConfig__V1&amp;gt;
    &amp;lt;query&amp;gt;CONSTRUCT {?s ?p ?o} WHERE {?s ?p ?o}&amp;lt;/query&amp;gt;
    &amp;lt;perGraph&amp;gt;true&amp;lt;/perGraph&amp;gt;
  &amp;lt;/cz.cuni.mff.xrg.uv.transformer.sparql.construct.SparqlConstructConfig__V1&amp;gt;
&amp;lt;/object-stream&amp;gt;&lt;/string&gt;
      &lt;/entry&gt;
    &lt;/configurations&gt;
  &lt;/MasterConfigObject&gt;
&lt;/object-stream&gt;</rawConf>
    <shareType>PUBLIC_RO</shareType>
    <type>TRANSFORMER</type>
    <useDPUDescription>false</useDPUDescription>
  </template>
  <template>
    <children class="org.eclipse.persistence.indirection.IndirectSet"/>
    <derivedDPUs class="org.eclipse.persistence.indirection.IndirectSet"/>
    <description></description>
    <jarDescription>Downloads list of files. Replaces E-FilesFromLocal and E-HttpDownload. (commit: 97bcdcfc24da88411cbdf61000756a1ab5ec9752, build timestamp: 2015-10-06 15:00)</jarDescription>
    <jarDirectory>uv-e-filesDownload</jarDirectory>
    <jarName>uv-e-filesDownload-2.1.4.jar</jarName>
    <menuName>uv-e-filesDownload</menuName>
    <name>uv-e-filesDownload</name>
    <rawConf>&lt;object-stream&gt;
  &lt;MasterConfigObject&gt;
    &lt;configurations&gt;
      &lt;entry&gt;
        &lt;string&gt;dpu_config&lt;/string&gt;
        &lt;string&gt;&amp;lt;object-stream&amp;gt;
  &amp;lt;eu.unifiedviews.plugins.extractor.filesdownload.FilesDownloadConfig__V1&amp;gt;
    &amp;lt;vfsFiles class=&amp;quot;linked-list&amp;quot;/&amp;gt;
    &amp;lt;softFail&amp;gt;false&amp;lt;/softFail&amp;gt;
    &amp;lt;defaultTimeout&amp;gt;20000&amp;lt;/defaultTimeout&amp;gt;
    &amp;lt;ignoreTlsErrors&amp;gt;false&amp;lt;/ignoreTlsErrors&amp;gt;
  &amp;lt;/eu.unifiedviews.plugins.extractor.filesdownload.FilesDownloadConfig__V1&amp;gt;
&amp;lt;/object-stream&amp;gt;&lt;/string&gt;
      &lt;/entry&gt;
    &lt;/configurations&gt;
  &lt;/MasterConfigObject&gt;
&lt;/object-stream&gt;</rawConf>
    <shareType>PUBLIC_RO</shareType>
    <type>EXTRACTOR</type>
    <useDPUDescription>false</useDPUDescription>
  </template>
  <template>
    <children class="org.eclipse.persistence.indirection.IndirectSet"/>
    <derivedDPUs class="org.eclipse.persistence.indirection.IndirectSet"/>
    <description>Missing values status addition</description>
    <jarDescription>Execute a single SPARQL update query. Does not support quads! (commit: 97bcdcfc24da88411cbdf61000756a1ab5ec9752, build timestamp: 2015-10-06 15:00)</jarDescription>
    <jarDirectory>uv-t-sparqlUpdate</jarDirectory>
    <jarName>uv-t-sparqlUpdate-2.1.4.jar</jarName>
    <menuName>Missing values status addition</menuName>
    <name>Missing values status addition</name>
    <parent reference="../../template[7]"/>
    <rawConf>&lt;object-stream&gt;
  &lt;MasterConfigObject&gt;
    &lt;configurations&gt;
      &lt;entry&gt;
        &lt;string&gt;dpu_config&lt;/string&gt;
        &lt;string&gt;&amp;lt;object-stream&amp;gt;
  &amp;lt;cz.cuni.mff.xrg.uv.transformer.sparql.update.SparqlUpdateConfig__V1&amp;gt;
    &amp;lt;query&amp;gt;prefix obeu-measure: &amp;amp;lt;http://data.openbudgets.eu/ontology/dsd/measure/&amp;amp;gt; 
prefix qb: &amp;amp;lt;http://purl.org/linked-data/cube#&amp;amp;gt; 
prefix sdmx-attribute:  &amp;amp;lt;http://purl.org/linked-data/sdmx/2009/attribute#&amp;amp;gt; 
prefix sdmx-measure:    &amp;amp;lt;http://purl.org/linked-data/sdmx/2009/measure#&amp;amp;gt; 
prefix sdmx-metadata:   &amp;amp;lt;http://purl.org/linked-data/sdmx/2009/metadata#&amp;amp;gt; 
prefix sdmx-code:       &amp;amp;lt;http://purl.org/linked-data/sdmx/2009/code#&amp;amp;gt; 

INSERT {
?observation obeu-measure:amount 0.0 .
?observation sdmx-attribute:obsStatus sdmx-code:obsStatus-M.
}
 WHERE 
{
?observation a qb:Observation
filter not exists {?observation obeu-measure:amount ?amount .}
}&amp;lt;/query&amp;gt;
    &amp;lt;perGraph&amp;gt;true&amp;lt;/perGraph&amp;gt;
  &amp;lt;/cz.cuni.mff.xrg.uv.transformer.sparql.update.SparqlUpdateConfig__V1&amp;gt;
&amp;lt;/object-stream&amp;gt;&lt;/string&gt;
      &lt;/entry&gt;
      &lt;entry&gt;
        &lt;string&gt;addon/faultToleranceWrap&lt;/string&gt;
        &lt;string&gt;&amp;lt;object-stream&amp;gt;
  &amp;lt;eu.unifiedviews.helpers.dpu.extension.faulttolerance.FaultTolerance_-Configuration__V1&amp;gt;
    &amp;lt;enabled&amp;gt;false&amp;lt;/enabled&amp;gt;
    &amp;lt;exceptionNames class=&amp;quot;linked-list&amp;quot;/&amp;gt;
    &amp;lt;maxRetryCount&amp;gt;-1&amp;lt;/maxRetryCount&amp;gt;
  &amp;lt;/eu.unifiedviews.helpers.dpu.extension.faulttolerance.FaultTolerance_-Configuration__V1&amp;gt;
&amp;lt;/object-stream&amp;gt;&lt;/string&gt;
      &lt;/entry&gt;
    &lt;/configurations&gt;
  &lt;/MasterConfigObject&gt;
&lt;/object-stream&gt;</rawConf>
    <shareType>PRIVATE</shareType>
    <type>TRANSFORMER</type>
    <useDPUDescription>false</useDPUDescription>
  </template>
  <template>
    <children class="org.eclipse.persistence.indirection.IndirectSet"/>
    <derivedDPUs class="org.eclipse.persistence.indirection.IndirectSet"/>
    <description>Multi white space remover</description>
    <jarDescription>Execute a single SPARQL update query. Does not support quads! (commit: 97bcdcfc24da88411cbdf61000756a1ab5ec9752, build timestamp: 2015-10-06 15:00)</jarDescription>
    <jarDirectory>uv-t-sparqlUpdate</jarDirectory>
    <jarName>uv-t-sparqlUpdate-2.1.4.jar</jarName>
    <menuName>Mutli white space remover</menuName>
    <name>Mutli white space remover</name>
    <parent reference="../../template[7]"/>
    <rawConf>&lt;object-stream&gt;
  &lt;MasterConfigObject&gt;
    &lt;configurations&gt;
      &lt;entry&gt;
        &lt;string&gt;dpu_config&lt;/string&gt;
        &lt;string&gt;&amp;lt;object-stream&amp;gt;
  &amp;lt;cz.cuni.mff.xrg.uv.transformer.sparql.update.SparqlUpdateConfig__V1&amp;gt;
    &amp;lt;query&amp;gt;prefix my-prop: &amp;amp;lt;http://data.openbudgets.eu/resource/dataset/budget-athens-expenditure-2014/slice/&amp;amp;gt;

delete 
{
?s my-prop:col2 ?multispace.
} 
INSERT
{
?s my-prop:col2 ?singlespace.
}
WHERE
{
?s my-prop:col2 ?multispace .
FILTER (regex(?multispace,&amp;amp;quot;  +&amp;amp;quot;)) 
BIND (replace(?multispace,&amp;amp;quot;  +&amp;amp;quot;,&amp;amp;quot; &amp;amp;quot;) as ?singlespace)
}&amp;lt;/query&amp;gt;
    &amp;lt;perGraph&amp;gt;true&amp;lt;/perGraph&amp;gt;
  &amp;lt;/cz.cuni.mff.xrg.uv.transformer.sparql.update.SparqlUpdateConfig__V1&amp;gt;
&amp;lt;/object-stream&amp;gt;&lt;/string&gt;
      &lt;/entry&gt;
      &lt;entry&gt;
        &lt;string&gt;addon/faultToleranceWrap&lt;/string&gt;
        &lt;string&gt;&amp;lt;object-stream&amp;gt;
  &amp;lt;eu.unifiedviews.helpers.dpu.extension.faulttolerance.FaultTolerance_-Configuration__V1&amp;gt;
    &amp;lt;enabled&amp;gt;false&amp;lt;/enabled&amp;gt;
    &amp;lt;exceptionNames class=&amp;quot;linked-list&amp;quot;/&amp;gt;
    &amp;lt;maxRetryCount&amp;gt;-1&amp;lt;/maxRetryCount&amp;gt;
  &amp;lt;/eu.unifiedviews.helpers.dpu.extension.faulttolerance.FaultTolerance_-Configuration__V1&amp;gt;
&amp;lt;/object-stream&amp;gt;&lt;/string&gt;
      &lt;/entry&gt;
    &lt;/configurations&gt;
  &lt;/MasterConfigObject&gt;
&lt;/object-stream&gt;</rawConf>
    <shareType>PRIVATE</shareType>
    <type>TRANSFORMER</type>
    <useDPUDescription>false</useDPUDescription>
  </template>
  <template>
    <children class="org.eclipse.persistence.indirection.IndirectSet"/>
    <derivedDPUs class="org.eclipse.persistence.indirection.IndirectSet"/>
    <description></description>
    <jarDescription>Convert tabular data into rdf data. (commit: 97bcdcfc24da88411cbdf61000756a1ab5ec9752, build timestamp: 2015-10-06 15:00)</jarDescription>
    <jarDirectory>uv-t-tabular</jarDirectory>
    <jarName>uv-t-tabular-2.3.0.jar</jarName>
    <menuName>uv-t-tabular</menuName>
    <name>uv-t-tabular</name>
    <rawConf>&lt;object-stream&gt;
  &lt;MasterConfigObject&gt;
    &lt;configurations&gt;
      &lt;entry&gt;
        &lt;string&gt;dpu_config&lt;/string&gt;
        &lt;string&gt;&amp;lt;object-stream&amp;gt;
  &amp;lt;cz.cuni.mff.xrg.uv.transformer.tabular.TabularConfig__V2&amp;gt;
    &amp;lt;baseURI&amp;gt;http://localhost&amp;lt;/baseURI&amp;gt;
    &amp;lt;columnsInfo class=&amp;quot;linked-hash-map&amp;quot;/&amp;gt;
    &amp;lt;columnsInfoAdv class=&amp;quot;linked-list&amp;quot;/&amp;gt;
    &amp;lt;namedCells class=&amp;quot;linked-list&amp;quot;/&amp;gt;
    &amp;lt;quoteChar&amp;gt;&amp;amp;quot;&amp;lt;/quoteChar&amp;gt;
    &amp;lt;delimiterChar&amp;gt;,&amp;lt;/delimiterChar&amp;gt;
    &amp;lt;linesToIgnore&amp;gt;0&amp;lt;/linesToIgnore&amp;gt;
    &amp;lt;encoding&amp;gt;UTF-8&amp;lt;/encoding&amp;gt;
    &amp;lt;tableType&amp;gt;CSV&amp;lt;/tableType&amp;gt;
    &amp;lt;hasHeader&amp;gt;true&amp;lt;/hasHeader&amp;gt;
    &amp;lt;generateNew&amp;gt;true&amp;lt;/generateNew&amp;gt;
    &amp;lt;ignoreBlankCells&amp;gt;false&amp;lt;/ignoreBlankCells&amp;gt;
    &amp;lt;advancedKeyColumn&amp;gt;false&amp;lt;/advancedKeyColumn&amp;gt;
    &amp;lt;rowsClass&amp;gt;http://unifiedviews.eu/ontology/t-tabular/Row&amp;lt;/rowsClass&amp;gt;
    &amp;lt;staticRowCounter&amp;gt;false&amp;lt;/staticRowCounter&amp;gt;
    &amp;lt;generateRowTriple&amp;gt;true&amp;lt;/generateRowTriple&amp;gt;
    &amp;lt;useTableSubject&amp;gt;false&amp;lt;/useTableSubject&amp;gt;
    &amp;lt;autoAsStrings&amp;gt;false&amp;lt;/autoAsStrings&amp;gt;
    &amp;lt;generateTableClass&amp;gt;false&amp;lt;/generateTableClass&amp;gt;
    &amp;lt;generateLabels&amp;gt;false&amp;lt;/generateLabels&amp;gt;
    &amp;lt;stripHeader&amp;gt;false&amp;lt;/stripHeader&amp;gt;
    &amp;lt;dbfTrimString&amp;gt;false&amp;lt;/dbfTrimString&amp;gt;
    &amp;lt;xlsAdvancedDoubleParser&amp;gt;false&amp;lt;/xlsAdvancedDoubleParser&amp;gt;
    &amp;lt;ignoreMissingColumn&amp;gt;false&amp;lt;/ignoreMissingColumn&amp;gt;
  &amp;lt;/cz.cuni.mff.xrg.uv.transformer.tabular.TabularConfig__V2&amp;gt;
&amp;lt;/object-stream&amp;gt;&lt;/string&gt;
      &lt;/entry&gt;
    &lt;/configurations&gt;
  &lt;/MasterConfigObject&gt;
&lt;/object-stream&gt;</rawConf>
    <shareType>PUBLIC_RO</shareType>
    <type>TRANSFORMER</type>
    <useDPUDescription>false</useDPUDescription>
  </template>
</list>