<cz.cuni.mff.xrg.odcs.commons.app.pipeline.Pipeline>
  <description>Budget nomenclature in EU budget 2014</description>
  <graph>
    <edges>
      <cz.cuni.mff.xrg.odcs.commons.app.pipeline.graph.Edge>
        <from>
          <dpuInstance>
            <description></description>
            <menuName>uv-e-filesDownload</menuName>
            <name>uv-e-filesDownload</name>
            <rawConf>&lt;object-stream&gt;
  &lt;MasterConfigObject&gt;
    &lt;configurations&gt;
      &lt;entry&gt;
        &lt;string&gt;dpu_config&lt;/string&gt;
        &lt;string&gt;&amp;lt;object-stream&amp;gt;
  &amp;lt;eu.unifiedviews.plugins.extractor.filesdownload.FilesDownloadConfig__V1&amp;gt;
    &amp;lt;vfsFiles&amp;gt;
      &amp;lt;eu.unifiedviews.plugins.extractor.filesdownload.VfsFile&amp;gt;
        &amp;lt;uri&amp;gt;http://eur-lex.europa.eu/budget/data/General/2014/en/Final-budget-2014-EN.zip&amp;lt;/uri&amp;gt;
        &amp;lt;username&amp;gt;&amp;lt;/username&amp;gt;
        &amp;lt;password&amp;gt;&amp;lt;/password&amp;gt;
        &amp;lt;fileName&amp;gt;&amp;lt;/fileName&amp;gt;
      &amp;lt;/eu.unifiedviews.plugins.extractor.filesdownload.VfsFile&amp;gt;
    &amp;lt;/vfsFiles&amp;gt;
    &amp;lt;softFail&amp;gt;false&amp;lt;/softFail&amp;gt;
  &amp;lt;/eu.unifiedviews.plugins.extractor.filesdownload.FilesDownloadConfig__V1&amp;gt;
&amp;lt;/object-stream&amp;gt;&lt;/string&gt;
      &lt;/entry&gt;
      &lt;entry&gt;
        &lt;string&gt;addon/faultToleranceWrap&lt;/string&gt;
        &lt;string&gt;&amp;lt;object-stream&amp;gt;
  &amp;lt;eu.unifiedviews.helpers.dpu.extension.faulttolerance.FaultTolerance_-Configuration__V1&amp;gt;
    &amp;lt;enabled&amp;gt;true&amp;lt;/enabled&amp;gt;
    &amp;lt;exceptionNames class=&amp;quot;linked-list&amp;quot;/&amp;gt;
    &amp;lt;maxRetryCount&amp;gt;-1&amp;lt;/maxRetryCount&amp;gt;
  &amp;lt;/eu.unifiedviews.helpers.dpu.extension.faulttolerance.FaultTolerance_-Configuration__V1&amp;gt;
&amp;lt;/object-stream&amp;gt;&lt;/string&gt;
      &lt;/entry&gt;
    &lt;/configurations&gt;
  &lt;/MasterConfigObject&gt;
&lt;/object-stream&gt;</rawConf>
            <template>
              <description></description>
              <jarName>uv-e-filesDownload-2.1.5.jar</jarName>
              <menuName>uv-e-filesDownload</menuName>
              <name>uv-e-filesDownload</name>
              <rawConf>&lt;object-stream&gt;
  &lt;MasterConfigObject&gt;
    &lt;configurations&gt;
      &lt;entry&gt;
        &lt;string&gt;dpu_config&lt;/string&gt;
        &lt;string&gt;&amp;lt;object-stream&amp;gt;
  &amp;lt;eu.unifiedviews.plugins.extractor.filesdownload.FilesDownloadConfig__V1&amp;gt;
    &amp;lt;vfsFiles class=&amp;quot;linked-list&amp;quot;/&amp;gt;
    &amp;lt;softFail&amp;gt;false&amp;lt;/softFail&amp;gt;
  &amp;lt;/eu.unifiedviews.plugins.extractor.filesdownload.FilesDownloadConfig__V1&amp;gt;
&amp;lt;/object-stream&amp;gt;&lt;/string&gt;
      &lt;/entry&gt;
    &lt;/configurations&gt;
  &lt;/MasterConfigObject&gt;
&lt;/object-stream&gt;</rawConf>
              <useDPUDescription>false</useDPUDescription>
            </template>
            <useDPUDescription>false</useDPUDescription>
            <useTemplateConfig>false</useTemplateConfig>
          </dpuInstance>
          <graph reference="../../../.."/>
          <position>
            <x>198</x>
            <y>34</y>
          </position>
        </from>
        <graph reference="../../.."/>
        <script>output -&gt; input;</script>
        <to>
          <dpuInstance>
            <description></description>
            <menuName>uv-t-unzipper</menuName>
            <name>uv-t-unzipper</name>
            <rawConf>&lt;object-stream&gt;
  &lt;MasterConfigObject&gt;
    &lt;configurations&gt;
      &lt;entry&gt;
        &lt;string&gt;dpu_config&lt;/string&gt;
        &lt;string&gt;&amp;lt;object-stream&amp;gt;
  &amp;lt;eu.unifiedviews.plugins.transformer.unzipper.UnZipperConfig__V1&amp;gt;
    &amp;lt;notPrefixed&amp;gt;false&amp;lt;/notPrefixed&amp;gt;
  &amp;lt;/eu.unifiedviews.plugins.transformer.unzipper.UnZipperConfig__V1&amp;gt;
&amp;lt;/object-stream&amp;gt;&lt;/string&gt;
      &lt;/entry&gt;
    &lt;/configurations&gt;
  &lt;/MasterConfigObject&gt;
&lt;/object-stream&gt;</rawConf>
            <template>
              <description></description>
              <jarName>uv-t-unzipper-2.1.2-SNAPSHOT.jar</jarName>
              <menuName>uv-t-unzipper</menuName>
              <name>uv-t-unzipper</name>
              <rawConf>&lt;object-stream&gt;
  &lt;MasterConfigObject&gt;
    &lt;configurations&gt;
      &lt;entry&gt;
        &lt;string&gt;dpu_config&lt;/string&gt;
        &lt;string&gt;&amp;lt;object-stream&amp;gt;
  &amp;lt;eu.unifiedviews.plugins.transformer.unzipper.UnZipperConfig__V1&amp;gt;
    &amp;lt;notPrefixed&amp;gt;false&amp;lt;/notPrefixed&amp;gt;
  &amp;lt;/eu.unifiedviews.plugins.transformer.unzipper.UnZipperConfig__V1&amp;gt;
&amp;lt;/object-stream&amp;gt;&lt;/string&gt;
      &lt;/entry&gt;
    &lt;/configurations&gt;
  &lt;/MasterConfigObject&gt;
&lt;/object-stream&gt;</rawConf>
              <useDPUDescription>false</useDPUDescription>
            </template>
            <useDPUDescription>false</useDPUDescription>
            <useTemplateConfig>false</useTemplateConfig>
          </dpuInstance>
          <graph reference="../../../.."/>
          <position>
            <x>367</x>
            <y>33</y>
          </position>
        </to>
      </cz.cuni.mff.xrg.odcs.commons.app.pipeline.graph.Edge>
      <cz.cuni.mff.xrg.odcs.commons.app.pipeline.graph.Edge>
        <from reference="../../cz.cuni.mff.xrg.odcs.commons.app.pipeline.graph.Edge/to"/>
        <graph reference="../../.."/>
        <script>output -&gt; input;</script>
        <to>
          <dpuInstance>
            <description>Filter budget data</description>
            <menuName>uv-t-filesFilter</menuName>
            <name>uv-t-filesFilter</name>
            <rawConf>&lt;object-stream&gt;
  &lt;MasterConfigObject&gt;
    &lt;configurations&gt;
      &lt;entry&gt;
        &lt;string&gt;dpu_config&lt;/string&gt;
        &lt;string&gt;&amp;lt;object-stream&amp;gt;
  &amp;lt;eu.unifiedviews.plugins.transformer.filesfilter.FilesFilterConfig__V1&amp;gt;
    &amp;lt;predicate&amp;gt;FIXED_SYMBOLIC_NAME&amp;lt;/predicate&amp;gt;
    &amp;lt;object&amp;gt;^.*c!SEC.*\\.xml$&amp;lt;/object&amp;gt;
    &amp;lt;useRegExp&amp;gt;true&amp;lt;/useRegExp&amp;gt;
  &amp;lt;/eu.unifiedviews.plugins.transformer.filesfilter.FilesFilterConfig__V1&amp;gt;
&amp;lt;/object-stream&amp;gt;&lt;/string&gt;
      &lt;/entry&gt;
      &lt;entry&gt;
        &lt;string&gt;addon/faultToleranceWrap&lt;/string&gt;
        &lt;string&gt;&amp;lt;object-stream&amp;gt;
  &amp;lt;eu.unifiedviews.helpers.dpu.extension.faulttolerance.FaultTolerance_-Configuration__V1&amp;gt;
    &amp;lt;enabled&amp;gt;false&amp;lt;/enabled&amp;gt;
    &amp;lt;exceptionNames class=&amp;quot;linked-list&amp;quot;/&amp;gt;
    &amp;lt;maxRetryCount&amp;gt;-1&amp;lt;/maxRetryCount&amp;gt;
  &amp;lt;/eu.unifiedviews.helpers.dpu.extension.faulttolerance.FaultTolerance_-Configuration__V1&amp;gt;
&amp;lt;/object-stream&amp;gt;&lt;/string&gt;
      &lt;/entry&gt;
    &lt;/configurations&gt;
  &lt;/MasterConfigObject&gt;
&lt;/object-stream&gt;</rawConf>
            <template>
              <description></description>
              <jarName>uv-t-filesFilter-2.1.4-SNAPSHOT.jar</jarName>
              <menuName>uv-t-filesFilter</menuName>
              <name>uv-t-filesFilter</name>
              <rawConf>&lt;object-stream&gt;
  &lt;MasterConfigObject&gt;
    &lt;configurations&gt;
      &lt;entry&gt;
        &lt;string&gt;dpu_config&lt;/string&gt;
        &lt;string&gt;&amp;lt;object-stream&amp;gt;
  &amp;lt;eu.unifiedviews.plugins.transformer.filesfilter.FilesFilterConfig__V1&amp;gt;
    &amp;lt;predicate&amp;gt;FIXED_SYMBOLIC_NAME&amp;lt;/predicate&amp;gt;
    &amp;lt;object&amp;gt;.*&amp;lt;/object&amp;gt;
    &amp;lt;useRegExp&amp;gt;true&amp;lt;/useRegExp&amp;gt;
  &amp;lt;/eu.unifiedviews.plugins.transformer.filesfilter.FilesFilterConfig__V1&amp;gt;
&amp;lt;/object-stream&amp;gt;&lt;/string&gt;
      &lt;/entry&gt;
    &lt;/configurations&gt;
  &lt;/MasterConfigObject&gt;
&lt;/object-stream&gt;</rawConf>
              <useDPUDescription>false</useDPUDescription>
            </template>
            <useDPUDescription>false</useDPUDescription>
            <useTemplateConfig>false</useTemplateConfig>
          </dpuInstance>
          <graph reference="../../../.."/>
          <position>
            <x>532</x>
            <y>30</y>
          </position>
        </to>
      </cz.cuni.mff.xrg.odcs.commons.app.pipeline.graph.Edge>
      <cz.cuni.mff.xrg.odcs.commons.app.pipeline.graph.Edge>
        <from reference="../../cz.cuni.mff.xrg.odcs.commons.app.pipeline.graph.Edge[2]/to"/>
        <graph reference="../../.."/>
        <script>output -&gt; filesInput;</script>
        <to>
          <dpuInstance>
            <description>EU budget nomenclature</description>
            <menuName>uv-t-xslt</menuName>
            <name>uv-t-xslt</name>
            <rawConf>&lt;object-stream&gt;
  &lt;MasterConfigObject&gt;
    &lt;configurations&gt;
      &lt;entry&gt;
        &lt;string&gt;dpu_config&lt;/string&gt;
        &lt;string&gt;&amp;lt;object-stream&amp;gt;
  &amp;lt;cz.cuni.mff.xrg.uv.transformer.xslt.XsltConfig__V2&amp;gt;
    &amp;lt;xsltTemplate&amp;gt;&amp;amp;lt;?xml version=&amp;amp;quot;1.0&amp;amp;quot; encoding=&amp;amp;quot;UTF-8&amp;amp;quot;?&amp;amp;gt;
&amp;amp;lt;!DOCTYPE xsl:stylesheet [
    &amp;amp;lt;!ENTITY xsd   &amp;amp;quot;http://www.w3.org/2001/XMLSchema#&amp;amp;quot;&amp;amp;gt;
]&amp;amp;gt;
&amp;amp;lt;xsl:stylesheet
    xmlns:dcterms=&amp;amp;quot;http://purl.org/dc/terms/&amp;amp;quot;
    xmlns:f=&amp;amp;quot;http://opendata.cz/xslt/functions#&amp;amp;quot;
    xmlns:eu=&amp;amp;quot;http://data.openbudgets.eu/ontology/budget-of-the-european-union/&amp;amp;quot;
    xmlns:rdf=&amp;amp;quot;http://www.w3.org/1999/02/22-rdf-syntax-ns#&amp;amp;quot;
    xmlns:rdfs=&amp;amp;quot;http://www.w3.org/2000/01/rdf-schema#&amp;amp;quot;
    xmlns:skos=&amp;amp;quot;http://www.w3.org/2004/02/skos/core#&amp;amp;quot;
    xmlns:xsd=&amp;amp;quot;http://www.w3.org/2001/XMLSchema&amp;amp;quot;
    xmlns:xsl=&amp;amp;quot;http://www.w3.org/1999/XSL/Transform&amp;amp;quot;
    exclude-result-prefixes=&amp;amp;quot;f xsd&amp;amp;quot;
    version=&amp;amp;quot;2.0&amp;amp;quot;&amp;amp;gt;
    
    &amp;amp;lt;!-- Parameters --&amp;amp;gt;
    
    &amp;amp;lt;xsl:param name=&amp;amp;quot;conceptScheme&amp;amp;quot;&amp;amp;gt;http://data.openbudgets.eu/resource/dataset/budget-of-the-european-union-2014/codelist/eu-budget-nomenclature-2014&amp;amp;lt;/xsl:param&amp;amp;gt;
    
    &amp;amp;lt;!-- Functions --&amp;amp;gt;
    
    &amp;amp;lt;!-- Casts a xsd:date to xsd:dateTime --&amp;amp;gt;
    &amp;amp;lt;xsl:function name=&amp;amp;quot;f:dateToDateTime&amp;amp;quot; as=&amp;amp;quot;xsd:dateTime&amp;amp;quot;&amp;amp;gt;
        &amp;amp;lt;xsl:param name=&amp;amp;quot;date&amp;amp;quot; as=&amp;amp;quot;xsd:date&amp;amp;quot;/&amp;amp;gt;
        &amp;amp;lt;xsl:value-of select=&amp;amp;quot;concat($date, &amp;amp;apos;T00:00:00Z&amp;amp;apos;)&amp;amp;quot;/&amp;amp;gt;
    &amp;amp;lt;/xsl:function&amp;amp;gt;
    
    &amp;amp;lt;!-- Mints a new URI in namespace $ns for instance of $class identified with $key. --&amp;amp;gt;
    &amp;amp;lt;xsl:function name=&amp;amp;quot;f:getInstanceUri&amp;amp;quot; as=&amp;amp;quot;xsd:anyURI&amp;amp;quot;&amp;amp;gt;
        &amp;amp;lt;xsl:param name=&amp;amp;quot;key&amp;amp;quot; as=&amp;amp;quot;xsd:string&amp;amp;quot;/&amp;amp;gt;
        &amp;amp;lt;xsl:value-of select=&amp;amp;quot;concat($conceptScheme, &amp;amp;apos;/&amp;amp;apos;, f:slugify($key))&amp;amp;quot;/&amp;amp;gt;
    &amp;amp;lt;/xsl:function&amp;amp;gt;
    
    &amp;amp;lt;!-- Converts camelCase $text into kebab-case. --&amp;amp;gt;
    &amp;amp;lt;xsl:function name=&amp;amp;quot;f:kebabCase&amp;amp;quot; as=&amp;amp;quot;xsd:string&amp;amp;quot;&amp;amp;gt;
        &amp;amp;lt;xsl:param name=&amp;amp;quot;text&amp;amp;quot; as=&amp;amp;quot;xsd:string&amp;amp;quot;/&amp;amp;gt;
        &amp;amp;lt;xsl:value-of select=&amp;amp;quot;f:slugify(replace($text, &amp;amp;apos;(\p{Ll})(\p{Lu})&amp;amp;apos;, &amp;amp;apos;$1-$2&amp;amp;apos;))&amp;amp;quot;/&amp;amp;gt;
    &amp;amp;lt;/xsl:function&amp;amp;gt;
    
    &amp;amp;lt;!-- Converts $text into URI-safe slug. --&amp;amp;gt;
    &amp;amp;lt;xsl:function name=&amp;amp;quot;f:slugify&amp;amp;quot; as=&amp;amp;quot;xsd:anyURI&amp;amp;quot;&amp;amp;gt;
        &amp;amp;lt;xsl:param name=&amp;amp;quot;text&amp;amp;quot; as=&amp;amp;quot;xsd:string&amp;amp;quot;/&amp;amp;gt;
        &amp;amp;lt;xsl:value-of select=&amp;amp;quot;encode-for-uri(translate(replace(lower-case(normalize-unicode($text, &amp;amp;apos;NFKD&amp;amp;apos;)), &amp;amp;apos;\P{IsBasicLatin}&amp;amp;apos;, &amp;amp;apos;&amp;amp;apos;), &amp;amp;apos; &amp;amp;apos;, &amp;amp;apos;-&amp;amp;apos;))&amp;amp;quot; /&amp;amp;gt;
    &amp;amp;lt;/xsl:function&amp;amp;gt;
    
    &amp;amp;lt;!-- Output --&amp;amp;gt;
    
    &amp;amp;lt;xsl:output encoding=&amp;amp;quot;UTF-8&amp;amp;quot; indent=&amp;amp;quot;yes&amp;amp;quot; method=&amp;amp;quot;xml&amp;amp;quot; normalization-form=&amp;amp;quot;NFC&amp;amp;quot; /&amp;amp;gt;
    &amp;amp;lt;xsl:strip-space elements=&amp;amp;quot;*&amp;amp;quot;/&amp;amp;gt;
    
    &amp;amp;lt;!-- Templates --&amp;amp;gt;
    
    &amp;amp;lt;xsl:template match=&amp;amp;quot;/&amp;amp;quot;&amp;amp;gt;
        &amp;amp;lt;rdf:RDF&amp;amp;gt;
            &amp;amp;lt;skos:ConceptScheme rdf:about=&amp;amp;quot;{$conceptScheme}&amp;amp;quot;&amp;amp;gt;
                &amp;amp;lt;rdfs:label xml:lang=&amp;amp;quot;en&amp;amp;quot;&amp;amp;gt;Activity-based budget nomenclature 2014&amp;amp;lt;/rdfs:label&amp;amp;gt;
            &amp;amp;lt;/skos:ConceptScheme&amp;amp;gt;
            &amp;amp;lt;xsl:apply-templates/&amp;amp;gt;
        &amp;amp;lt;/rdf:RDF&amp;amp;gt;
    &amp;amp;lt;/xsl:template&amp;amp;gt;
    
    &amp;amp;lt;xsl:template match=&amp;amp;quot;nmc-expenditure&amp;amp;quot;&amp;amp;gt;
        &amp;amp;lt;xsl:variable name=&amp;amp;quot;sectionNumber&amp;amp;quot;&amp;amp;gt;
            &amp;amp;lt;xsl:analyze-string select=&amp;amp;quot;tokenize(base-uri(), &amp;amp;apos;/&amp;amp;apos;)[last()]&amp;amp;quot; regex=&amp;amp;quot;SEC(\d+)&amp;amp;quot;&amp;amp;gt;
                &amp;amp;lt;xsl:matching-substring&amp;amp;gt;&amp;amp;lt;xsl:value-of select=&amp;amp;quot;regex-group(1)&amp;amp;quot;/&amp;amp;gt;&amp;amp;lt;/xsl:matching-substring&amp;amp;gt;
            &amp;amp;lt;/xsl:analyze-string&amp;amp;gt;
        &amp;amp;lt;/xsl:variable&amp;amp;gt;
        &amp;amp;lt;skos:Concept rdf:about=&amp;amp;quot;{f:getInstanceUri(concat(&amp;amp;apos;section-&amp;amp;apos;, $sectionNumber))}&amp;amp;quot;&amp;amp;gt;
            &amp;amp;lt;skos:notation&amp;amp;gt;&amp;amp;lt;xsl:value-of select=&amp;amp;quot;$sectionNumber&amp;amp;quot;/&amp;amp;gt;&amp;amp;lt;/skos:notation&amp;amp;gt;
            &amp;amp;lt;xsl:call-template name=&amp;amp;quot;conceptScheme&amp;amp;quot;/&amp;amp;gt;
            &amp;amp;lt;xsl:apply-templates select=&amp;amp;quot;*[starts-with(name(), &amp;amp;apos;nmc-&amp;amp;apos;)]&amp;amp;quot;&amp;amp;gt;
                &amp;amp;lt;xsl:with-param name=&amp;amp;quot;sectionNumber&amp;amp;quot; select=&amp;amp;quot;$sectionNumber&amp;amp;quot; tunnel=&amp;amp;quot;yes&amp;amp;quot;/&amp;amp;gt;
            &amp;amp;lt;/xsl:apply-templates&amp;amp;gt;
        &amp;amp;lt;/skos:Concept&amp;amp;gt;
    &amp;amp;lt;/xsl:template&amp;amp;gt;
    
    &amp;amp;lt;xsl:template match=&amp;amp;quot;nmc-title|nmc-chapter|nmc-article|nmc-heading|nmc-item|nmc-subitem&amp;amp;quot;&amp;amp;gt;
        &amp;amp;lt;xsl:param name=&amp;amp;quot;sectionNumber&amp;amp;quot; tunnel=&amp;amp;quot;yes&amp;amp;quot;/&amp;amp;gt;
        &amp;amp;lt;xsl:variable name=&amp;amp;quot;notation&amp;amp;quot; select=&amp;amp;quot;@alias&amp;amp;quot;/&amp;amp;gt;
        &amp;amp;lt;xsl:variable name=&amp;amp;quot;level&amp;amp;quot; select=&amp;amp;quot;substring-after(name(), &amp;amp;apos;nmc-&amp;amp;apos;)&amp;amp;quot;/&amp;amp;gt;
        &amp;amp;lt;skos:narrower&amp;amp;gt;
            &amp;amp;lt;skos:Concept rdf:about=&amp;amp;quot;{concat($conceptScheme, &amp;amp;apos;/&amp;amp;apos;, $sectionNumber, &amp;amp;apos;-&amp;amp;apos;, $level, &amp;amp;apos;-&amp;amp;apos;, f:slugify($notation))}&amp;amp;quot;&amp;amp;gt;
                &amp;amp;lt;xsl:call-template name=&amp;amp;quot;conceptScheme&amp;amp;quot;/&amp;amp;gt;
                &amp;amp;lt;skos:notation&amp;amp;gt;&amp;amp;lt;xsl:value-of select=&amp;amp;quot;$notation&amp;amp;quot;/&amp;amp;gt;&amp;amp;lt;/skos:notation&amp;amp;gt;
                &amp;amp;lt;xsl:apply-templates select=&amp;amp;quot;*[starts-with(name(), &amp;amp;apos;bud-&amp;amp;apos;)]&amp;amp;quot;/&amp;amp;gt;
                &amp;amp;lt;xsl:apply-templates select=&amp;amp;quot;*[starts-with(name(), &amp;amp;apos;nmc-&amp;amp;apos;)]&amp;amp;quot;/&amp;amp;gt;
            &amp;amp;lt;/skos:Concept&amp;amp;gt;
        &amp;amp;lt;/skos:narrower&amp;amp;gt;
    &amp;amp;lt;/xsl:template&amp;amp;gt;
    
    &amp;amp;lt;xsl:template match=&amp;amp;quot;bud-heading/p&amp;amp;quot;&amp;amp;gt;
        &amp;amp;lt;skos:prefLabel&amp;amp;gt;
            &amp;amp;lt;xsl:if test=&amp;amp;quot;@lang&amp;amp;quot;&amp;amp;gt;
                &amp;amp;lt;xsl:attribute name=&amp;amp;quot;xml:lang&amp;amp;quot; select=&amp;amp;quot;@lang&amp;amp;quot;/&amp;amp;gt;
            &amp;amp;lt;/xsl:if&amp;amp;gt;
            &amp;amp;lt;xsl:value-of select=&amp;amp;quot;normalize-space(.)&amp;amp;quot;/&amp;amp;gt;
        &amp;amp;lt;/skos:prefLabel&amp;amp;gt;
    &amp;amp;lt;/xsl:template&amp;amp;gt;
    
    &amp;amp;lt;xsl:template match=&amp;amp;quot;bud-remark[*]&amp;amp;quot;&amp;amp;gt;
        &amp;amp;lt;rdfs:comment rdf:parseType=&amp;amp;quot;Literal&amp;amp;quot;&amp;amp;gt;
            &amp;amp;lt;xsl:copy-of select=&amp;amp;quot;*&amp;amp;quot;/&amp;amp;gt;
        &amp;amp;lt;/rdfs:comment&amp;amp;gt;
    &amp;amp;lt;/xsl:template&amp;amp;gt;
    
    &amp;amp;lt;xsl:template match=&amp;amp;quot;bud-legal[*]&amp;amp;quot;&amp;amp;gt;
        &amp;amp;lt;eu:legalNote rdf:parseType=&amp;amp;quot;Literal&amp;amp;quot;&amp;amp;gt;
            &amp;amp;lt;xsl:copy-of select=&amp;amp;quot;*&amp;amp;quot;/&amp;amp;gt;
        &amp;amp;lt;/eu:legalNote&amp;amp;gt;
    &amp;amp;lt;/xsl:template&amp;amp;gt;
    
    &amp;amp;lt;xsl:template match=&amp;amp;quot;bud-reference[*]&amp;amp;quot;&amp;amp;gt;
        &amp;amp;lt;dcterms:references rdf:parseType=&amp;amp;quot;Literal&amp;amp;quot;&amp;amp;gt;
            &amp;amp;lt;xsl:copy-of select=&amp;amp;quot;*&amp;amp;quot;/&amp;amp;gt;
        &amp;amp;lt;/dcterms:references&amp;amp;gt;
    &amp;amp;lt;/xsl:template&amp;amp;gt;
    
    &amp;amp;lt;xsl:template match=&amp;amp;quot;bud-res-cond[*]&amp;amp;quot;&amp;amp;gt;
        &amp;amp;lt;eu:reserveCondition rdf:parseType=&amp;amp;quot;Literal&amp;amp;quot;&amp;amp;gt;
            &amp;amp;lt;xsl:copy-of select=&amp;amp;quot;*&amp;amp;quot;/&amp;amp;gt;
        &amp;amp;lt;/eu:reserveCondition&amp;amp;gt;
    &amp;amp;lt;/xsl:template&amp;amp;gt;
    
    &amp;amp;lt;!-- Catch-all empty template --&amp;amp;gt;
    &amp;amp;lt;xsl:template match=&amp;amp;quot;text()|@*&amp;amp;quot; mode=&amp;amp;quot;#all&amp;amp;quot;/&amp;amp;gt;
    
    &amp;amp;lt;!-- Named templates --&amp;amp;gt;
    
    &amp;amp;lt;xsl:template name=&amp;amp;quot;conceptScheme&amp;amp;quot;&amp;amp;gt;
        &amp;amp;lt;skos:inScheme rdf:resource=&amp;amp;quot;{$conceptScheme}&amp;amp;quot;/&amp;amp;gt;
    &amp;amp;lt;/xsl:template&amp;amp;gt;
    
&amp;amp;lt;/xsl:stylesheet&amp;amp;gt;&amp;lt;/xsltTemplate&amp;gt;
    &amp;lt;xsltTemplateName&amp;gt;Empty&amp;lt;/xsltTemplateName&amp;gt;
    &amp;lt;failOnError&amp;gt;true&amp;lt;/failOnError&amp;gt;
    &amp;lt;outputFileExtension&amp;gt;.rdf&amp;lt;/outputFileExtension&amp;gt;
    &amp;lt;filesParameters class=&amp;quot;linked-list&amp;quot;/&amp;gt;
    &amp;lt;numberOfExtraThreads&amp;gt;0&amp;lt;/numberOfExtraThreads&amp;gt;
  &amp;lt;/cz.cuni.mff.xrg.uv.transformer.xslt.XsltConfig__V2&amp;gt;
&amp;lt;/object-stream&amp;gt;&lt;/string&gt;
      &lt;/entry&gt;
      &lt;entry&gt;
        &lt;string&gt;addon/faultToleranceWrap&lt;/string&gt;
        &lt;string&gt;&amp;lt;object-stream&amp;gt;
  &amp;lt;eu.unifiedviews.helpers.dpu.extension.faulttolerance.FaultTolerance_-Configuration__V1&amp;gt;
    &amp;lt;enabled&amp;gt;false&amp;lt;/enabled&amp;gt;
    &amp;lt;exceptionNames class=&amp;quot;linked-list&amp;quot;/&amp;gt;
    &amp;lt;maxRetryCount&amp;gt;-1&amp;lt;/maxRetryCount&amp;gt;
  &amp;lt;/eu.unifiedviews.helpers.dpu.extension.faulttolerance.FaultTolerance_-Configuration__V1&amp;gt;
&amp;lt;/object-stream&amp;gt;&lt;/string&gt;
      &lt;/entry&gt;
    &lt;/configurations&gt;
  &lt;/MasterConfigObject&gt;
&lt;/object-stream&gt;</rawConf>
            <template>
              <description></description>
              <jarName>uv-t-xslt-2.2.3.jar</jarName>
              <menuName>uv-t-xslt</menuName>
              <name>uv-t-xslt</name>
              <rawConf>&lt;object-stream&gt;
  &lt;MasterConfigObject&gt;
    &lt;configurations&gt;
      &lt;entry&gt;
        &lt;string&gt;dpu_config&lt;/string&gt;
        &lt;string&gt;&amp;lt;object-stream&amp;gt;
  &amp;lt;cz.cuni.mff.xrg.uv.transformer.xslt.XsltConfig__V2&amp;gt;
    &amp;lt;xsltTemplate&amp;gt;&amp;lt;/xsltTemplate&amp;gt;
    &amp;lt;xsltTemplateName&amp;gt;Empty&amp;lt;/xsltTemplateName&amp;gt;
    &amp;lt;failOnError&amp;gt;true&amp;lt;/failOnError&amp;gt;
    &amp;lt;outputFileExtension&amp;gt;&amp;lt;/outputFileExtension&amp;gt;
    &amp;lt;filesParameters class=&amp;quot;linked-list&amp;quot;/&amp;gt;
    &amp;lt;numberOfExtraThreads&amp;gt;0&amp;lt;/numberOfExtraThreads&amp;gt;
  &amp;lt;/cz.cuni.mff.xrg.uv.transformer.xslt.XsltConfig__V2&amp;gt;
&amp;lt;/object-stream&amp;gt;&lt;/string&gt;
      &lt;/entry&gt;
    &lt;/configurations&gt;
  &lt;/MasterConfigObject&gt;
&lt;/object-stream&gt;</rawConf>
              <useDPUDescription>false</useDPUDescription>
            </template>
            <useDPUDescription>false</useDPUDescription>
            <useTemplateConfig>false</useTemplateConfig>
          </dpuInstance>
          <graph reference="../../../.."/>
          <position>
            <x>532</x>
            <y>108</y>
          </position>
        </to>
      </cz.cuni.mff.xrg.odcs.commons.app.pipeline.graph.Edge>
      <cz.cuni.mff.xrg.odcs.commons.app.pipeline.graph.Edge>
        <from>
          <dpuInstance>
            <description></description>
            <menuName>uv-t-filesToRdf</menuName>
            <name>uv-t-filesToRdf</name>
            <rawConf>&lt;object-stream&gt;
  &lt;MasterConfigObject&gt;
    &lt;configurations&gt;
      &lt;entry&gt;
        &lt;string&gt;dpu_config&lt;/string&gt;
        &lt;string&gt;&amp;lt;object-stream&amp;gt;
  &amp;lt;eu.unifiedviews.plugins.transformer.filestordft.FilesToRDFConfig__V1&amp;gt;
    &amp;lt;symbolicNameToBaseURIMap class=&amp;quot;linked-hash-map&amp;quot;/&amp;gt;
    &amp;lt;symbolicNameToFormatMap class=&amp;quot;linked-hash-map&amp;quot;/&amp;gt;
    &amp;lt;commitSize&amp;gt;100000&amp;lt;/commitSize&amp;gt;
    &amp;lt;fatalErrorHandling&amp;gt;STOP_EXTRACTION&amp;lt;/fatalErrorHandling&amp;gt;
    &amp;lt;errorHandling&amp;gt;SKIP_CONTINUE_THIS_FILE&amp;lt;/errorHandling&amp;gt;
    &amp;lt;warningHandling&amp;gt;SKIP_CONTINUE_THIS_FILE&amp;lt;/warningHandling&amp;gt;
    &amp;lt;outputNaming&amp;gt;USE_INPUT_GRAPH_NAME&amp;lt;/outputNaming&amp;gt;
  &amp;lt;/eu.unifiedviews.plugins.transformer.filestordft.FilesToRDFConfig__V1&amp;gt;
&amp;lt;/object-stream&amp;gt;&lt;/string&gt;
      &lt;/entry&gt;
    &lt;/configurations&gt;
  &lt;/MasterConfigObject&gt;
&lt;/object-stream&gt;</rawConf>
            <template>
              <description></description>
              <jarName>uv-t-filesToRdf-1.6.1-SNAPSHOT.jar</jarName>
              <menuName>uv-t-filesToRdf</menuName>
              <name>uv-t-filesToRdf</name>
              <rawConf>&lt;object-stream&gt;
  &lt;MasterConfigObject&gt;
    &lt;configurations&gt;
      &lt;entry&gt;
        &lt;string&gt;dpu_config&lt;/string&gt;
        &lt;string&gt;&amp;lt;object-stream&amp;gt;
  &amp;lt;eu.unifiedviews.plugins.transformer.filestordft.FilesToRDFConfig__V1&amp;gt;
    &amp;lt;symbolicNameToBaseURIMap class=&amp;quot;linked-hash-map&amp;quot;/&amp;gt;
    &amp;lt;symbolicNameToFormatMap class=&amp;quot;linked-hash-map&amp;quot;/&amp;gt;
    &amp;lt;commitSize&amp;gt;100000&amp;lt;/commitSize&amp;gt;
    &amp;lt;fatalErrorHandling&amp;gt;STOP_EXTRACTION&amp;lt;/fatalErrorHandling&amp;gt;
    &amp;lt;errorHandling&amp;gt;SKIP_CONTINUE_THIS_FILE&amp;lt;/errorHandling&amp;gt;
    &amp;lt;warningHandling&amp;gt;SKIP_CONTINUE_THIS_FILE&amp;lt;/warningHandling&amp;gt;
    &amp;lt;outputNaming&amp;gt;USE_INPUT_GRAPH_NAME&amp;lt;/outputNaming&amp;gt;
  &amp;lt;/eu.unifiedviews.plugins.transformer.filestordft.FilesToRDFConfig__V1&amp;gt;
&amp;lt;/object-stream&amp;gt;&lt;/string&gt;
      &lt;/entry&gt;
    &lt;/configurations&gt;
  &lt;/MasterConfigObject&gt;
&lt;/object-stream&gt;</rawConf>
              <useDPUDescription>false</useDPUDescription>
            </template>
            <useDPUDescription>false</useDPUDescription>
            <useTemplateConfig>false</useTemplateConfig>
          </dpuInstance>
          <graph reference="../../../.."/>
          <position>
            <x>368</x>
            <y>109</y>
          </position>
        </from>
        <graph reference="../../.."/>
        <script>rdfOutput -&gt; input;</script>
        <to>
          <dpuInstance>
            <description></description>
            <menuName>uv-t-rdfGraphMerger</menuName>
            <name>uv-t-rdfGraphMerger</name>
            <rawConf>&lt;object-stream&gt;
  &lt;MasterConfigObject&gt;
    &lt;configurations&gt;
      &lt;entry&gt;
        &lt;string&gt;dpu_config&lt;/string&gt;
        &lt;string&gt;&amp;lt;object-stream&amp;gt;
  &amp;lt;eu.unifiedviews.plugins.transformer.rdfgraphmerger.RdfGraphMergerConfig__V1/&amp;gt;
&amp;lt;/object-stream&amp;gt;&lt;/string&gt;
      &lt;/entry&gt;
    &lt;/configurations&gt;
  &lt;/MasterConfigObject&gt;
&lt;/object-stream&gt;</rawConf>
            <template>
              <description></description>
              <jarName>uv-t-rdfGraphMerger-1.0.1.jar</jarName>
              <menuName>uv-t-rdfGraphMerger</menuName>
              <name>uv-t-rdfGraphMerger</name>
              <rawConf>&lt;object-stream&gt;
  &lt;MasterConfigObject&gt;
    &lt;configurations&gt;
      &lt;entry&gt;
        &lt;string&gt;dpu_config&lt;/string&gt;
        &lt;string&gt;&amp;lt;object-stream&amp;gt;
  &amp;lt;eu.unifiedviews.plugins.transformer.rdfgraphmerger.RdfGraphMergerConfig__V1/&amp;gt;
&amp;lt;/object-stream&amp;gt;&lt;/string&gt;
      &lt;/entry&gt;
    &lt;/configurations&gt;
  &lt;/MasterConfigObject&gt;
&lt;/object-stream&gt;</rawConf>
              <useDPUDescription>false</useDPUDescription>
            </template>
            <useDPUDescription>false</useDPUDescription>
            <useTemplateConfig>false</useTemplateConfig>
          </dpuInstance>
          <graph reference="../../../.."/>
          <position>
            <x>200</x>
            <y>109</y>
          </position>
        </to>
      </cz.cuni.mff.xrg.odcs.commons.app.pipeline.graph.Edge>
      <cz.cuni.mff.xrg.odcs.commons.app.pipeline.graph.Edge>
        <from>
          <dpuInstance>
            <description></description>
            <menuName>uv-t-rdfGraphMerger</menuName>
            <name>uv-t-rdfGraphMerger</name>
            <rawConf>&lt;object-stream&gt;
  &lt;MasterConfigObject&gt;
    &lt;configurations&gt;
      &lt;entry&gt;
        &lt;string&gt;dpu_config&lt;/string&gt;
        &lt;string&gt;&amp;lt;object-stream&amp;gt;
  &amp;lt;eu.unifiedviews.plugins.transformer.rdfgraphmerger.RdfGraphMergerConfig__V1/&amp;gt;
&amp;lt;/object-stream&amp;gt;&lt;/string&gt;
      &lt;/entry&gt;
    &lt;/configurations&gt;
  &lt;/MasterConfigObject&gt;
&lt;/object-stream&gt;</rawConf>
            <template reference="../../../../cz.cuni.mff.xrg.odcs.commons.app.pipeline.graph.Edge[4]/to/dpuInstance/template"/>
            <useDPUDescription>false</useDPUDescription>
            <useTemplateConfig>false</useTemplateConfig>
          </dpuInstance>
          <graph reference="../../../.."/>
          <position>
            <x>371</x>
            <y>343</y>
          </position>
        </from>
        <graph reference="../../.."/>
        <script>output -&gt; rdfInput;</script>
        <to>
          <dpuInstance>
            <description></description>
            <menuName>uv-l-rdfToVirtuoso</menuName>
            <name>uv-l-rdfToVirtuoso</name>
            <rawConf>&lt;object-stream&gt;
  &lt;MasterConfigObject&gt;
    &lt;configurations&gt;
      &lt;entry&gt;
        &lt;string&gt;dpu_config&lt;/string&gt;
        &lt;string&gt;&amp;lt;object-stream&amp;gt;
  &amp;lt;eu.unifiedviews.plugins.loader.rdftovirtuoso.RdfToVirtuosoConfig__V1&amp;gt;
    &amp;lt;virtuosoUrl&amp;gt;jdbc:virtuoso://localhost:1111/charset=UTF-8/&amp;lt;/virtuosoUrl&amp;gt;
    &amp;lt;username&amp;gt;dba&amp;lt;/username&amp;gt;
    &amp;lt;password&amp;gt;loddva&amp;lt;/password&amp;gt;
    &amp;lt;clearDestinationGraph&amp;gt;true&amp;lt;/clearDestinationGraph&amp;gt;
    &amp;lt;targetGraphName&amp;gt;http://data.openbudgets.eu/resource/dataset/budget-of-the-european-union-2014/code-list/eu-budget-nomenclature-2014/metadata&amp;lt;/targetGraphName&amp;gt;
    &amp;lt;threadCount&amp;gt;0&amp;lt;/threadCount&amp;gt;
    &amp;lt;skipOnError&amp;gt;false&amp;lt;/skipOnError&amp;gt;
    &amp;lt;commitSize&amp;gt;100000&amp;lt;/commitSize&amp;gt;
  &amp;lt;/eu.unifiedviews.plugins.loader.rdftovirtuoso.RdfToVirtuosoConfig__V1&amp;gt;
&amp;lt;/object-stream&amp;gt;&lt;/string&gt;
      &lt;/entry&gt;
    &lt;/configurations&gt;
  &lt;/MasterConfigObject&gt;
&lt;/object-stream&gt;</rawConf>
            <template>
              <description></description>
              <jarName>uv-l-rdfToVirtuoso-1.0.3.jar</jarName>
              <menuName>uv-l-rdfToVirtuoso</menuName>
              <name>uv-l-rdfToVirtuoso</name>
              <rawConf>&lt;object-stream&gt;
  &lt;MasterConfigObject&gt;
    &lt;configurations&gt;
      &lt;entry&gt;
        &lt;string&gt;dpu_config&lt;/string&gt;
        &lt;string&gt;&amp;lt;object-stream&amp;gt;
  &amp;lt;eu.unifiedviews.plugins.loader.rdftovirtuoso.RdfToVirtuosoConfig__V1&amp;gt;
    &amp;lt;virtuosoUrl&amp;gt;jdbc:virtuoso://localhost:1111/charset=UTF-8/&amp;lt;/virtuosoUrl&amp;gt;
    &amp;lt;username&amp;gt;dba&amp;lt;/username&amp;gt;
    &amp;lt;password&amp;gt;dba&amp;lt;/password&amp;gt;
    &amp;lt;clearDestinationGraph&amp;gt;false&amp;lt;/clearDestinationGraph&amp;gt;
    &amp;lt;targetGraphName&amp;gt;&amp;lt;/targetGraphName&amp;gt;
    &amp;lt;threadCount&amp;gt;0&amp;lt;/threadCount&amp;gt;
    &amp;lt;skipOnError&amp;gt;false&amp;lt;/skipOnError&amp;gt;
    &amp;lt;commitSize&amp;gt;100000&amp;lt;/commitSize&amp;gt;
  &amp;lt;/eu.unifiedviews.plugins.loader.rdftovirtuoso.RdfToVirtuosoConfig__V1&amp;gt;
&amp;lt;/object-stream&amp;gt;&lt;/string&gt;
      &lt;/entry&gt;
    &lt;/configurations&gt;
  &lt;/MasterConfigObject&gt;
&lt;/object-stream&gt;</rawConf>
              <useDPUDescription>false</useDPUDescription>
            </template>
            <useDPUDescription>false</useDPUDescription>
            <useTemplateConfig>false</useTemplateConfig>
          </dpuInstance>
          <graph reference="../../../.."/>
          <position>
            <x>536</x>
            <y>413</y>
          </position>
        </to>
      </cz.cuni.mff.xrg.odcs.commons.app.pipeline.graph.Edge>
      <cz.cuni.mff.xrg.odcs.commons.app.pipeline.graph.Edge>
        <from reference="../../cz.cuni.mff.xrg.odcs.commons.app.pipeline.graph.Edge[4]/to"/>
        <graph reference="../../.."/>
        <script>output -&gt; input;</script>
        <to>
          <dpuInstance>
            <description>Mirror narrower</description>
            <menuName>uv-t-sparqlUpdate</menuName>
            <name>uv-t-sparqlUpdate</name>
            <rawConf>&lt;object-stream&gt;
  &lt;MasterConfigObject&gt;
    &lt;configurations&gt;
      &lt;entry&gt;
        &lt;string&gt;dpu_config&lt;/string&gt;
        &lt;string&gt;&amp;lt;object-stream&amp;gt;
  &amp;lt;cz.cuni.mff.xrg.uv.transformer.sparql.update.SparqlUpdateConfig__V1&amp;gt;
    &amp;lt;query&amp;gt;PREFIX skos: &amp;amp;lt;http://www.w3.org/2004/02/skos/core#&amp;amp;gt;

INSERT {
  ?narrower skos:broader ?broader .
}
WHERE {
  ?broader skos:narrower ?narrower .
}&amp;lt;/query&amp;gt;
    &amp;lt;perGraph&amp;gt;true&amp;lt;/perGraph&amp;gt;
  &amp;lt;/cz.cuni.mff.xrg.uv.transformer.sparql.update.SparqlUpdateConfig__V1&amp;gt;
&amp;lt;/object-stream&amp;gt;&lt;/string&gt;
      &lt;/entry&gt;
      &lt;entry&gt;
        &lt;string&gt;addon/faultToleranceWrap&lt;/string&gt;
        &lt;string&gt;&amp;lt;object-stream&amp;gt;
  &amp;lt;eu.unifiedviews.helpers.dpu.extension.faulttolerance.FaultTolerance_-Configuration__V1&amp;gt;
    &amp;lt;enabled&amp;gt;true&amp;lt;/enabled&amp;gt;
    &amp;lt;exceptionNames class=&amp;quot;linked-list&amp;quot;/&amp;gt;
    &amp;lt;maxRetryCount&amp;gt;-1&amp;lt;/maxRetryCount&amp;gt;
  &amp;lt;/eu.unifiedviews.helpers.dpu.extension.faulttolerance.FaultTolerance_-Configuration__V1&amp;gt;
&amp;lt;/object-stream&amp;gt;&lt;/string&gt;
      &lt;/entry&gt;
    &lt;/configurations&gt;
  &lt;/MasterConfigObject&gt;
&lt;/object-stream&gt;</rawConf>
            <template>
              <description></description>
              <jarName>uv-t-sparqlUpdate-2.0.4-SNAPSHOT.jar</jarName>
              <menuName>uv-t-sparqlUpdate</menuName>
              <name>uv-t-sparqlUpdate</name>
              <rawConf>&lt;object-stream&gt;
  &lt;MasterConfigObject&gt;
    &lt;configurations&gt;
      &lt;entry&gt;
        &lt;string&gt;dpu_config&lt;/string&gt;
        &lt;string&gt;&amp;lt;object-stream&amp;gt;
  &amp;lt;cz.cuni.mff.xrg.uv.transformer.sparql.update.SparqlUpdateConfig__V1&amp;gt;
    &amp;lt;query&amp;gt;INSERT {?s ?p ?o} WHERE {?s ?p ?o}&amp;lt;/query&amp;gt;
    &amp;lt;perGraph&amp;gt;true&amp;lt;/perGraph&amp;gt;
  &amp;lt;/cz.cuni.mff.xrg.uv.transformer.sparql.update.SparqlUpdateConfig__V1&amp;gt;
&amp;lt;/object-stream&amp;gt;&lt;/string&gt;
      &lt;/entry&gt;
    &lt;/configurations&gt;
  &lt;/MasterConfigObject&gt;
&lt;/object-stream&gt;</rawConf>
              <useDPUDescription>false</useDPUDescription>
            </template>
            <useDPUDescription>false</useDPUDescription>
            <useTemplateConfig>false</useTemplateConfig>
          </dpuInstance>
          <graph reference="../../../.."/>
          <position>
            <x>202</x>
            <y>192</y>
          </position>
        </to>
      </cz.cuni.mff.xrg.odcs.commons.app.pipeline.graph.Edge>
      <cz.cuni.mff.xrg.odcs.commons.app.pipeline.graph.Edge>
        <from reference="../../cz.cuni.mff.xrg.odcs.commons.app.pipeline.graph.Edge[3]/to"/>
        <graph reference="../../.."/>
        <script>filesOutput -&gt; filesInput;</script>
        <to reference="../../cz.cuni.mff.xrg.odcs.commons.app.pipeline.graph.Edge[4]/from"/>
      </cz.cuni.mff.xrg.odcs.commons.app.pipeline.graph.Edge>
      <cz.cuni.mff.xrg.odcs.commons.app.pipeline.graph.Edge>
        <from reference="../../cz.cuni.mff.xrg.odcs.commons.app.pipeline.graph.Edge[6]/to"/>
        <graph reference="../../.."/>
        <script>output -&gt; input;</script>
        <to>
          <dpuInstance>
            <description>Add top concepts</description>
            <menuName>uv-t-sparqlUpdate</menuName>
            <name>uv-t-sparqlUpdate</name>
            <rawConf>&lt;object-stream&gt;
  &lt;MasterConfigObject&gt;
    &lt;configurations&gt;
      &lt;entry&gt;
        &lt;string&gt;dpu_config&lt;/string&gt;
        &lt;string&gt;&amp;lt;object-stream&amp;gt;
  &amp;lt;cz.cuni.mff.xrg.uv.transformer.sparql.update.SparqlUpdateConfig__V1&amp;gt;
    &amp;lt;query&amp;gt;PREFIX skos: &amp;amp;lt;http://www.w3.org/2004/02/skos/core#&amp;amp;gt;

INSERT {
  ?scheme skos:hasTopConcept ?topConcept .
  ?topConcept skos:topConceptOf ?scheme .
}
WHERE {
  ?topConcept a skos:Concept ;
    skos:inScheme ?scheme .
  FILTER NOT EXISTS {
    ?topConcept skos:broader [] .
  }
}&amp;lt;/query&amp;gt;
    &amp;lt;perGraph&amp;gt;true&amp;lt;/perGraph&amp;gt;
  &amp;lt;/cz.cuni.mff.xrg.uv.transformer.sparql.update.SparqlUpdateConfig__V1&amp;gt;
&amp;lt;/object-stream&amp;gt;&lt;/string&gt;
      &lt;/entry&gt;
      &lt;entry&gt;
        &lt;string&gt;addon/faultToleranceWrap&lt;/string&gt;
        &lt;string&gt;&amp;lt;object-stream&amp;gt;
  &amp;lt;eu.unifiedviews.helpers.dpu.extension.faulttolerance.FaultTolerance_-Configuration__V1&amp;gt;
    &amp;lt;enabled&amp;gt;true&amp;lt;/enabled&amp;gt;
    &amp;lt;exceptionNames class=&amp;quot;linked-list&amp;quot;/&amp;gt;
    &amp;lt;maxRetryCount&amp;gt;-1&amp;lt;/maxRetryCount&amp;gt;
  &amp;lt;/eu.unifiedviews.helpers.dpu.extension.faulttolerance.FaultTolerance_-Configuration__V1&amp;gt;
&amp;lt;/object-stream&amp;gt;&lt;/string&gt;
      &lt;/entry&gt;
    &lt;/configurations&gt;
  &lt;/MasterConfigObject&gt;
&lt;/object-stream&gt;</rawConf>
            <template reference="../../../../cz.cuni.mff.xrg.odcs.commons.app.pipeline.graph.Edge[6]/to/dpuInstance/template"/>
            <useDPUDescription>false</useDPUDescription>
            <useTemplateConfig>false</useTemplateConfig>
          </dpuInstance>
          <graph reference="../../../.."/>
          <position>
            <x>368</x>
            <y>189</y>
          </position>
        </to>
      </cz.cuni.mff.xrg.odcs.commons.app.pipeline.graph.Edge>
      <cz.cuni.mff.xrg.odcs.commons.app.pipeline.graph.Edge>
        <from reference="../../cz.cuni.mff.xrg.odcs.commons.app.pipeline.graph.Edge[8]/to"/>
        <graph reference="../../.."/>
        <script>output -&gt; rdfInput;</script>
        <to>
          <dpuInstance>
            <description></description>
            <menuName>uv-l-rdfToVirtuoso</menuName>
            <name>uv-l-rdfToVirtuoso</name>
            <rawConf>&lt;object-stream&gt;
  &lt;MasterConfigObject&gt;
    &lt;configurations&gt;
      &lt;entry&gt;
        &lt;string&gt;dpu_config&lt;/string&gt;
        &lt;string&gt;&amp;lt;object-stream&amp;gt;
  &amp;lt;eu.unifiedviews.plugins.loader.rdftovirtuoso.RdfToVirtuosoConfig__V1&amp;gt;
    &amp;lt;virtuosoUrl&amp;gt;jdbc:virtuoso://localhost:1111/charset=UTF-8/&amp;lt;/virtuosoUrl&amp;gt;
    &amp;lt;username&amp;gt;dba&amp;lt;/username&amp;gt;
    &amp;lt;password&amp;gt;loddva&amp;lt;/password&amp;gt;
    &amp;lt;clearDestinationGraph&amp;gt;true&amp;lt;/clearDestinationGraph&amp;gt;
    &amp;lt;targetGraphName&amp;gt;http://data.openbudgets.eu/resource/dataset/budget-of-the-european-union-2014/code-list/eu-budget-nomenclature-2014&amp;lt;/targetGraphName&amp;gt;
    &amp;lt;threadCount&amp;gt;0&amp;lt;/threadCount&amp;gt;
    &amp;lt;skipOnError&amp;gt;false&amp;lt;/skipOnError&amp;gt;
    &amp;lt;commitSize&amp;gt;100000&amp;lt;/commitSize&amp;gt;
  &amp;lt;/eu.unifiedviews.plugins.loader.rdftovirtuoso.RdfToVirtuosoConfig__V1&amp;gt;
&amp;lt;/object-stream&amp;gt;&lt;/string&gt;
      &lt;/entry&gt;
    &lt;/configurations&gt;
  &lt;/MasterConfigObject&gt;
&lt;/object-stream&gt;</rawConf>
            <template reference="../../../../cz.cuni.mff.xrg.odcs.commons.app.pipeline.graph.Edge[5]/to/dpuInstance/template"/>
            <useDPUDescription>false</useDPUDescription>
            <useTemplateConfig>false</useTemplateConfig>
          </dpuInstance>
          <graph reference="../../../.."/>
          <position>
            <x>533</x>
            <y>188</y>
          </position>
        </to>
      </cz.cuni.mff.xrg.odcs.commons.app.pipeline.graph.Edge>
      <cz.cuni.mff.xrg.odcs.commons.app.pipeline.graph.Edge>
        <from reference="../../cz.cuni.mff.xrg.odcs.commons.app.pipeline.graph.Edge[8]/to"/>
        <graph reference="../../.."/>
        <script>output -&gt; input;</script>
        <to>
          <dpuInstance>
            <description></description>
            <menuName>uv-t-rdfToFiles</menuName>
            <name>uv-t-rdfToFiles</name>
            <rawConf>&lt;object-stream&gt;
  &lt;MasterConfigObject&gt;
    &lt;configurations&gt;
      &lt;entry&gt;
        &lt;string&gt;dpu_config&lt;/string&gt;
        &lt;string&gt;&amp;lt;object-stream&amp;gt;
  &amp;lt;eu.unifiedviews.plugins.transformer.rdftofiles.RdfToFilesConfig__V2&amp;gt;
    &amp;lt;outFileName&amp;gt;eu_budget_2014_nomenclature&amp;lt;/outFileName&amp;gt;
    &amp;lt;rdfFileFormat&amp;gt;Turtle&amp;lt;/rdfFileFormat&amp;gt;
    &amp;lt;genGraphFile&amp;gt;false&amp;lt;/genGraphFile&amp;gt;
    &amp;lt;outGraphName&amp;gt;&amp;lt;/outGraphName&amp;gt;
  &amp;lt;/eu.unifiedviews.plugins.transformer.rdftofiles.RdfToFilesConfig__V2&amp;gt;
&amp;lt;/object-stream&amp;gt;&lt;/string&gt;
      &lt;/entry&gt;
      &lt;entry&gt;
        &lt;string&gt;addon/faultToleranceWrap&lt;/string&gt;
        &lt;string&gt;&amp;lt;object-stream&amp;gt;
  &amp;lt;eu.unifiedviews.helpers.dpu.extension.faulttolerance.FaultTolerance_-Configuration__V1&amp;gt;
    &amp;lt;enabled&amp;gt;false&amp;lt;/enabled&amp;gt;
    &amp;lt;exceptionNames class=&amp;quot;linked-list&amp;quot;/&amp;gt;
    &amp;lt;maxRetryCount&amp;gt;-1&amp;lt;/maxRetryCount&amp;gt;
  &amp;lt;/eu.unifiedviews.helpers.dpu.extension.faulttolerance.FaultTolerance_-Configuration__V1&amp;gt;
&amp;lt;/object-stream&amp;gt;&lt;/string&gt;
      &lt;/entry&gt;
    &lt;/configurations&gt;
  &lt;/MasterConfigObject&gt;
&lt;/object-stream&gt;</rawConf>
            <template>
              <description></description>
              <jarName>uv-t-rdfToFiles-2.2.0-SNAPSHOT.jar</jarName>
              <menuName>uv-t-rdfToFiles</menuName>
              <name>uv-t-rdfToFiles</name>
              <rawConf>&lt;object-stream&gt;
  &lt;MasterConfigObject&gt;
    &lt;configurations&gt;
      &lt;entry&gt;
        &lt;string&gt;dpu_config&lt;/string&gt;
        &lt;string&gt;&amp;lt;object-stream&amp;gt;
  &amp;lt;eu.unifiedviews.plugins.transformer.rdftofiles.RdfToFilesConfig__V2&amp;gt;
    &amp;lt;outFileName&amp;gt;output&amp;lt;/outFileName&amp;gt;
    &amp;lt;rdfFileFormat&amp;gt;Turtle&amp;lt;/rdfFileFormat&amp;gt;
    &amp;lt;genGraphFile&amp;gt;true&amp;lt;/genGraphFile&amp;gt;
    &amp;lt;outGraphName&amp;gt;http://localhost/resource/output&amp;lt;/outGraphName&amp;gt;
  &amp;lt;/eu.unifiedviews.plugins.transformer.rdftofiles.RdfToFilesConfig__V2&amp;gt;
&amp;lt;/object-stream&amp;gt;&lt;/string&gt;
      &lt;/entry&gt;
    &lt;/configurations&gt;
  &lt;/MasterConfigObject&gt;
&lt;/object-stream&gt;</rawConf>
              <useDPUDescription>false</useDPUDescription>
            </template>
            <useDPUDescription>false</useDPUDescription>
            <useTemplateConfig>false</useTemplateConfig>
          </dpuInstance>
          <graph reference="../../../.."/>
          <position>
            <x>368</x>
            <y>265</y>
          </position>
        </to>
      </cz.cuni.mff.xrg.odcs.commons.app.pipeline.graph.Edge>
      <cz.cuni.mff.xrg.odcs.commons.app.pipeline.graph.Edge>
        <from>
          <dpuInstance>
            <description></description>
            <menuName>uv-l-filesUpload</menuName>
            <name>uv-l-filesUpload</name>
            <rawConf>&lt;object-stream&gt;
  &lt;MasterConfigObject&gt;
    &lt;configurations&gt;
      &lt;entry&gt;
        &lt;string&gt;dpu_config&lt;/string&gt;
        &lt;string&gt;&amp;lt;object-stream&amp;gt;
  &amp;lt;eu.unifiedviews.plugins.loader.filesupload.FilesUploadConfig__V1&amp;gt;
    &amp;lt;uri&amp;gt;/data/dump&amp;lt;/uri&amp;gt;
    &amp;lt;username&amp;gt;&amp;lt;/username&amp;gt;
    &amp;lt;password&amp;gt;&amp;lt;/password&amp;gt;
    &amp;lt;softFail&amp;gt;false&amp;lt;/softFail&amp;gt;
    &amp;lt;moveFiles&amp;gt;false&amp;lt;/moveFiles&amp;gt;
  &amp;lt;/eu.unifiedviews.plugins.loader.filesupload.FilesUploadConfig__V1&amp;gt;
&amp;lt;/object-stream&amp;gt;&lt;/string&gt;
      &lt;/entry&gt;
      &lt;entry&gt;
        &lt;string&gt;addon/faultToleranceWrap&lt;/string&gt;
        &lt;string&gt;&amp;lt;object-stream&amp;gt;
  &amp;lt;eu.unifiedviews.helpers.dpu.extension.faulttolerance.FaultTolerance_-Configuration__V1&amp;gt;
    &amp;lt;enabled&amp;gt;true&amp;lt;/enabled&amp;gt;
    &amp;lt;exceptionNames class=&amp;quot;linked-list&amp;quot;/&amp;gt;
    &amp;lt;maxRetryCount&amp;gt;-1&amp;lt;/maxRetryCount&amp;gt;
  &amp;lt;/eu.unifiedviews.helpers.dpu.extension.faulttolerance.FaultTolerance_-Configuration__V1&amp;gt;
&amp;lt;/object-stream&amp;gt;&lt;/string&gt;
      &lt;/entry&gt;
    &lt;/configurations&gt;
  &lt;/MasterConfigObject&gt;
&lt;/object-stream&gt;</rawConf>
            <template>
              <description></description>
              <jarName>uv-l-filesUpload-1.0.1-SNAPSHOT.jar</jarName>
              <menuName>uv-l-filesUpload</menuName>
              <name>uv-l-filesUpload</name>
              <rawConf>&lt;object-stream&gt;
  &lt;MasterConfigObject&gt;
    &lt;configurations&gt;
      &lt;entry&gt;
        &lt;string&gt;dpu_config&lt;/string&gt;
        &lt;string&gt;&amp;lt;object-stream&amp;gt;
  &amp;lt;eu.unifiedviews.plugins.loader.filesupload.FilesUploadConfig__V1&amp;gt;
    &amp;lt;uri&amp;gt;ftps://server:port/path/&amp;lt;/uri&amp;gt;
    &amp;lt;username&amp;gt;&amp;lt;/username&amp;gt;
    &amp;lt;password&amp;gt;&amp;lt;/password&amp;gt;
    &amp;lt;softFail&amp;gt;false&amp;lt;/softFail&amp;gt;
    &amp;lt;moveFiles&amp;gt;false&amp;lt;/moveFiles&amp;gt;
  &amp;lt;/eu.unifiedviews.plugins.loader.filesupload.FilesUploadConfig__V1&amp;gt;
&amp;lt;/object-stream&amp;gt;&lt;/string&gt;
      &lt;/entry&gt;
    &lt;/configurations&gt;
  &lt;/MasterConfigObject&gt;
&lt;/object-stream&gt;</rawConf>
              <useDPUDescription>false</useDPUDescription>
            </template>
            <useDPUDescription>false</useDPUDescription>
            <useTemplateConfig>false</useTemplateConfig>
          </dpuInstance>
          <graph reference="../../../.."/>
          <position>
            <x>203</x>
            <y>343</y>
          </position>
        </from>
        <graph reference="../../.."/>
        <script>run_after</script>
        <to reference="../../cz.cuni.mff.xrg.odcs.commons.app.pipeline.graph.Edge[5]/from"/>
      </cz.cuni.mff.xrg.odcs.commons.app.pipeline.graph.Edge>
      <cz.cuni.mff.xrg.odcs.commons.app.pipeline.graph.Edge>
        <from>
          <dpuInstance>
            <description></description>
            <menuName>E-DatasetMetadata</menuName>
            <name>E-DatasetMetadata</name>
            <rawConf>&lt;object-stream&gt;
  &lt;MasterConfigObject&gt;
    &lt;configurations&gt;
      &lt;entry&gt;
        &lt;string&gt;dpu_config&lt;/string&gt;
        &lt;string&gt;&amp;lt;object-stream&amp;gt;
  &amp;lt;cz.opendata.unifiedviews.dpus.datasetMetadata.DatasetMetadataConfig__V1&amp;gt;
    &amp;lt;datasetURI&amp;gt;http://data.openbudgets.eu/resource/dataset/budget-of-the-european-union-2014/code-list/eu-budget-nomenclature-2014&amp;lt;/datasetURI&amp;gt;
    &amp;lt;distributionURI&amp;gt;&amp;lt;/distributionURI&amp;gt;
    &amp;lt;useDatasetURIfromInput&amp;gt;true&amp;lt;/useDatasetURIfromInput&amp;gt;
    &amp;lt;language__orig&amp;gt;en&amp;lt;/language__orig&amp;gt;
    &amp;lt;title__cs&amp;gt;Budget nomenclature of the EU budget 2014&amp;lt;/title__cs&amp;gt;
    &amp;lt;title__en&amp;gt;&amp;lt;/title__en&amp;gt;
    &amp;lt;desc__cs&amp;gt;&amp;lt;/desc__cs&amp;gt;
    &amp;lt;desc__en&amp;gt;&amp;lt;/desc__en&amp;gt;
    &amp;lt;authors class=&amp;quot;java.util.Collections$UnmodifiableSet&amp;quot;&amp;gt;
      &amp;lt;c class=&amp;quot;linked-hash-set&amp;quot;/&amp;gt;
    &amp;lt;/authors&amp;gt;
    &amp;lt;publisherURI&amp;gt;http://openbudgets.eu&amp;lt;/publisherURI&amp;gt;
    &amp;lt;publisherName&amp;gt;OpenBudgets.eu&amp;lt;/publisherName&amp;gt;
    &amp;lt;license&amp;gt;http://ec.europa.eu/geninfo/legal_notices_en.htm&amp;lt;/license&amp;gt;
    &amp;lt;sources class=&amp;quot;java.util.Collections$UnmodifiableSet&amp;quot;&amp;gt;
      &amp;lt;c class=&amp;quot;linked-hash-set&amp;quot;&amp;gt;
        &amp;lt;string&amp;gt;http://open-data.europa.eu/data/dataset/budget-of-the-european-union-2014&amp;lt;/string&amp;gt;
      &amp;lt;/c&amp;gt;
    &amp;lt;/sources&amp;gt;
    &amp;lt;languages class=&amp;quot;java.util.Collections$UnmodifiableSet&amp;quot;&amp;gt;
      &amp;lt;c class=&amp;quot;linked-hash-set&amp;quot;&amp;gt;
        &amp;lt;string&amp;gt;http://id.loc.gov/vocabulary/iso639-1/en&amp;lt;/string&amp;gt;
      &amp;lt;/c&amp;gt;
    &amp;lt;/languages&amp;gt;
    &amp;lt;keywords__orig class=&amp;quot;java.util.Collections$UnmodifiableSet&amp;quot;&amp;gt;
      &amp;lt;c class=&amp;quot;linked-hash-set&amp;quot;&amp;gt;
        &amp;lt;string&amp;gt;eu&amp;lt;/string&amp;gt;
        &amp;lt;string&amp;gt;code list&amp;lt;/string&amp;gt;
        &amp;lt;string&amp;gt;programme classification&amp;lt;/string&amp;gt;
        &amp;lt;string&amp;gt;budget&amp;lt;/string&amp;gt;
      &amp;lt;/c&amp;gt;
    &amp;lt;/keywords__orig&amp;gt;
    &amp;lt;keywords__en class=&amp;quot;java.util.Collections$UnmodifiableSet&amp;quot;&amp;gt;
      &amp;lt;c class=&amp;quot;linked-hash-set&amp;quot;/&amp;gt;
    &amp;lt;/keywords__en&amp;gt;
    &amp;lt;themes class=&amp;quot;java.util.Collections$UnmodifiableSet&amp;quot;&amp;gt;
      &amp;lt;c class=&amp;quot;linked-hash-set&amp;quot;/&amp;gt;
    &amp;lt;/themes&amp;gt;
    &amp;lt;contactPoint&amp;gt;&amp;lt;/contactPoint&amp;gt;
    &amp;lt;contactPointName&amp;gt;&amp;lt;/contactPointName&amp;gt;
    &amp;lt;periodicity&amp;gt;&amp;lt;/periodicity&amp;gt;
    &amp;lt;useNow&amp;gt;true&amp;lt;/useNow&amp;gt;
    &amp;lt;useNowTemporalEnd&amp;gt;false&amp;lt;/useNowTemporalEnd&amp;gt;
    &amp;lt;useTemporal&amp;gt;true&amp;lt;/useTemporal&amp;gt;
    &amp;lt;modified&amp;gt;2015-10-01 13:05:01.796 UTC&amp;lt;/modified&amp;gt;
    &amp;lt;issued&amp;gt;2014-01-01 14:05:01.796 UTC&amp;lt;/issued&amp;gt;
    &amp;lt;identifier&amp;gt;EU_BUDGET_2014_NOMENCLATURE_CLASSIFICATION&amp;lt;/identifier&amp;gt;
    &amp;lt;landingPage&amp;gt;&amp;lt;/landingPage&amp;gt;
    &amp;lt;temporalEnd&amp;gt;2014-12-31 14:05:01.796 UTC&amp;lt;/temporalEnd&amp;gt;
    &amp;lt;temporalStart&amp;gt;2014-01-01 14:05:01.796 UTC&amp;lt;/temporalStart&amp;gt;
    &amp;lt;spatial&amp;gt;&amp;lt;/spatial&amp;gt;
    &amp;lt;schema&amp;gt;&amp;lt;/schema&amp;gt;
  &amp;lt;/cz.opendata.unifiedviews.dpus.datasetMetadata.DatasetMetadataConfig__V1&amp;gt;
&amp;lt;/object-stream&amp;gt;&lt;/string&gt;
      &lt;/entry&gt;
      &lt;entry&gt;
        &lt;string&gt;addon/faultToleranceWrap&lt;/string&gt;
        &lt;string&gt;&amp;lt;object-stream&amp;gt;
  &amp;lt;eu.unifiedviews.helpers.dpu.extension.faulttolerance.FaultTolerance_-Configuration__V1&amp;gt;
    &amp;lt;enabled&amp;gt;true&amp;lt;/enabled&amp;gt;
    &amp;lt;exceptionNames class=&amp;quot;linked-list&amp;quot;/&amp;gt;
    &amp;lt;maxRetryCount&amp;gt;-1&amp;lt;/maxRetryCount&amp;gt;
  &amp;lt;/eu.unifiedviews.helpers.dpu.extension.faulttolerance.FaultTolerance_-Configuration__V1&amp;gt;
&amp;lt;/object-stream&amp;gt;&lt;/string&gt;
      &lt;/entry&gt;
    &lt;/configurations&gt;
  &lt;/MasterConfigObject&gt;
&lt;/object-stream&gt;</rawConf>
            <template>
              <description></description>
              <jarName>E-DatasetMetadata-2.0.4.jar</jarName>
              <menuName>E-DatasetMetadata</menuName>
              <name>E-DatasetMetadata</name>
              <rawConf>&lt;object-stream&gt;
  &lt;MasterConfigObject&gt;
    &lt;configurations&gt;
      &lt;entry&gt;
        &lt;string&gt;dpu_config&lt;/string&gt;
        &lt;string&gt;&amp;lt;object-stream&amp;gt;
  &amp;lt;cz.opendata.unifiedviews.dpus.datasetMetadata.DatasetMetadataConfig__V1&amp;gt;
    &amp;lt;datasetURI&amp;gt;&amp;lt;/datasetURI&amp;gt;
    &amp;lt;distributionURI&amp;gt;&amp;lt;/distributionURI&amp;gt;
    &amp;lt;useDatasetURIfromInput&amp;gt;true&amp;lt;/useDatasetURIfromInput&amp;gt;
    &amp;lt;language__orig&amp;gt;&amp;lt;/language__orig&amp;gt;
    &amp;lt;title__cs&amp;gt;&amp;lt;/title__cs&amp;gt;
    &amp;lt;title__en&amp;gt;&amp;lt;/title__en&amp;gt;
    &amp;lt;desc__cs&amp;gt;&amp;lt;/desc__cs&amp;gt;
    &amp;lt;desc__en&amp;gt;&amp;lt;/desc__en&amp;gt;
    &amp;lt;authors class=&amp;quot;linked-list&amp;quot;/&amp;gt;
    &amp;lt;publisherURI&amp;gt;http://opendata.cz&amp;lt;/publisherURI&amp;gt;
    &amp;lt;publisherName&amp;gt;Opendata.cz&amp;lt;/publisherName&amp;gt;
    &amp;lt;license&amp;gt;&amp;lt;/license&amp;gt;
    &amp;lt;sources class=&amp;quot;linked-list&amp;quot;/&amp;gt;
    &amp;lt;languages class=&amp;quot;linked-list&amp;quot;/&amp;gt;
    &amp;lt;keywords__orig class=&amp;quot;linked-list&amp;quot;/&amp;gt;
    &amp;lt;keywords__en class=&amp;quot;linked-list&amp;quot;/&amp;gt;
    &amp;lt;themes class=&amp;quot;linked-list&amp;quot;/&amp;gt;
    &amp;lt;contactPoint&amp;gt;&amp;lt;/contactPoint&amp;gt;
    &amp;lt;contactPointName&amp;gt;&amp;lt;/contactPointName&amp;gt;
    &amp;lt;periodicity&amp;gt;&amp;lt;/periodicity&amp;gt;
    &amp;lt;useNow&amp;gt;true&amp;lt;/useNow&amp;gt;
    &amp;lt;useNowTemporalEnd&amp;gt;false&amp;lt;/useNowTemporalEnd&amp;gt;
    &amp;lt;useTemporal&amp;gt;true&amp;lt;/useTemporal&amp;gt;
    &amp;lt;modified&amp;gt;2015-10-01 13:05:01.796 UTC&amp;lt;/modified&amp;gt;
    &amp;lt;issued&amp;gt;2015-10-01 13:05:01.796 UTC&amp;lt;/issued&amp;gt;
    &amp;lt;identifier&amp;gt;&amp;lt;/identifier&amp;gt;
    &amp;lt;landingPage&amp;gt;&amp;lt;/landingPage&amp;gt;
    &amp;lt;temporalEnd&amp;gt;2015-10-01 13:05:01.796 UTC&amp;lt;/temporalEnd&amp;gt;
    &amp;lt;temporalStart&amp;gt;2015-10-01 13:05:01.796 UTC&amp;lt;/temporalStart&amp;gt;
    &amp;lt;spatial&amp;gt;&amp;lt;/spatial&amp;gt;
    &amp;lt;schema&amp;gt;&amp;lt;/schema&amp;gt;
  &amp;lt;/cz.opendata.unifiedviews.dpus.datasetMetadata.DatasetMetadataConfig__V1&amp;gt;
&amp;lt;/object-stream&amp;gt;&lt;/string&gt;
      &lt;/entry&gt;
    &lt;/configurations&gt;
  &lt;/MasterConfigObject&gt;
&lt;/object-stream&gt;</rawConf>
              <useDPUDescription>false</useDPUDescription>
            </template>
            <useDPUDescription>false</useDPUDescription>
            <useTemplateConfig>false</useTemplateConfig>
          </dpuInstance>
          <graph reference="../../../.."/>
          <position>
            <x>534</x>
            <y>257</y>
          </position>
        </from>
        <graph reference="../../.."/>
        <script>metadata -&gt; datasetMetadata;</script>
        <to>
          <dpuInstance>
            <description></description>
            <menuName>E-DistributionMetadata</menuName>
            <name>E-DistributionMetadata</name>
            <rawConf>&lt;object-stream&gt;
  &lt;MasterConfigObject&gt;
    &lt;configurations&gt;
      &lt;entry&gt;
        &lt;string&gt;dpu_config&lt;/string&gt;
        &lt;string&gt;&amp;lt;object-stream&amp;gt;
  &amp;lt;cz.opendata.unifiedviews.dpus.distributionMetadata.DistributionMetadataConfig__V1&amp;gt;
    &amp;lt;datasetURI&amp;gt;&amp;lt;/datasetURI&amp;gt;
    &amp;lt;distributionURI&amp;gt;&amp;lt;/distributionURI&amp;gt;
    &amp;lt;useDatasetURIfromInput&amp;gt;true&amp;lt;/useDatasetURIfromInput&amp;gt;
    &amp;lt;language__orig&amp;gt;&amp;lt;/language__orig&amp;gt;
    &amp;lt;title__orig&amp;gt;&amp;lt;/title__orig&amp;gt;
    &amp;lt;title__en&amp;gt;&amp;lt;/title__en&amp;gt;
    &amp;lt;desc__orig&amp;gt;&amp;lt;/desc__orig&amp;gt;
    &amp;lt;desc__en&amp;gt;&amp;lt;/desc__en&amp;gt;
    &amp;lt;license&amp;gt;&amp;lt;/license&amp;gt;
    &amp;lt;sparqlEndpointUrl&amp;gt;http://obeu.vse.cz:8890/sparql&amp;lt;/sparqlEndpointUrl&amp;gt;
    &amp;lt;mediaType&amp;gt;text/turtle&amp;lt;/mediaType&amp;gt;
    &amp;lt;downloadURL&amp;gt;http://obeu.vse.cz/dump/eu_budget_2014_nomenclature.ttl&amp;lt;/downloadURL&amp;gt;
    &amp;lt;accessURL&amp;gt;&amp;lt;/accessURL&amp;gt;
    &amp;lt;exampleResources class=&amp;quot;linked-list&amp;quot;/&amp;gt;
    &amp;lt;useNow&amp;gt;true&amp;lt;/useNow&amp;gt;
    &amp;lt;modified&amp;gt;2015-10-01 13:05:01.575 UTC&amp;lt;/modified&amp;gt;
    &amp;lt;issued&amp;gt;2015-10-01 13:05:01.575 UTC&amp;lt;/issued&amp;gt;
    &amp;lt;titleFromDataset&amp;gt;true&amp;lt;/titleFromDataset&amp;gt;
    &amp;lt;generateDistroURIFromDataset&amp;gt;true&amp;lt;/generateDistroURIFromDataset&amp;gt;
    &amp;lt;originalLanguageFromDataset&amp;gt;true&amp;lt;/originalLanguageFromDataset&amp;gt;
    &amp;lt;issuedFromDataset&amp;gt;true&amp;lt;/issuedFromDataset&amp;gt;
    &amp;lt;descriptionFromDataset&amp;gt;true&amp;lt;/descriptionFromDataset&amp;gt;
    &amp;lt;licenseFromDataset&amp;gt;true&amp;lt;/licenseFromDataset&amp;gt;
    &amp;lt;schemaFromDataset&amp;gt;true&amp;lt;/schemaFromDataset&amp;gt;
    &amp;lt;useTemporal&amp;gt;true&amp;lt;/useTemporal&amp;gt;
    &amp;lt;useNowTemporalEnd&amp;gt;false&amp;lt;/useNowTemporalEnd&amp;gt;
    &amp;lt;temporalFromDataset&amp;gt;true&amp;lt;/temporalFromDataset&amp;gt;
    &amp;lt;temporalEnd&amp;gt;2015-10-01 13:05:01.575 UTC&amp;lt;/temporalEnd&amp;gt;
    &amp;lt;temporalStart&amp;gt;2015-10-01 13:05:01.575 UTC&amp;lt;/temporalStart&amp;gt;
    &amp;lt;schema&amp;gt;&amp;lt;/schema&amp;gt;
    &amp;lt;schemaType&amp;gt;text/turtle&amp;lt;/schemaType&amp;gt;
  &amp;lt;/cz.opendata.unifiedviews.dpus.distributionMetadata.DistributionMetadataConfig__V1&amp;gt;
&amp;lt;/object-stream&amp;gt;&lt;/string&gt;
      &lt;/entry&gt;
      &lt;entry&gt;
        &lt;string&gt;addon/faultToleranceWrap&lt;/string&gt;
        &lt;string&gt;&amp;lt;object-stream&amp;gt;
  &amp;lt;eu.unifiedviews.helpers.dpu.extension.faulttolerance.FaultTolerance_-Configuration__V1&amp;gt;
    &amp;lt;enabled&amp;gt;true&amp;lt;/enabled&amp;gt;
    &amp;lt;exceptionNames class=&amp;quot;linked-list&amp;quot;/&amp;gt;
    &amp;lt;maxRetryCount&amp;gt;-1&amp;lt;/maxRetryCount&amp;gt;
  &amp;lt;/eu.unifiedviews.helpers.dpu.extension.faulttolerance.FaultTolerance_-Configuration__V1&amp;gt;
&amp;lt;/object-stream&amp;gt;&lt;/string&gt;
      &lt;/entry&gt;
    &lt;/configurations&gt;
  &lt;/MasterConfigObject&gt;
&lt;/object-stream&gt;</rawConf>
            <template>
              <description></description>
              <jarName>E-DistributionMetadata-2.2.1.jar</jarName>
              <menuName>E-DistributionMetadata</menuName>
              <name>E-DistributionMetadata</name>
              <rawConf>&lt;object-stream&gt;
  &lt;MasterConfigObject&gt;
    &lt;configurations&gt;
      &lt;entry&gt;
        &lt;string&gt;dpu_config&lt;/string&gt;
        &lt;string&gt;&amp;lt;object-stream&amp;gt;
  &amp;lt;cz.opendata.unifiedviews.dpus.distributionMetadata.DistributionMetadataConfig__V1&amp;gt;
    &amp;lt;datasetURI&amp;gt;&amp;lt;/datasetURI&amp;gt;
    &amp;lt;distributionURI&amp;gt;&amp;lt;/distributionURI&amp;gt;
    &amp;lt;useDatasetURIfromInput&amp;gt;true&amp;lt;/useDatasetURIfromInput&amp;gt;
    &amp;lt;language__orig&amp;gt;&amp;lt;/language__orig&amp;gt;
    &amp;lt;title__orig&amp;gt;&amp;lt;/title__orig&amp;gt;
    &amp;lt;title__en&amp;gt;&amp;lt;/title__en&amp;gt;
    &amp;lt;desc__orig&amp;gt;&amp;lt;/desc__orig&amp;gt;
    &amp;lt;desc__en&amp;gt;&amp;lt;/desc__en&amp;gt;
    &amp;lt;license&amp;gt;&amp;lt;/license&amp;gt;
    &amp;lt;sparqlEndpointUrl&amp;gt;&amp;lt;/sparqlEndpointUrl&amp;gt;
    &amp;lt;mediaType&amp;gt;&amp;lt;/mediaType&amp;gt;
    &amp;lt;downloadURL&amp;gt;&amp;lt;/downloadURL&amp;gt;
    &amp;lt;accessURL&amp;gt;&amp;lt;/accessURL&amp;gt;
    &amp;lt;exampleResources class=&amp;quot;linked-list&amp;quot;/&amp;gt;
    &amp;lt;useNow&amp;gt;true&amp;lt;/useNow&amp;gt;
    &amp;lt;modified&amp;gt;2015-10-01 13:05:01.575 UTC&amp;lt;/modified&amp;gt;
    &amp;lt;issued&amp;gt;2015-10-01 13:05:01.575 UTC&amp;lt;/issued&amp;gt;
    &amp;lt;titleFromDataset&amp;gt;true&amp;lt;/titleFromDataset&amp;gt;
    &amp;lt;generateDistroURIFromDataset&amp;gt;true&amp;lt;/generateDistroURIFromDataset&amp;gt;
    &amp;lt;originalLanguageFromDataset&amp;gt;true&amp;lt;/originalLanguageFromDataset&amp;gt;
    &amp;lt;issuedFromDataset&amp;gt;true&amp;lt;/issuedFromDataset&amp;gt;
    &amp;lt;descriptionFromDataset&amp;gt;true&amp;lt;/descriptionFromDataset&amp;gt;
    &amp;lt;licenseFromDataset&amp;gt;true&amp;lt;/licenseFromDataset&amp;gt;
    &amp;lt;schemaFromDataset&amp;gt;true&amp;lt;/schemaFromDataset&amp;gt;
    &amp;lt;useTemporal&amp;gt;true&amp;lt;/useTemporal&amp;gt;
    &amp;lt;useNowTemporalEnd&amp;gt;false&amp;lt;/useNowTemporalEnd&amp;gt;
    &amp;lt;temporalFromDataset&amp;gt;true&amp;lt;/temporalFromDataset&amp;gt;
    &amp;lt;temporalEnd&amp;gt;2015-10-01 13:05:01.575 UTC&amp;lt;/temporalEnd&amp;gt;
    &amp;lt;temporalStart&amp;gt;2015-10-01 13:05:01.575 UTC&amp;lt;/temporalStart&amp;gt;
    &amp;lt;schema&amp;gt;&amp;lt;/schema&amp;gt;
    &amp;lt;schemaType&amp;gt;&amp;lt;/schemaType&amp;gt;
  &amp;lt;/cz.opendata.unifiedviews.dpus.distributionMetadata.DistributionMetadataConfig__V1&amp;gt;
&amp;lt;/object-stream&amp;gt;&lt;/string&gt;
      &lt;/entry&gt;
    &lt;/configurations&gt;
  &lt;/MasterConfigObject&gt;
&lt;/object-stream&gt;</rawConf>
              <useDPUDescription>false</useDPUDescription>
            </template>
            <useDPUDescription>false</useDPUDescription>
            <useTemplateConfig>false</useTemplateConfig>
          </dpuInstance>
          <graph reference="../../../.."/>
          <position>
            <x>535</x>
            <y>340</y>
          </position>
        </to>
      </cz.cuni.mff.xrg.odcs.commons.app.pipeline.graph.Edge>
      <cz.cuni.mff.xrg.odcs.commons.app.pipeline.graph.Edge>
        <from reference="../../cz.cuni.mff.xrg.odcs.commons.app.pipeline.graph.Edge[12]/from"/>
        <graph reference="../../.."/>
        <script>metadata -&gt; input;</script>
        <to reference="../../cz.cuni.mff.xrg.odcs.commons.app.pipeline.graph.Edge[5]/from"/>
      </cz.cuni.mff.xrg.odcs.commons.app.pipeline.graph.Edge>
      <cz.cuni.mff.xrg.odcs.commons.app.pipeline.graph.Edge>
        <from reference="../../cz.cuni.mff.xrg.odcs.commons.app.pipeline.graph.Edge[12]/to"/>
        <graph reference="../../.."/>
        <script>metadata -&gt; input;</script>
        <to reference="../../cz.cuni.mff.xrg.odcs.commons.app.pipeline.graph.Edge[5]/from"/>
      </cz.cuni.mff.xrg.odcs.commons.app.pipeline.graph.Edge>
      <cz.cuni.mff.xrg.odcs.commons.app.pipeline.graph.Edge>
        <from reference="../../cz.cuni.mff.xrg.odcs.commons.app.pipeline.graph.Edge[10]/to"/>
        <graph reference="../../.."/>
        <script>output -&gt; input;</script>
        <to reference="../../cz.cuni.mff.xrg.odcs.commons.app.pipeline.graph.Edge[11]/from"/>
      </cz.cuni.mff.xrg.odcs.commons.app.pipeline.graph.Edge>
      <cz.cuni.mff.xrg.odcs.commons.app.pipeline.graph.Edge>
        <from reference="../../cz.cuni.mff.xrg.odcs.commons.app.pipeline.graph.Edge[5]/from"/>
        <graph reference="../../.."/>
        <script>output -&gt; metadata;</script>
        <to>
          <dpuInstance>
            <description></description>
            <menuName>L-CKANOdcz</menuName>
            <name>L-CKANOdcz</name>
            <rawConf>&lt;object-stream&gt;
  &lt;MasterConfigObject&gt;
    &lt;configurations&gt;
      &lt;entry&gt;
        &lt;string&gt;dpu_config&lt;/string&gt;
        &lt;string&gt;&amp;lt;object-stream&amp;gt;
  &amp;lt;cz.opendata.unifiedviews.dpus.ckan.CKANLoaderConfig__V3&amp;gt;
    &amp;lt;apiUri&amp;gt;http://obeu.vse.cz/api/3/action&amp;lt;/apiUri&amp;gt;
    &amp;lt;apiKey&amp;gt;d2413b79-f04e-4fdf-bce7-e621c1492236&amp;lt;/apiKey&amp;gt;
    &amp;lt;loadToCKAN&amp;gt;true&amp;lt;/loadToCKAN&amp;gt;
    &amp;lt;datasetID&amp;gt;eu-budget-2014-nomenclature&amp;lt;/datasetID&amp;gt;
    &amp;lt;filename&amp;gt;ckan-api.json&amp;lt;/filename&amp;gt;
    &amp;lt;orgID&amp;gt;&amp;lt;/orgID&amp;gt;
    &amp;lt;loadLanguage&amp;gt;en&amp;lt;/loadLanguage&amp;gt;
    &amp;lt;generateVirtuosoTurtleExampleResource&amp;gt;true&amp;lt;/generateVirtuosoTurtleExampleResource&amp;gt;
    &amp;lt;generateExampleResource&amp;gt;true&amp;lt;/generateExampleResource&amp;gt;
    &amp;lt;overwrite&amp;gt;true&amp;lt;/overwrite&amp;gt;
  &amp;lt;/cz.opendata.unifiedviews.dpus.ckan.CKANLoaderConfig__V3&amp;gt;
&amp;lt;/object-stream&amp;gt;&lt;/string&gt;
      &lt;/entry&gt;
      &lt;entry&gt;
        &lt;string&gt;addon/faultToleranceWrap&lt;/string&gt;
        &lt;string&gt;&amp;lt;object-stream&amp;gt;
  &amp;lt;eu.unifiedviews.helpers.dpu.extension.faulttolerance.FaultTolerance_-Configuration__V1&amp;gt;
    &amp;lt;enabled&amp;gt;true&amp;lt;/enabled&amp;gt;
    &amp;lt;exceptionNames class=&amp;quot;linked-list&amp;quot;/&amp;gt;
    &amp;lt;maxRetryCount&amp;gt;-1&amp;lt;/maxRetryCount&amp;gt;
  &amp;lt;/eu.unifiedviews.helpers.dpu.extension.faulttolerance.FaultTolerance_-Configuration__V1&amp;gt;
&amp;lt;/object-stream&amp;gt;&lt;/string&gt;
      &lt;/entry&gt;
    &lt;/configurations&gt;
  &lt;/MasterConfigObject&gt;
&lt;/object-stream&gt;</rawConf>
            <template>
              <description></description>
              <jarName>L-CKANOdcz-3.3.0.jar</jarName>
              <menuName>L-CKANOdcz</menuName>
              <name>L-CKANOdcz</name>
              <rawConf>&lt;object-stream&gt;
  &lt;MasterConfigObject&gt;
    &lt;configurations&gt;
      &lt;entry&gt;
        &lt;string&gt;dpu_config&lt;/string&gt;
        &lt;string&gt;&amp;lt;object-stream&amp;gt;
  &amp;lt;cz.opendata.unifiedviews.dpus.ckan.CKANLoaderConfig__V3&amp;gt;
    &amp;lt;apiUri&amp;gt;http://ckan.opendata.cz/api/3/action&amp;lt;/apiUri&amp;gt;
    &amp;lt;apiKey&amp;gt;&amp;lt;/apiKey&amp;gt;
    &amp;lt;loadToCKAN&amp;gt;true&amp;lt;/loadToCKAN&amp;gt;
    &amp;lt;datasetID&amp;gt;&amp;lt;/datasetID&amp;gt;
    &amp;lt;filename&amp;gt;ckan-api.json&amp;lt;/filename&amp;gt;
    &amp;lt;orgID&amp;gt;d2664e4e-25ba-4dcc-a842-dcc5f2d2f326&amp;lt;/orgID&amp;gt;
    &amp;lt;loadLanguage&amp;gt;cs&amp;lt;/loadLanguage&amp;gt;
    &amp;lt;generateVirtuosoTurtleExampleResource&amp;gt;true&amp;lt;/generateVirtuosoTurtleExampleResource&amp;gt;
    &amp;lt;generateExampleResource&amp;gt;true&amp;lt;/generateExampleResource&amp;gt;
    &amp;lt;overwrite&amp;gt;false&amp;lt;/overwrite&amp;gt;
  &amp;lt;/cz.opendata.unifiedviews.dpus.ckan.CKANLoaderConfig__V3&amp;gt;
&amp;lt;/object-stream&amp;gt;&lt;/string&gt;
      &lt;/entry&gt;
    &lt;/configurations&gt;
  &lt;/MasterConfigObject&gt;
&lt;/object-stream&gt;</rawConf>
              <useDPUDescription>false</useDPUDescription>
            </template>
            <useDPUDescription>false</useDPUDescription>
            <useTemplateConfig>false</useTemplateConfig>
          </dpuInstance>
          <graph reference="../../../.."/>
          <position>
            <x>370</x>
            <y>419</y>
          </position>
        </to>
      </cz.cuni.mff.xrg.odcs.commons.app.pipeline.graph.Edge>
    </edges>
    <nodes>
      <cz.cuni.mff.xrg.odcs.commons.app.pipeline.graph.Node reference="../../edges/cz.cuni.mff.xrg.odcs.commons.app.pipeline.graph.Edge[9]/to"/>
      <cz.cuni.mff.xrg.odcs.commons.app.pipeline.graph.Node reference="../../edges/cz.cuni.mff.xrg.odcs.commons.app.pipeline.graph.Edge[10]/to"/>
      <cz.cuni.mff.xrg.odcs.commons.app.pipeline.graph.Node reference="../../edges/cz.cuni.mff.xrg.odcs.commons.app.pipeline.graph.Edge[11]/from"/>
      <cz.cuni.mff.xrg.odcs.commons.app.pipeline.graph.Node reference="../../edges/cz.cuni.mff.xrg.odcs.commons.app.pipeline.graph.Edge[5]/from"/>
      <cz.cuni.mff.xrg.odcs.commons.app.pipeline.graph.Node reference="../../edges/cz.cuni.mff.xrg.odcs.commons.app.pipeline.graph.Edge[12]/from"/>
      <cz.cuni.mff.xrg.odcs.commons.app.pipeline.graph.Node reference="../../edges/cz.cuni.mff.xrg.odcs.commons.app.pipeline.graph.Edge[12]/to"/>
      <cz.cuni.mff.xrg.odcs.commons.app.pipeline.graph.Node reference="../../edges/cz.cuni.mff.xrg.odcs.commons.app.pipeline.graph.Edge[16]/to"/>
      <cz.cuni.mff.xrg.odcs.commons.app.pipeline.graph.Node reference="../../edges/cz.cuni.mff.xrg.odcs.commons.app.pipeline.graph.Edge[2]/to"/>
      <cz.cuni.mff.xrg.odcs.commons.app.pipeline.graph.Node reference="../../edges/cz.cuni.mff.xrg.odcs.commons.app.pipeline.graph.Edge/to"/>
      <cz.cuni.mff.xrg.odcs.commons.app.pipeline.graph.Node reference="../../edges/cz.cuni.mff.xrg.odcs.commons.app.pipeline.graph.Edge/from"/>
      <cz.cuni.mff.xrg.odcs.commons.app.pipeline.graph.Node reference="../../edges/cz.cuni.mff.xrg.odcs.commons.app.pipeline.graph.Edge[3]/to"/>
      <cz.cuni.mff.xrg.odcs.commons.app.pipeline.graph.Node reference="../../edges/cz.cuni.mff.xrg.odcs.commons.app.pipeline.graph.Edge[5]/to"/>
      <cz.cuni.mff.xrg.odcs.commons.app.pipeline.graph.Node reference="../../edges/cz.cuni.mff.xrg.odcs.commons.app.pipeline.graph.Edge[4]/to"/>
      <cz.cuni.mff.xrg.odcs.commons.app.pipeline.graph.Node reference="../../edges/cz.cuni.mff.xrg.odcs.commons.app.pipeline.graph.Edge[4]/from"/>
      <cz.cuni.mff.xrg.odcs.commons.app.pipeline.graph.Node reference="../../edges/cz.cuni.mff.xrg.odcs.commons.app.pipeline.graph.Edge[6]/to"/>
      <cz.cuni.mff.xrg.odcs.commons.app.pipeline.graph.Node reference="../../edges/cz.cuni.mff.xrg.odcs.commons.app.pipeline.graph.Edge[8]/to"/>
    </nodes>
    <pipeline reference="../.."/>
  </graph>
  <lastChange>2016-01-18 07:35:18.0 UTC</lastChange>
  <name>EU budget 2014: Nomenclature</name>
  <shareType>PRIVATE</shareType>
</cz.cuni.mff.xrg.odcs.commons.app.pipeline.Pipeline>