<dpus>
  <dpu>
    <dpuName>E-DatasetMetadata</dpuName>
    <jarName>E-DatasetMetadata-2.0.4.jar</jarName>
    <version>2.0.4</version>
  </dpu>
  <dpu>
    <dpuName>E-DistributionMetadata</dpuName>
    <jarName>E-DistributionMetadata-2.2.1.jar</jarName>
    <version>2.2.1</version>
  </dpu>
  <dpu>
    <dpuName>L-CKANOdcz</dpuName>
    <jarName>L-CKANOdcz-3.3.0.jar</jarName>
    <version>3.3.0</version>
  </dpu>
  <dpu>
    <dpuName>uv-e-filesDownload</dpuName>
    <jarName>uv-e-filesDownload-2.1.5.jar</jarName>
    <version>2.1.5</version>
  </dpu>
  <dpu>
    <dpuName>uv-l-filesUpload</dpuName>
    <jarName>uv-l-filesUpload-1.0.1-SNAPSHOT.jar</jarName>
    <version>1.0.1-SNAPSHOT</version>
  </dpu>
  <dpu>
    <dpuName>uv-l-rdfToVirtuoso</dpuName>
    <jarName>uv-l-rdfToVirtuoso-1.0.3.jar</jarName>
    <version>1.0.3</version>
  </dpu>
  <dpu>
    <dpuName>uv-t-filesFilter</dpuName>
    <jarName>uv-t-filesFilter-2.1.4-SNAPSHOT.jar</jarName>
    <version>2.1.4-SNAPSHOT</version>
  </dpu>
  <dpu>
    <dpuName>uv-t-filesToRdf</dpuName>
    <jarName>uv-t-filesToRdf-1.6.1-SNAPSHOT.jar</jarName>
    <version>1.6.1-SNAPSHOT</version>
  </dpu>
  <dpu>
    <dpuName>uv-t-rdfGraphMerger</dpuName>
    <jarName>uv-t-rdfGraphMerger-1.0.1.jar</jarName>
    <version>1.0.1</version>
  </dpu>
  <dpu>
    <dpuName>uv-t-rdfToFiles</dpuName>
    <jarName>uv-t-rdfToFiles-2.2.0-SNAPSHOT.jar</jarName>
    <version>2.2.0-SNAPSHOT</version>
  </dpu>
  <dpu>
    <dpuName>uv-t-sparqlUpdate</dpuName>
    <jarName>uv-t-sparqlUpdate-2.0.4-SNAPSHOT.jar</jarName>
    <version>2.0.4-SNAPSHOT</version>
  </dpu>
  <dpu>
    <dpuName>uv-t-unzipper</dpuName>
    <jarName>uv-t-unzipper-2.1.2-SNAPSHOT.jar</jarName>
    <version>2.1.2-SNAPSHOT</version>
  </dpu>
  <dpu>
    <dpuName>uv-t-xslt</dpuName>
    <jarName>uv-t-xslt-2.2.3.jar</jarName>
    <version>2.2.3</version>
  </dpu>
</dpus>